question,query,some_tables_in_query,only_relevant_tables,no_relevant_tables,founded_tables,method
Wie hoch ist die Gesamtzahl der Sängerinnen und Sänger?,SELECT count(*) FROM singer,True,False,False,['singer'],cross-encoder
"Zeigen Sie Name, Land, Alter für alle Sängerinnen und Sänger, geordnet nach Alter vom ältesten bis zum jüngsten.","SELECT name ,  country ,  age FROM singer ORDER BY age DESC",True,False,False,"['country', 'singer']",cross-encoder
"Wie lauten die Namen, Länder und das Alter aller Sängerinnen und Sänger in absteigender Reihenfolge des Alters?","SELECT name ,  country ,  age FROM singer ORDER BY age DESC",True,False,False,"['countries', 'singer']",cross-encoder
"Was ist das Durchschnitts-, Mindest- und Höchstalter aller Sängerinnen und Sänger aus Frankreich?","SELECT avg(age) ,  min(age) ,  max(age) FROM singer WHERE country  =  'France'",True,False,False,['singer'],cross-encoder
"Was ist das Durchschnitts-, Mindest- und Höchstalter für alle französischen Sängerinnen und Sänger?","SELECT avg(age) ,  min(age) ,  max(age) FROM singer WHERE country  =  'France'",True,False,False,['singer'],cross-encoder
Zeigen Sie den Namen und das Erscheinungsjahr des Liedes der jüngsten Sängerin oder des jüngsten Sängers an.,"SELECT song_name ,  song_release_year FROM singer ORDER BY age LIMIT 1",True,False,False,['singer'],cross-encoder
Wie lauten die Namen und Erscheinungsjahre aller Lieder der jüngsten Sängerin oder des jüngsten Sängers?,"SELECT song_name ,  song_release_year FROM singer ORDER BY age LIMIT 1",False,False,False,['Songs'],cross-encoder
Aus welchen verschiedenen Ländern kommen die Sängerinnen und Sänger über 20 Jahren?,SELECT DISTINCT country FROM singer WHERE age  >  20,True,False,False,['singer'],cross-encoder
Was sind die verschiedenen Länder mit Sängerinnen und Sängern über 20 Jahren?,SELECT DISTINCT country FROM singer WHERE age  >  20,False,False,False,['countries'],cross-encoder
Zeigen Sie alle Länder und die Anzahl der Sängerinnen und Sänger in jedem Land an.,"SELECT country ,  count(*) FROM singer GROUP BY country",True,False,False,"['countries', 'singer', 'country']",cross-encoder
Wie viele Sängerinnen und Sänger kommen aus jedem Land?,"SELECT country ,  count(*) FROM singer GROUP BY country",True,False,False,"['singer', 'country']",cross-encoder
Liste der Namen aller Lieder von Sängerinnen und Sängern über dem Durchschnittsalter.,SELECT song_name FROM singer WHERE age  >  (SELECT avg(age) FROM singer),False,False,False,"['list', 'Songs']",cross-encoder
"Wie lauten die Namen aller Lieder von Sängerinnen und Sängern, die älter als der Durchschnitt sind?",SELECT song_name FROM singer WHERE age  >  (SELECT avg(age) FROM singer),False,False,False,['Songs'],cross-encoder
Zeigen Sie Standort und Namen aller Stadien mit einer Kapazität zwischen 5000 und 10000 an.,"SELECT LOCATION ,  name FROM stadium WHERE capacity BETWEEN 5000 AND 10000",True,False,False,"['Locations', 'LOCATION']",cross-encoder
Wie lauten die Standorte und Namen aller Stationen mit einer Kapazität zwischen 5000 und 10000?,"SELECT LOCATION ,  name FROM stadium WHERE capacity BETWEEN 5000 AND 10000",True,False,False,"['Locations', 'LOCATION']",cross-encoder
Wie lautet der Name und die Kapazität des Stadions mit der höchsten durchschnittlichen Besucherzahl?,"SELECT name ,  capacity FROM stadium ORDER BY average DESC LIMIT 1",True,False,False,['stadium'],cross-encoder
Wie lautet der Name und die Kapazität des Stadions mit der höchsten durchschnittlichen Besucherzahl?,"SELECT name ,  capacity FROM stadium ORDER BY average DESC LIMIT 1",True,False,False,['stadium'],cross-encoder
Wie viele Konzerte gibt es im Jahr 2014 oder 2015?,SELECT count(*) FROM concert WHERE YEAR  =  2014 OR YEAR  =  2015,True,False,False,['concert'],cross-encoder
Wie viele Konzerte aufgetreten 2014 oder 2015?,SELECT count(*) FROM concert WHERE YEAR  =  2014 OR YEAR  =  2015,True,False,False,['concert'],cross-encoder
Zeigen Sie den Stadionnamen und die Anzahl der Konzerte in jedem Stadion an.,"SELECT T2.name ,  count(*) FROM concert AS T1 JOIN stadium AS T2 ON T1.stadium_id  =  T2.stadium_id GROUP BY T1.stadium_id",True,False,False,"['concert', 'stadium']",cross-encoder
Wie viele Konzerte gibt es für jedes Stadion?,"SELECT T2.name ,  count(*) FROM concert AS T1 JOIN stadium AS T2 ON T1.stadium_id  =  T2.stadium_id GROUP BY T1.stadium_id",True,False,False,"['concert', 'stadium']",cross-encoder
Zeigen Sie den Namen und die Kapazität des Stadions mit den meisten Konzerten im Jahr 2014 oder danach.,"SELECT T2.name ,  T2.capacity FROM concert AS T1 JOIN stadium AS T2 ON T1.stadium_id  =  T2.stadium_id WHERE T1.year  >=  2014 GROUP BY T2.stadium_id ORDER BY count(*) DESC LIMIT 1",True,False,False,"['stadium', 'concert']",cross-encoder
Wie heißt das Stadion mit den meisten Konzerten nach 2013?,"select t2.name ,  t2.capacity from concert as t1 join stadium as t2 on t1.stadium_id  =  t2.stadium_id where t1.year  >  2013 group by t2.stadium_id order by count(*) desc limit 1",True,False,False,"['stadium', 'concert']",cross-encoder
In welchem Jahr gibt es die meisten Konzerte?,SELECT YEAR FROM concert GROUP BY YEAR ORDER BY count(*) DESC LIMIT 1,True,False,False,['concert'],cross-encoder
"Was ist das Jahr, das die meisten Konzerte hat?",SELECT YEAR FROM concert GROUP BY YEAR ORDER BY count(*) DESC LIMIT 1,True,False,False,['concert'],cross-encoder
Zeigen die Stadionnamen ohne Konzert.,SELECT name FROM stadium WHERE stadium_id NOT IN (SELECT stadium_id FROM concert),True,False,False,['concert'],cross-encoder
Wie heißen die Stadien ohne Konzerte?,SELECT name FROM stadium WHERE stadium_id NOT IN (SELECT stadium_id FROM concert),True,False,False,['concert'],cross-encoder
"Zeigen Sie Länder, aus denen eine Sängerin oder ein Sänger über 40 und eine Sängerin oder ein Sänger unter 30 stammen.",SELECT country FROM singer WHERE age  >  40 INTERSECT SELECT country FROM singer WHERE age  <  30,True,False,False,"['countries', 'singer', 'singer']",cross-encoder
"Zeige Namen für alle Stadien mit Ausnahme von Stadien, die im Jahr 2014 ein Konzert haben.",SELECT name FROM stadium EXCEPT SELECT T2.name FROM concert AS T1 JOIN stadium AS T2 ON T1.stadium_id  =  T2.stadium_id WHERE T1.year  =  2014,True,False,False,['concert'],cross-encoder
"Wie heißen alle Stadien, die 2014 kein Konzert hatten?",SELECT name FROM stadium EXCEPT SELECT T2.name FROM concert AS T1 JOIN stadium AS T2 ON T1.stadium_id  =  T2.stadium_id WHERE T1.year  =  2014,True,False,False,['concert'],cross-encoder
Zeigen Sie den Namen und das Thema aller Konzerte sowie die Anzahl der Sängerinnen und Sänger in jedem Konzert an.,"SELECT T2.concert_name ,  T2.theme ,  count(*) FROM singer_in_concert AS T1 JOIN concert AS T2 ON T1.concert_id  =  T2.concert_id GROUP BY T2.concert_id",True,False,False,"['concert', 'singer', 'concert']",cross-encoder
"Wie lauten die Namen, Themen und die Anzahl der Sängerinnen und Sänger für jedes Konzert?","select t2.concert_name ,  t2.theme ,  count(*) from singer_in_concert as t1 join concert as t2 on t1.concert_id  =  t2.concert_id group by t2.concert_id",True,False,False,"['singer', 'concert']",cross-encoder
Listen Sie die Namen von Sängerinnen und Sängern und die Anzahl der Konzerte für jede Sängerin und jeden Sänger auf.,"SELECT T2.name ,  count(*) FROM singer_in_concert AS T1 JOIN singer AS T2 ON T1.singer_id  =  T2.singer_id GROUP BY T2.singer_id",True,False,False,"['concert', 'singer']",cross-encoder
Wie lauten die Namen der Sängerin/des Sängers und die Anzahl der Konzerte für jede Person?,"SELECT T2.name ,  count(*) FROM singer_in_concert AS T1 JOIN singer AS T2 ON T1.singer_id  =  T2.singer_id GROUP BY T2.singer_id",True,False,False,"['singer', 'concert']",cross-encoder
Listen Sie alle Sängernamen in Konzerten im Jahr 2014 auf.,SELECT T2.name FROM singer_in_concert AS T1 JOIN singer AS T2 ON T1.singer_id  =  T2.singer_id JOIN concert AS T3 ON T1.concert_id  =  T3.concert_id WHERE T3.year  =  2014,True,False,False,['concert'],cross-encoder
"Wie lauten die Namen der Sängerinnen und Sänger, die 2014 in einem Konzert aufgetreten sind?",SELECT T2.name FROM singer_in_concert AS T1 JOIN singer AS T2 ON T1.singer_id  =  T2.singer_id JOIN concert AS T3 ON T1.concert_id  =  T3.concert_id WHERE T3.year  =  2014,True,False,False,"['singer', 'concert']",cross-encoder
"Wie lautet der Name und die Nation des Sängers, der ein Lied mit ""Hey"" im Namen hat?","SELECT name ,  country FROM singer WHERE song_name LIKE '%Hey%'",True,False,False,['song'],cross-encoder
"Wie lautet der Name und die Nation des/der Sänger/in, der/die ein Lied mit ""Hey"" im Namen hat?","SELECT name ,  country FROM singer WHERE song_name LIKE '%Hey%'",True,False,False,['song'],cross-encoder
"Finden Sie die Namen und die Standorte der Stadien, in denen einige Konzerte in den Jahren 2014 und 2015 stattfanden.","SELECT T2.name ,  T2.location FROM concert AS T1 JOIN stadium AS T2 ON T1.stadium_id  =  T2.stadium_id WHERE T1.Year  =  2014 INTERSECT SELECT T2.name ,  T2.location FROM concert AS T1 JOIN stadium AS T2 ON T1.stadium_id  =  T2.stadium_id WHERE T1.Year  =  2015",True,False,False,"['Locations', 'LOCATION', 'concert']",cross-encoder
"Wie lauten die Namen und Standorte der Stadien, in denen sowohl 2014 als auch 2015 Konzerte stattfanden?","SELECT T2.name ,  T2.location FROM concert AS T1 JOIN stadium AS T2 ON T1.stadium_id  =  T2.stadium_id WHERE T1.Year  =  2014 INTERSECT SELECT T2.name ,  T2.location FROM concert AS T1 JOIN stadium AS T2 ON T1.stadium_id  =  T2.stadium_id WHERE T1.Year  =  2015",True,False,False,"['Locations', 'LOCATION', 'concert']",cross-encoder
"Finden Sie die Anzahl der Konzerte, die in dem Stadion mit der höchsten Kapazität stattfanden.",select count(*) from concert where stadium_id = (select stadium_id from stadium order by capacity desc limit 1),True,False,False,"['concert', 'stadium']",cross-encoder
Wie viele Konzerte fanden in dem Stadion mit der größten Kapazität statt ?,select count(*) from concert where stadium_id = (select stadium_id from stadium order by capacity desc limit 1),True,False,False,"['concert', 'stadium']",cross-encoder
"Ermitteln Sie die Anzahl der Haustiere, deren Gewicht schwerer als 10 ist.",SELECT count(*) FROM pets WHERE weight  >  10,True,False,False,['Pets'],cross-encoder
Wie viele Haustiere haben ein größeres Gewicht als 10?,SELECT count(*) FROM pets WHERE weight  >  10,True,False,False,"['Pets', 'Sizes']",cross-encoder
"Finden Sie die Anzahl der Haustiere von Studenten, die älter als 20 Jahre sind.",SELECT count(*) FROM student AS T1 JOIN has_pet AS T2 ON T1.stuid  =  T2.stuid WHERE T1.age  >  20,False,False,False,"['Pets', 'Students']",cross-encoder
"Wie viele Haustiere besitzen Studenten, die älter als 20 Jahre sind?",SELECT count(*) FROM student AS T1 JOIN has_pet AS T2 ON T1.stuid  =  T2.stuid WHERE T1.age  >  20,False,False,False,"['Pets', 'Students']",cross-encoder
"Ermitteln Sie die Anzahl der Hunde, die von Studentinnen aufgezogen werden (mit Geschlecht W).",SELECT count(*) FROM student AS T1 JOIN has_pet AS T2 ON T1.stuid  =  T2.stuid JOIN pets AS T3 ON T2.petid  =  T3.petid WHERE T1.sex  =  'F' AND T3.pettype  =  'dog',False,False,False,"['Dogs', 'Students']",cross-encoder
Wie viele Haushunde werden von Studentinnen aufgezogen?,SELECT count(*) FROM student AS T1 JOIN has_pet AS T2 ON T1.stuid  =  T2.stuid JOIN pets AS T3 ON T2.petid  =  T3.petid WHERE T1.sex  =  'F' AND T3.pettype  =  'dog',False,False,False,['Students'],cross-encoder
Wie viele verschiedene Arten von Haustieren gibt es?,SELECT count(DISTINCT pettype) FROM pets,True,False,False,['Pets'],cross-encoder
"Finden Sie den Vornamen von Studierenden, die sowohl Katzen als auch Hunde als Haustiere haben.",select t1.fname from student as t1 join has_pet as t2 on t1.stuid  =  t2.stuid join pets as t3 on t3.petid  =  t2.petid where t3.pettype  =  'cat' intersect select t1.fname from student as t1 join has_pet as t2 on t1.stuid  =  t2.stuid join pets as t3 on t3.petid  =  t2.petid where t3.pettype  =  'dog',True,False,False,"['Dogs', 'Pets']",cross-encoder
"Wie lauten die Vornamen der Studierenden, die sowohl Katzen als auch Hunde als Haustiere haben?",SELECT T1.Fname FROM student AS T1 JOIN has_pet AS T2 ON T1.stuid  =  T2.stuid JOIN pets AS T3 ON T3.petid  =  T2.petid WHERE T3.pettype  =  'cat' INTERSECT SELECT T1.Fname FROM student AS T1 JOIN has_pet AS T2 ON T1.stuid  =  T2.stuid JOIN pets AS T3 ON T3.petid  =  T2.petid WHERE T3.pettype  =  'dog',True,False,False,"['Dogs', 'Pets']",cross-encoder
"Was sind die IDs der Studierenden, die keine Katzen als Haustiere besitzen?",SELECT stuid FROM student EXCEPT SELECT T1.stuid FROM student AS T1 JOIN has_pet AS T2 ON T1.stuid  =  T2.stuid JOIN pets AS T3 ON T3.petid  =  T2.petid WHERE T3.pettype  =  'cat',True,False,False,['Pets'],cross-encoder
"Ermitteln Sie die ID und das Gewicht aller Haustiere, die älter als 1 Jahr sind.","SELECT petid ,  weight FROM pets WHERE pet_age  >  1",True,False,False,['Pets'],cross-encoder
"Wie lauten die verschiedenen Vornamen und das Alter der Studierenden, die Haustiere haben?","SELECT DISTINCT T1.fname ,  T1.age FROM student AS T1 JOIN has_pet AS T2 ON T1.stuid  =  T2.stuid",False,False,False,['Pets'],cross-encoder
"Finden Sie den Ausweis des Haustieres des Studierenden, dessen Nachname ""Smith"" lautet.",SELECT T2.petid FROM student AS T1 JOIN has_pet AS T2 ON T1.stuid  =  T2.stuid WHERE T1.Lname  =  'Smith',False,False,False,['Pets'],cross-encoder
"Was ist die ID des Haustiers, das der Student mit dem Nachnamen ""Smith"" besitzt?",SELECT T2.petid FROM student AS T1 JOIN has_pet AS T2 ON T1.stuid  =  T2.stuid WHERE T1.Lname  =  'Smith',True,False,False,['Student'],cross-encoder
"Finden Sie die Anzahl der Haustiere für alle Studierenden, die ein Haustier und eine Student-ID haben.","SELECT count(*) ,  T1.stuid FROM student AS T1 JOIN has_pet AS T2 ON T1.stuid  =  T2.stuid GROUP BY T1.stuid",False,False,False,['Pets'],cross-encoder
"Für Studierende, die Haustiere haben , wie viele Haustiere hat jeder Studierende ? Geben Sie statt der Namen ihre IDs an.","select count(*) ,  t1.stuid from student as t1 join has_pet as t2 on t1.stuid  =  t2.stuid group by t1.stuid",False,False,False,"['Pets', 'Pets']",cross-encoder
"Wie hoch ist das Durchschnittsalter für alle Studierenden, die keine Haustiere besitzen?",select avg(age) from student where stuid not in (select stuid from has_pet),False,False,False,['Pets'],cross-encoder
Wie viele Kontinente gibt es?,SELECT count(*) FROM CONTINENTS;,True,False,False,['continents'],cross-encoder
Wie viele Kontinente gibt es?,SELECT count(*) FROM CONTINENTS;,True,False,False,['continents'],cross-encoder
"Wie viele Länder gibt es auf jedem Kontinent? Geben Sie die Kontinent-ID, den Namen des Kontinents und die Anzahl der Länder an.","SELECT T1.ContId ,  T1.Continent ,  count(*) FROM CONTINENTS AS T1 JOIN COUNTRIES AS T2 ON T1.ContId  =  T2.Continent GROUP BY T1.ContId;",True,False,False,"['countries', 'countries']",cross-encoder
"Geben Sie für jeden Kontinent seine ID, seinen Namen und die Anzahl seiner Länder an.","SELECT T1.ContId ,  T1.Continent ,  count(*) FROM CONTINENTS AS T1 JOIN COUNTRIES AS T2 ON T1.ContId  =  T2.Continent GROUP BY T1.ContId;",True,False,False,"['continents', 'countries']",cross-encoder
Wie viele Länder sind aufgelistet?,SELECT count(*) FROM COUNTRIES;,True,False,False,['countries'],cross-encoder
Wie viele Länder gibt es?,SELECT count(*) FROM COUNTRIES;,True,False,False,['countries'],cross-encoder
"Wie viele Modelle stellt jeder Autohersteller her? Geben Sie den vollständigen Namen, die ID und die Nummer des Herstellers an.","SELECT T1.FullName ,  T1.Id ,  count(*) FROM CAR_MAKERS AS T1 JOIN MODEL_LIST AS T2 ON T1.Id  =  T2.Maker GROUP BY T1.Id;",True,False,False,"['car_makers', 'manufacturer']",cross-encoder
Wie lautet der vollständige Name jedes Autoherstellers mit seiner ID und wie viele Modelle produziert er?,"SELECT T1.FullName ,  T1.Id ,  count(*) FROM CAR_MAKERS AS T1 JOIN MODEL_LIST AS T2 ON T1.Id  =  T2.Maker GROUP BY T1.Id;",True,False,False,['car_makers'],cross-encoder
"Finden Sie die Namen der Autohersteller, die im Jahr 1970 einige Autos hergestellt haben?",SELECT DISTINCT T1.Maker FROM CAR_MAKERS AS T1 JOIN MODEL_LIST AS T2 ON T1.Id  =  T2.Maker JOIN CAR_NAMES AS T3 ON T2.model  =  T3.model JOIN CARS_DATA AS T4 ON T3.MakeId  =  T4.id WHERE T4.year  =  '1970';,True,False,False,['car_makers'],cross-encoder
"Wie lauten die Namen der verschiedenen Autohersteller, die im Jahr 1970 ein Auto produziert haben?",SELECT DISTINCT T1.Maker FROM CAR_MAKERS AS T1 JOIN MODEL_LIST AS T2 ON T1.Id  =  T2.Maker JOIN CAR_NAMES AS T3 ON T2.model  =  T3.model JOIN CARS_DATA AS T4 ON T3.MakeId  =  T4.id WHERE T4.year  =  '1970';,True,False,False,['car_makers'],cross-encoder
"Welches ist der Autohersteller, das im frühesten Jahr produziert wurde, und welches Jahr war es?","SELECT T2.Make ,  T1.Year FROM CARS_DATA AS T1 JOIN CAR_NAMES AS T2 ON T1.Id  =  T2.MakeId WHERE T1.Year  =  (SELECT min(YEAR) FROM CARS_DATA);",False,False,False,['car_makers'],cross-encoder
Wie viele Autohersteller gibt es auf jedem Kontinent? Geben Sie den Namen des Kontinents und die Anzahl an.,"SELECT T1.Continent ,  count(*) FROM CONTINENTS AS T1 JOIN COUNTRIES AS T2 ON T1.ContId  =  T2.continent JOIN car_makers AS T3 ON T2.CountryId  =  T3.Country GROUP BY T1.Continent;",True,False,False,['car_makers'],cross-encoder
Wie lauten die Namen der einzelnen Kontinente und wie viele Autohersteller gibt es auf jedem Kontinent?,"SELECT T1.Continent ,  count(*) FROM CONTINENTS AS T1 JOIN COUNTRIES AS T2 ON T1.ContId  =  T2.continent JOIN car_makers AS T3 ON T2.CountryId  =  T3.Country GROUP BY T1.Continent;",True,False,False,"['continents', 'car_makers']",cross-encoder
In welchem der Länder gibt es die meisten Autohersteller? Führen Sie den Namen des Landes auf.,SELECT T2.CountryName FROM CAR_MAKERS AS T1 JOIN COUNTRIES AS T2 ON T1.Country  =  T2.CountryId GROUP BY T1.Country ORDER BY Count(*) DESC LIMIT 1;,True,False,False,"['countries', 'car_makers']",cross-encoder
Wie viele Automodelle werden von jedem Hersteller produziert? Geben Sie nur die Anzahl und den vollständigen Namen des Herstellers an.,"select count(*) ,  t2.fullname from model_list as t1 join car_makers as t2 on t1.maker  =  t2.id group by t2.id;",False,False,False,"['manufacturer', 'manufacturer']",cross-encoder
"Wie viele Automodelle werden von jedem Hersteller produziert, und wie lauten die ID und der vollständige Name jedes Herstellers?","SELECT Count(*) ,  T2.FullName ,  T2.id FROM MODEL_LIST AS T1 JOIN CAR_MAKERS AS T2 ON T1.Maker  =  T2.Id GROUP BY T2.id;",False,False,False,['manufacturer'],cross-encoder
Wie viele Autohersteller gibt es in Frankreich?,SELECT count(*) FROM CAR_MAKERS AS T1 JOIN COUNTRIES AS T2 ON T1.Country  =  T2.CountryId WHERE T2.CountryName  =  'france';,True,False,False,['car_makers'],cross-encoder
Wie hoch ist die Zahl der Autohersteller in Frankreich?,SELECT count(*) FROM CAR_MAKERS AS T1 JOIN COUNTRIES AS T2 ON T1.Country  =  T2.CountryId WHERE T2.CountryName  =  'france';,True,False,False,['car_makers'],cross-encoder
Welches sind alle Hersteller und Modelle?,"SELECT Maker ,  Model FROM MODEL_LIST;",False,False,False,['manufacturer'],cross-encoder
Welches sind die Hersteller und Modelle?,"SELECT Maker ,  Model FROM MODEL_LIST;",False,False,False,['manufacturer'],cross-encoder
In welchen Ländern gibt es mindestens einen Autohersteller? Name und ID der Liste.,"SELECT T1.CountryName ,  T1.CountryId FROM COUNTRIES AS T1 JOIN CAR_MAKERS AS T2 ON T1.CountryId  =  T2.Country GROUP BY T1.CountryId HAVING count(*)  >=  1;",True,False,False,"['car_makers', 'list']",cross-encoder
"Wie lauten die Namen und IDs aller Länder, in denen es mindestens einen Autohersteller gibt?","SELECT T1.CountryName ,  T1.CountryId FROM COUNTRIES AS T1 JOIN CAR_MAKERS AS T2 ON T1.CountryId  =  T2.Country GROUP BY T1.CountryId HAVING count(*)  >=  1;",True,False,False,"['countries', 'car_makers']",cross-encoder
Welche Länder in Europa haben mindestens 3 Autohersteller?,SELECT T1.CountryName FROM COUNTRIES AS T1 JOIN CONTINENTS AS T2 ON T1.Continent  =  T2.ContId JOIN CAR_MAKERS AS T3 ON T1.CountryId  =  T3.Country WHERE T2.Continent  =  'europe' GROUP BY T1.CountryName HAVING count(*)  >=  3;,True,False,False,"['countries', 'car_makers']",cross-encoder
Wie lauten die Namen aller europäischen Länder mit mindestens 3 Herstellern?,SELECT T1.CountryName FROM COUNTRIES AS T1 JOIN CONTINENTS AS T2 ON T1.Continent  =  T2.ContId JOIN CAR_MAKERS AS T3 ON T1.CountryId  =  T3.Country WHERE T2.Continent  =  'europe' GROUP BY T1.CountryName HAVING count(*)  >=  3;,True,False,False,['countries'],cross-encoder
Wie viele Automodelle wurden vom Hersteller mit dem vollen Namen American Motor Company hergestellt?,SELECT count(*) FROM CAR_MAKERS AS T1 JOIN MODEL_LIST AS T2 ON T1.Id  =  T2.Maker WHERE T1.FullName  =  'American Motor Company';,False,False,False,['manufacturer'],cross-encoder
Wie viele Automodelle hat der Autohersteller American Motor Company hergestellt?,SELECT count(*) FROM CAR_MAKERS AS T1 JOIN MODEL_LIST AS T2 ON T1.Id  =  T2.Maker WHERE T1.FullName  =  'American Motor Company';,True,False,False,['car_makers'],cross-encoder
Welche Hersteller haben mehr als 3 Automodelle entworfen? Geben Sie den vollständigen Namen und die ID an.,"SELECT T1.FullName ,  T1.Id FROM CAR_MAKERS AS T1 JOIN MODEL_LIST AS T2 ON T1.Id  =  T2.Maker GROUP BY T1.Id HAVING count(*)  >  3;",False,False,False,['manufacturer'],cross-encoder
Wie lauten die Namen und IDs aller Hersteller mit mehr als 3 Modellen?,"SELECT T1.FullName ,  T1.Id FROM CAR_MAKERS AS T1 JOIN MODEL_LIST AS T2 ON T1.Id  =  T2.Maker GROUP BY T1.Id HAVING count(*)  >  3;",False,False,False,['manufacturer'],cross-encoder
"Was sind die verschiedenen Modelle, die entweder vom Autohersteller General Motors hergestellt werden oder mehr als 3500 wiegen?",SELECT DISTINCT T2.Model FROM CAR_NAMES AS T1 JOIN MODEL_LIST AS T2 ON T1.Model  =  T2.Model JOIN CAR_MAKERS AS T3 ON T2.Maker  =  T3.Id JOIN CARS_DATA AS T4 ON T1.MakeId  =  T4.Id WHERE T3.FullName  =  'General Motors' OR T4.weight  >  3500;,True,False,False,['car_makers'],cross-encoder
Wie viele Autos haben eine größere Beschleunigung als das Auto mit der größten Pferdestärke?,SELECT COUNT(*) FROM CARS_DATA WHERE Accelerate  >  ( SELECT Accelerate FROM CARS_DATA ORDER BY Horsepower DESC LIMIT 1 );,False,False,False,['Sizes'],cross-encoder
Wie viele Autos haben eine größere Beschleunigung als das Auto mit den meisten Pferdestärken?,SELECT COUNT(*) FROM CARS_DATA WHERE Accelerate  >  ( SELECT Accelerate FROM CARS_DATA ORDER BY Horsepower DESC LIMIT 1 );,False,False,False,['Sizes'],cross-encoder
In wie vielen Ländern gibt es mehr als 2 Autohersteller?,select count(*) from countries as t1 join car_makers as t2 on t1.countryid  =  t2.country group by t1.countryid having count(*)  >  2,True,False,False,['car_makers'],cross-encoder
Wie hoch ist die Zahl der Länder mit mehr als 2 Autoherstellern ?,select count(*) from countries as t1 join car_makers as t2 on t1.countryid  =  t2.country group by t1.countryid having count(*)  >  2,True,False,False,['countries'],cross-encoder
"Welches sind die verschiedenen Modelle, die leichter als 3500 sind, aber nicht von der 'Ford Motor Company' gebaut wurden?",SELECT DISTINCT T1.model FROM MODEL_LIST AS T1 JOIN CAR_NAMES AS T2 ON T1.Model  =  T2.Model JOIN CARS_DATA AS T3 ON T2.MakeId  =  T3.Id JOIN CAR_MAKERS AS T4 ON T1.Maker  =  T4.Id WHERE T3.weight  <  3500 AND T4.FullName != 'Ford Motor Company';,False,False,False,['building'],cross-encoder
"Wie lauten die Namen der Länder, in denen es keinen einzigen Autohersteller gibt?",SELECT CountryName FROM countries EXCEPT SELECT T1.CountryName FROM countries AS T1 JOIN CAR_MAKERS AS T2 ON T1.countryId  =  T2.Country;,True,False,False,"['countries', 'car_makers']",cross-encoder
"Wie lauten die Namen der Länder, in denen es keine Autohersteller gibt?",SELECT CountryName FROM countries EXCEPT SELECT T1.CountryName FROM countries AS T1 JOIN CAR_MAKERS AS T2 ON T1.countryId  =  T2.Country;,True,False,False,"['countries', 'car_makers']",cross-encoder
"Welches sind die Autohersteller, die mindestens 2 Modelle und mehr als 3 Autohersteller produzieren? Führen Sie die ID und den Hersteller auf.","select t1.id ,  t1.maker from car_makers as t1 join model_list as t2 on t1.id  =  t2.maker group by t1.id having count(*)  >=  2 intersect select t1.id ,  t1.maker from car_makers as t1 join model_list as t2 on t1.id  =  t2.maker join car_names as t3 on t2.model  =  t3.model group by t1.id having count(*)  >  3;",True,False,False,"['car_makers', 'car_makers', 'manufacturer']",cross-encoder
"Welches sind die IDs und Hersteller aller Autohersteller, die mindestens 2 Modelle und mehr als 3 Autos herstellen?","SELECT T1.Id ,  T1.Maker FROM CAR_MAKERS AS T1 JOIN MODEL_LIST AS T2 ON T1.Id  =  T2.Maker GROUP BY T1.Id HAVING count(*)  >=  2 INTERSECT SELECT T1.Id ,  T1.Maker FROM CAR_MAKERS AS T1 JOIN MODEL_LIST AS T2 ON T1.Id  =  T2.Maker JOIN CAR_NAMES AS T3 ON T2.model  =  T3.model GROUP BY T1.Id HAVING count(*)  >  3;",True,False,False,"['manufacturer', 'car_makers']",cross-encoder
"Was sind die IDs und die Namen der Länder, die mehr als 3 Autohersteller haben oder das ""Fiat""-Modell produzieren?","SELECT T1.countryId ,  T1.CountryName FROM Countries AS T1 JOIN CAR_MAKERS AS T2 ON T1.CountryId  =  T2.Country GROUP BY T1.countryId HAVING count(*)  >  3 UNION SELECT T1.countryId ,  T1.CountryName FROM Countries AS T1 JOIN CAR_MAKERS AS T2 ON T1.CountryId  =  T2.Country JOIN MODEL_LIST AS T3 ON T2.Id  =  T3.Maker WHERE T3.Model  =  'fiat';",True,False,False,"['countries', 'car_makers']",cross-encoder
"Wie lauten die IDs und Namen aller Länder, die entweder mehr als 3 Autohersteller haben oder Fiat-Modelle herstellen?","select t1.countryid ,  t1.countryname from countries as t1 join car_makers as t2 on t1.countryid  =  t2.country group by t1.countryid having count(*)  >  3 union select t1.countryid ,  t1.countryname from countries as t1 join car_makers as t2 on t1.countryid  =  t2.country join model_list as t3 on t2.id  =  t3.maker where t3.model  =  'fiat';",True,False,False,"['countries', 'car_makers']",cross-encoder
"Zu welchem Land gehört die Fluggesellschaft ""JetBlue Airways""?","SELECT Country FROM AIRLINES WHERE Airline  =  ""JetBlue Airways""",True,False,False,"['country', 'airlines']",cross-encoder
"Zu welchem Land gehört die Fluggesellschaft ""JetBlue Airways""?","SELECT Country FROM AIRLINES WHERE Airline  =  ""JetBlue Airways""",True,False,False,"['country', 'airlines']",cross-encoder
"Wie lautet die Abkürzung der Fluggesellschaft ""JetBlue Airways""?","SELECT Abbreviation FROM AIRLINES WHERE Airline  =  ""JetBlue Airways""",True,False,False,['airlines'],cross-encoder
"Führen Sie alle Namen von Fluggesellschaften und ihre Abkürzungen in ""USA"" auf.","SELECT Airline ,  Abbreviation FROM AIRLINES WHERE Country  =  ""USA""",True,False,False,['airlines'],cross-encoder
Wie lauten die Namen und Abkürzungen der Fluggesellschaften in den USA?,"SELECT Airline ,  Abbreviation FROM AIRLINES WHERE Country  =  ""USA""",True,False,False,['airlines'],cross-encoder
Führen Sie den Flughafencode und -namen in der Stadt Anthony auf.,"SELECT AirportCode ,  AirportName FROM AIRPORTS WHERE city  =  ""Anthony""",True,False,False,['city'],cross-encoder
"Geben Sie den Flughafencode und den Namen des Flughafens an, der der Stadt Anthony entspricht.","SELECT AirportCode ,  AirportName FROM AIRPORTS WHERE city  =  ""Anthony""",True,False,False,"['airport', 'airports', 'city']",cross-encoder
Wie viele Fluggesellschaften haben wir?,SELECT count(*) FROM AIRLINES,True,False,False,['airlines'],cross-encoder
Wie hoch ist die Gesamtzahl der Fluggesellschaften?,SELECT count(*) FROM AIRLINES,True,False,False,['airlines'],cross-encoder
Wie viele Flughäfen haben wir?,SELECT count(*) FROM AIRPORTS,True,False,False,"['airport', 'airports']",cross-encoder
Geben Sie die Anzahl der Flughäfen zurück.,SELECT count(*) FROM AIRPORTS,True,False,False,"['airport', 'airports']",cross-encoder
Wie viele Flüge haben wir?,SELECT count(*) FROM FLIGHTS,True,False,False,['flights'],cross-encoder
Geben Sie die Anzahl der Flüge zurück.,SELECT count(*) FROM FLIGHTS,True,False,False,['flights'],cross-encoder
Welche Fluggesellschaft hat die Abkürzung 'UAL'?,"SELECT Airline FROM AIRLINES WHERE Abbreviation  =  ""UAL""",True,False,False,['airlines'],cross-encoder
Geben Sie die Fluggesellschaft mit der Abkürzung 'UAL' an.,"SELECT Airline FROM AIRLINES WHERE Abbreviation  =  ""UAL""",True,False,False,['airlines'],cross-encoder
Wie viele Fluggesellschaften kommen aus den USA?,"SELECT count(*) FROM AIRLINES WHERE Country  =  ""USA""",True,False,False,['airlines'],cross-encoder
Geben Sie die Anzahl der Fluggesellschaften in den USA zurück.,"SELECT count(*) FROM AIRLINES WHERE Country  =  ""USA""",True,False,False,['airlines'],cross-encoder
In welcher Stadt und in welchem Land befindet sich der Flughafen Alton?,"SELECT City ,  Country FROM AIRPORTS WHERE AirportName  =  ""Alton""",True,False,False,"['city', 'country', 'airport', 'airports']",cross-encoder
Geben Sie die Stadt und das Land für den Flughafen Alton an.,"SELECT City ,  Country FROM AIRPORTS WHERE AirportName  =  ""Alton""",True,False,False,"['city', 'country', 'airport', 'airports']",cross-encoder
Wie lautet der Flughafenname für den Flughafen 'AKO'?,"SELECT AirportName FROM AIRPORTS WHERE AirportCode  =  ""AKO""",True,False,False,"['airport', 'airports']",cross-encoder
Geben Sie den Namen des Flughafens mit dem Code 'AKO' zurück.,"SELECT AirportName FROM AIRPORTS WHERE AirportCode  =  ""AKO""",True,False,False,"['airport', 'airports']",cross-encoder
Wie lauten die Flughafennamen bei der Stadt 'Aberdeen'?,"SELECT AirportName FROM AIRPORTS WHERE City = ""Aberdeen""",True,False,False,['city'],cross-encoder
Wie lauten die Namen der Flughäfen in Aberdeen?,"SELECT AirportName FROM AIRPORTS WHERE City = ""Aberdeen""",True,False,False,"['airport', 'airports']",cross-encoder
Wie viele Flüge starten von 'APG'?,"SELECT count(*) FROM FLIGHTS WHERE SourceAirport  =  ""APG""",True,False,False,['flights'],cross-encoder
"Zählen Sie die Anzahl der Flüge, die von 'APG' abfliegen.","SELECT count(*) FROM FLIGHTS WHERE SourceAirport  =  ""APG""",True,False,False,['flights'],cross-encoder
Wie viele Flüge haben Zielflughafen ATO?,"SELECT count(*) FROM FLIGHTS WHERE DestAirport  =  ""ATO""",True,False,False,['flights'],cross-encoder
Zählen Sie die Anzahl der Flüge nach 'ATO'.,"SELECT count(*) FROM FLIGHTS WHERE DestAirport  =  ""ATO""",True,False,False,['flights'],cross-encoder
Wieviele Flüge starten von der Stadt Aberdeen?,"SELECT count(*) FROM FLIGHTS AS T1 JOIN AIRPORTS AS T2 ON T1.SourceAirport  =  T2.AirportCode WHERE T2.City  =  ""Aberdeen""",True,False,False,"['flights', 'city']",cross-encoder
"Geben Sie die Anzahl der Flüge zurück, die von Aberdeen abgeflogen sind.","SELECT count(*) FROM FLIGHTS AS T1 JOIN AIRPORTS AS T2 ON T1.SourceAirport  =  T2.AirportCode WHERE T2.City  =  ""Aberdeen""",True,False,False,['flights'],cross-encoder
Wie viele Flüge kommen in der Stadt Aberdeen an?,"SELECT count(*) FROM FLIGHTS AS T1 JOIN AIRPORTS AS T2 ON T1.DestAirport  =  T2.AirportCode WHERE T2.City  =  ""Aberdeen""",True,False,False,"['flights', 'city']",cross-encoder
"Geben Sie die Anzahl der Flüge zurück, die in Aberdeen ankommen.","SELECT count(*) FROM FLIGHTS AS T1 JOIN AIRPORTS AS T2 ON T1.DestAirport  =  T2.AirportCode WHERE T2.City  =  ""Aberdeen""",True,False,False,['flights'],cross-encoder
Wie viele Flüge gehen von der Stadt 'Aberdeen' ab und haben das Ziel Stadt 'Ashley'?,"SELECT count(*) FROM FLIGHTS AS T1 JOIN AIRPORTS AS T2 ON T1.DestAirport  =  T2.AirportCode JOIN AIRPORTS AS T3 ON T1.SourceAirport  =  T3.AirportCode WHERE T2.City  =  ""Ashley"" AND T3.City  =  ""Aberdeen""",True,False,False,"['flights', 'city', 'city']",cross-encoder
Wie viele Flüge fliegen von Aberdeen nach Ashley?,"SELECT count(*) FROM FLIGHTS AS T1 JOIN AIRPORTS AS T2 ON T1.DestAirport  =  T2.AirportCode JOIN AIRPORTS AS T3 ON T1.SourceAirport  =  T3.AirportCode WHERE T2.City  =  ""Ashley"" AND T3.City  =  ""Aberdeen""",True,False,False,['flights'],cross-encoder
Wie viele Flüge hat die Fluggesellschaft 'JetBlue Airways'?,"SELECT count(*) FROM FLIGHTS AS T1 JOIN AIRLINES AS T2 ON T1.Airline  =  T2.uid WHERE T2.Airline = ""JetBlue Airways""",True,False,False,"['flights', 'airlines']",cross-encoder
Geben Sie die Anzahl der Flüge der Fluggesellschaft 'JetBlue Airways' an.,"SELECT count(*) FROM FLIGHTS AS T1 JOIN AIRLINES AS T2 ON T1.Airline  =  T2.uid WHERE T2.Airline = ""JetBlue Airways""",True,False,False,"['flights', 'airlines']",cross-encoder
Wie viele Flüge der Fluggesellschaft 'United Airlines' gehen zum Flughafen 'ASY'?,"SELECT count(*) FROM AIRLINES AS T1 JOIN FLIGHTS AS T2 ON T2.Airline  =  T1.uid WHERE T1.Airline  =  ""United Airlines"" AND T2.DestAirport  =  ""ASY""",True,False,False,"['flights', 'airlines', 'airlines', 'airport', 'airports']",cross-encoder
"Zählen Sie die Anzahl der Flüge von United Airlines, die am Flughafen 'ASY' ankommen.","SELECT count(*) FROM AIRLINES AS T1 JOIN FLIGHTS AS T2 ON T2.Airline  =  T1.uid WHERE T1.Airline  =  ""United Airlines"" AND T2.DestAirport  =  ""ASY""",True,False,False,"['flights', 'airlines', 'airport', 'airports']",cross-encoder
Wie viele 'United Airlines'-Flüge gehen vom Flughafen 'AHD' ab?,"SELECT count(*) FROM AIRLINES AS T1 JOIN FLIGHTS AS T2 ON T2.Airline  =  T1.uid WHERE T1.Airline  =  ""United Airlines"" AND T2.SourceAirport  =  ""AHD""",True,False,False,"['airport', 'airports']",cross-encoder
"Geben Sie die Anzahl der United Airlines-Flüge zurück, die vom Flughafen 'AHD' abfliegen.","SELECT count(*) FROM AIRLINES AS T1 JOIN FLIGHTS AS T2 ON T2.Airline  =  T1.uid WHERE T1.Airline  =  ""United Airlines"" AND T2.SourceAirport  =  ""AHD""",True,False,False,"['airport', 'airports']",cross-encoder
Wie viele United Airlines-Flüge gehen in die Stadt 'Aberdeen'?,"SELECT count(*) FROM FLIGHTS AS T1 JOIN AIRPORTS AS T2 ON T1.DestAirport  =  T2.AirportCode JOIN AIRLINES AS T3 ON T3.uid  =  T1.Airline WHERE T2.City  =  ""Aberdeen"" AND T3.Airline  =  ""United Airlines""",True,False,False,['city'],cross-encoder
Welche Stadt hat die meisten ankommenden Flüge?,SELECT T1.City FROM AIRPORTS AS T1 JOIN FLIGHTS AS T2 ON T1.AirportCode  =  T2.DestAirport GROUP BY T1.City ORDER BY count(*) DESC LIMIT 1,True,False,False,"['city', 'flights']",cross-encoder
Welche Stadt hat den häufigsten Zielflughafen?,SELECT T1.City FROM AIRPORTS AS T1 JOIN FLIGHTS AS T2 ON T1.AirportCode  =  T2.DestAirport GROUP BY T1.City ORDER BY count(*) DESC LIMIT 1,True,False,False,['city'],cross-encoder
Welche Stadt hat die meisten abfliegenden Flüge?,SELECT T1.City FROM AIRPORTS AS T1 JOIN FLIGHTS AS T2 ON T1.AirportCode  =  T2.SourceAirport GROUP BY T1.City ORDER BY count(*) DESC LIMIT 1,True,False,False,"['city', 'flights']",cross-encoder
Welche Stadt ist der häufigste Ausgangsflughafen?,SELECT T1.City FROM AIRPORTS AS T1 JOIN FLIGHTS AS T2 ON T1.AirportCode  =  T2.SourceAirport GROUP BY T1.City ORDER BY count(*) DESC LIMIT 1,True,False,False,['city'],cross-encoder
Wie lautet der Code des Flughafens mit der höchsten Anzahl von Flügen?,SELECT T1.AirportCode FROM AIRPORTS AS T1 JOIN FLIGHTS AS T2 ON T1.AirportCode  =  T2.DestAirport OR T1.AirportCode  =  T2.SourceAirport GROUP BY T1.AirportCode ORDER BY count(*) DESC LIMIT 1,True,False,False,"['airport', 'airports']",cross-encoder
Wie lautet der Code des Flughafens mit den meisten Flügen?,SELECT T1.AirportCode FROM AIRPORTS AS T1 JOIN FLIGHTS AS T2 ON T1.AirportCode  =  T2.DestAirport OR T1.AirportCode  =  T2.SourceAirport GROUP BY T1.AirportCode ORDER BY count(*) DESC LIMIT 1,True,False,False,"['airport', 'airports']",cross-encoder
Wie lautet der Code des Flughafens mit der geringsten Anzahl von Flügen?,SELECT T1.AirportCode FROM AIRPORTS AS T1 JOIN FLIGHTS AS T2 ON T1.AirportCode  =  T2.DestAirport OR T1.AirportCode  =  T2.SourceAirport GROUP BY T1.AirportCode ORDER BY count(*) LIMIT 1,True,False,False,"['airport', 'airports']",cross-encoder
Geben Sie den Code des Flughafens mit den wenigsten Flügen an.,SELECT T1.AirportCode FROM AIRPORTS AS T1 JOIN FLIGHTS AS T2 ON T1.AirportCode  =  T2.DestAirport OR T1.AirportCode  =  T2.SourceAirport GROUP BY T1.AirportCode ORDER BY count(*) LIMIT 1,True,False,False,"['airport', 'airports']",cross-encoder
Welche Fluggesellschaft hat die meisten Flüge?,SELECT T1.Airline FROM AIRLINES AS T1 JOIN FLIGHTS AS T2 ON T1.uid  =  T2.Airline GROUP BY T1.Airline ORDER BY count(*) DESC LIMIT 1,True,False,False,"['airlines', 'flights']",cross-encoder
Welche Fluggesellschaft bedient die meisten Flüge?,SELECT T1.Airline FROM AIRLINES AS T1 JOIN FLIGHTS AS T2 ON T1.uid  =  T2.Airline GROUP BY T1.Airline ORDER BY count(*) DESC LIMIT 1,True,False,False,"['airlines', 'flights']",cross-encoder
Finden Sie die Abkürzung und das Land der Fluggesellschaft mit der geringsten Anzahl von Flügen?,"SELECT T1.Abbreviation ,  T1.Country FROM AIRLINES AS T1 JOIN FLIGHTS AS T2 ON T1.uid  =  T2.Airline GROUP BY T1.Airline ORDER BY count(*) LIMIT 1",True,False,False,"['country', 'airlines']",cross-encoder
Welches ist die Abkürzung der Fluggesellschaft mit den wenigsten Flügen und in welchem Land befindet sie sich?,"SELECT T1.Abbreviation ,  T1.Country FROM AIRLINES AS T1 JOIN FLIGHTS AS T2 ON T1.uid  =  T2.Airline GROUP BY T1.Airline ORDER BY count(*) LIMIT 1",True,False,False,"['airlines', 'country']",cross-encoder
"Welche Fluggesellschaften haben einige Flüge, die vom Flughafen 'AHD' abfliegen?","SELECT T1.Airline FROM AIRLINES AS T1 JOIN FLIGHTS AS T2 ON T1.uid  =  T2.Airline WHERE T2.SourceAirport  =  ""AHD""",True,False,False,"['airlines', 'flights', 'airport', 'airports']",cross-encoder
Welche Fluggesellschaften haben einen Flug mit dem Quellflughafen 'AHD'?,"SELECT T1.Airline FROM AIRLINES AS T1 JOIN FLIGHTS AS T2 ON T1.uid  =  T2.Airline WHERE T2.SourceAirport  =  ""AHD""",True,False,False,"['airlines', 'flight']",cross-encoder
"Welche Fluggesellschaften haben Flüge, die am Flughafen 'AHD' ankommen?","SELECT T1.Airline FROM AIRLINES AS T1 JOIN FLIGHTS AS T2 ON T1.uid  =  T2.Airline WHERE T2.DestAirport  =  ""AHD""",True,False,False,"['airlines', 'flights', 'airport', 'airports']",cross-encoder
Welche Fluggesellschaften haben einen Flug mit Zielflughafen 'AHD'?,"SELECT T1.Airline FROM AIRLINES AS T1 JOIN FLIGHTS AS T2 ON T1.uid  =  T2.Airline WHERE T2.DestAirport  =  ""AHD""",True,False,False,"['airlines', 'flight']",cross-encoder
"Finden Sie alle Fluggesellschaften, die Flüge von den beiden Flughäfen 'APG' und 'CVO' haben.","SELECT T1.Airline FROM AIRLINES AS T1 JOIN FLIGHTS AS T2 ON T1.uid  =  T2.Airline WHERE T2.SourceAirport  =  ""APG"" INTERSECT SELECT T1.Airline FROM AIRLINES AS T1 JOIN FLIGHTS AS T2 ON T1.uid  =  T2.Airline WHERE T2.SourceAirport  =  ""CVO""",True,False,False,"['airlines', 'flights', 'airport', 'airports']",cross-encoder
"Welche Fluggesellschaften haben Flüge, die sowohl vom Flughafen 'APG' als auch vom Flughafen 'CVO' abfliegen?","SELECT T1.Airline FROM AIRLINES AS T1 JOIN FLIGHTS AS T2 ON T1.uid  =  T2.Airline WHERE T2.SourceAirport  =  ""APG"" INTERSECT SELECT T1.Airline FROM AIRLINES AS T1 JOIN FLIGHTS AS T2 ON T1.uid  =  T2.Airline WHERE T2.SourceAirport  =  ""CVO""",True,False,False,"['airlines', 'flights', 'airport', 'airports', 'airport', 'airports']",cross-encoder
"Finden Sie alle Fluggesellschaften, die vom Flughafen 'CVO', aber nicht von der 'APG' abfliegen.","SELECT T1.Airline FROM AIRLINES AS T1 JOIN FLIGHTS AS T2 ON T1.uid  =  T2.Airline WHERE T2.SourceAirport  =  ""CVO"" EXCEPT SELECT T1.Airline FROM AIRLINES AS T1 JOIN FLIGHTS AS T2 ON T1.uid  =  T2.Airline WHERE T2.SourceAirport  =  ""APG""",True,False,False,"['airlines', 'airport', 'airports']",cross-encoder
"Welche Fluggesellschaften haben Abflüge vom Flughafen 'CVO', aber nicht von den Flughäfen 'APG'?","SELECT T1.Airline FROM AIRLINES AS T1 JOIN FLIGHTS AS T2 ON T1.uid  =  T2.Airline WHERE T2.SourceAirport  =  ""CVO"" EXCEPT SELECT T1.Airline FROM AIRLINES AS T1 JOIN FLIGHTS AS T2 ON T1.uid  =  T2.Airline WHERE T2.SourceAirport  =  ""APG""",True,False,False,"['airlines', 'airport', 'airports', 'airport', 'airports']",cross-encoder
"Finden Sie alle Fluggesellschaften, die mindestens 10 Flüge haben.",SELECT T1.Airline FROM AIRLINES AS T1 JOIN FLIGHTS AS T2 ON T1.uid  =  T2.Airline GROUP BY T1.Airline HAVING count(*)  >  10,True,False,False,"['airlines', 'flights']",cross-encoder
Welche Fluggesellschaften haben mindestens 10 Flüge?,SELECT T1.Airline FROM AIRLINES AS T1 JOIN FLIGHTS AS T2 ON T1.uid  =  T2.Airline GROUP BY T1.Airline HAVING count(*)  >  10,True,False,False,"['airlines', 'flights']",cross-encoder
"Finden Sie alle Fluggesellschaften, die weniger als 200 Flüge haben.",SELECT T1.Airline FROM AIRLINES AS T1 JOIN FLIGHTS AS T2 ON T1.uid  =  T2.Airline GROUP BY T1.Airline HAVING count(*)  <  200,True,False,False,"['airlines', 'flights']",cross-encoder
Welche Fluggesellschaften haben weniger als 200 Flüge?,SELECT T1.Airline FROM AIRLINES AS T1 JOIN FLIGHTS AS T2 ON T1.uid  =  T2.Airline GROUP BY T1.Airline HAVING count(*)  <  200,True,False,False,"['airlines', 'flights']",cross-encoder
"Was sind die Flugnummern der Fluggesellschaft ""United Airlines""?","SELECT T1.FlightNo FROM FLIGHTS AS T1 JOIN AIRLINES AS T2 ON T2.uid  =  T1.Airline WHERE T2.Airline  =  ""United Airlines""",True,False,False,['airlines'],cross-encoder
"Welche Flugnummern entsprechen den Flügen der Fluggesellschaft ""United Airlines""?","SELECT T1.FlightNo FROM FLIGHTS AS T1 JOIN AIRLINES AS T2 ON T2.uid  =  T1.Airline WHERE T2.Airline  =  ""United Airlines""",True,False,False,['airlines'],cross-encoder
"Wie sind die Flugnummern der Flüge, die vom Flughafen ""APG"" abfliegen?","SELECT FlightNo FROM FLIGHTS WHERE SourceAirport  =  ""APG""",True,False,False,"['flights', 'airport', 'airports']",cross-encoder
"Geben Sie die Flugnummern der Flüge an, die vom Flughafen ""APG"" abfliegen.","SELECT FlightNo FROM FLIGHTS WHERE SourceAirport  =  ""APG""",True,False,False,"['flights', 'airport', 'airports']",cross-encoder
"Wie sind die Flugnummern der am Flughafen ""APG"" ankommenden Flüge?","SELECT FlightNo FROM FLIGHTS WHERE DestAirport  =  ""APG""",True,False,False,"['airport', 'airports', 'flights']",cross-encoder
"Geben Sie die Flugnummern der Flüge an, die am Flughafen ""APG"" landen.","SELECT FlightNo FROM FLIGHTS WHERE DestAirport  =  ""APG""",True,False,False,"['flights', 'airport', 'airports']",cross-encoder
"Wie sind die Flugnummern der Flüge, die von der Stadt ""Aberdeen "" abfliegen?","SELECT T1.FlightNo FROM FLIGHTS AS T1 JOIN AIRPORTS AS T2 ON T1.SourceAirport   =  T2.AirportCode WHERE T2.City  =  ""Aberdeen""",True,False,False,"['flights', 'city']",cross-encoder
"Geben Sie die Flugnummern der Flüge an, die von Aberdeen abfliegen.","SELECT T1.FlightNo FROM FLIGHTS AS T1 JOIN AIRPORTS AS T2 ON T1.SourceAirport   =  T2.AirportCode WHERE T2.City  =  ""Aberdeen""",True,False,False,['flights'],cross-encoder
"Wie lauten die Flugnummern der Flüge, die in der Stadt ""Aberdeen"" ankommen?","SELECT T1.FlightNo FROM FLIGHTS AS T1 JOIN AIRPORTS AS T2 ON T1.DestAirport   =  T2.AirportCode WHERE T2.City  =  ""Aberdeen""",True,False,False,"['flights', 'city']",cross-encoder
"Geben Sie die Flugnummern der Flüge an, die in Aberdeen ankommen.","SELECT T1.FlightNo FROM FLIGHTS AS T1 JOIN AIRPORTS AS T2 ON T1.DestAirport   =  T2.AirportCode WHERE T2.City  =  ""Aberdeen""",True,False,False,['flights'],cross-encoder
"Geben Sie die Anzahl der Flüge an, die in Aberdeen oder in Abilene landen.","SELECT count(*) FROM Flights AS T1 JOIN Airports AS T2 ON T1.DestAirport  =  T2.AirportCode WHERE T2.city  =  ""Aberdeen"" OR T2.city  =  ""Abilene""",True,False,False,['flights'],cross-encoder
Wie viele Flüge landen in Aberdeen oder Abilene?,"SELECT count(*) FROM Flights AS T1 JOIN Airports AS T2 ON T1.DestAirport  =  T2.AirportCode WHERE T2.city  =  ""Aberdeen"" OR T2.city  =  ""Abilene""",True,False,False,['flights'],cross-encoder
"Finden Sie die Namen der Flughäfen, die keine Hin- und Rückflüge haben.",SELECT AirportName FROM Airports WHERE AirportCode NOT IN (SELECT SourceAirport FROM Flights UNION SELECT DestAirport FROM Flights),True,False,False,"['airport', 'airports']",cross-encoder
Welche Flughäfen haben keine abfliegenden oder ankommenden Flüge?,SELECT AirportName FROM Airports WHERE AirportCode NOT IN (SELECT SourceAirport FROM Flights UNION SELECT DestAirport FROM Flights),True,False,False,"['airport', 'airports', 'flights']",cross-encoder
Wie viele Mitarbeiter sind dort beschäftigt?,SELECT count(*) FROM employee,True,False,False,['employee'],cross-encoder
Zählen Sie die Anzahl der Mitarbeiter,SELECT count(*) FROM employee,True,False,False,['employee'],cross-encoder
Sortieren Sie die Namen der Mitarbeiter nach ihrem Alter in aufsteigender Reihenfolge.,SELECT name FROM employee ORDER BY age,True,False,False,['employee'],cross-encoder
Listen Sie die Namen der Mitarbeiter auf und sortieren Sie sie in aufsteigender Reihenfolge ihres Alters.,SELECT name FROM employee ORDER BY age,True,False,False,['employee'],cross-encoder
Wie hoch ist die Anzahl der Mitarbeiter aus jeder Stadt?,"SELECT count(*) ,  city FROM employee GROUP BY city",True,False,False,"['employee', 'city']",cross-encoder
Zählen Sie die MitarbeiterInnen für jede Stadt.,"SELECT count(*) ,  city FROM employee GROUP BY city",True,False,False,['city'],cross-encoder
Aus welchen Städten kommen mehr als ein Mitarbeiter unter 30 Jahren?,SELECT city FROM employee WHERE age  <  30 GROUP BY city HAVING count(*)  >  1,True,False,False,"['city', 'employee']",cross-encoder
"Suchen Sie die Städte, in denen mehr als ein Mitarbeiter unter 30 Jahren beschäftigt ist.",SELECT city FROM employee WHERE age  <  30 GROUP BY city HAVING count(*)  >  1,True,False,False,"['city', 'employee', 'employment']",cross-encoder
Ermitteln Sie die Anzahl der Geschäfte an jedem Standort.,"SELECT count(*) ,  LOCATION FROM shop GROUP BY LOCATION",True,False,False,"['store_district', 'Stores', 'Shops', 'LOCATION']",cross-encoder
Wie viele Geschäfte gibt es an jedem Standort?,"SELECT count(*) ,  LOCATION FROM shop GROUP BY LOCATION",True,False,False,"['store_district', 'Stores', 'Shops', 'LOCATION']",cross-encoder
"Finden Sie den Namen des Geschäftsleiters und den Bezirk des Geschäfts, in dem die Anzahl der Produkte am größten ist.","SELECT manager_name ,  district FROM shop ORDER BY number_products DESC LIMIT 1",True,False,False,"['district', 'Stores', 'Shops', 'Products', 'Product']",cross-encoder
"Wie lauten der Name des Geschäftsleiters und der Bezirk des Geschäfts, das die größte Anzahl von Produkten verkauft?","SELECT manager_name ,  district FROM shop ORDER BY number_products DESC LIMIT 1",True,False,False,"['district', 'Stores', 'Shops', 'Products', 'Product']",cross-encoder
Finden Sie die minimale und maximale Anzahl von Produkten aller Geschäfte.,"SELECT min(Number_products) ,  max(Number_products) FROM shop",True,False,False,"['Products', 'Product', 'Stores', 'Shops']",cross-encoder
Wie hoch ist die minimale und maximale Anzahl der Produkte aller Geschäfte?,"SELECT min(Number_products) ,  max(Number_products) FROM shop",True,False,False,"['Products', 'Product', 'Stores', 'Shops']",cross-encoder
"Geben Sie den Namen, den Standort und den Bezirk aller Geschäfte in absteigender Reihenfolge der Anzahl der Produkte an.","SELECT name ,  LOCATION ,  district FROM shop ORDER BY number_products DESC",True,False,False,"['Locations', 'LOCATION', 'district', 'store_district', 'Stores', 'Shops', 'Products', 'Product']",cross-encoder
"Sortieren Sie alle Geschäfte nach der Anzahl der Produkte in absteigender Reihenfolge, und geben Sie den Namen, den Standort und den Bezirk jedes Geschäfts zurück.","SELECT name ,  LOCATION ,  district FROM shop ORDER BY number_products DESC",True,False,False,"['store_district', 'Stores', 'Shops', 'Products', 'Product', 'Locations', 'LOCATION', 'district', 'store_district', 'Stores', 'Shops']",cross-encoder
"Finden Sie die Namen von Geschäften, deren Anzahl der Produkte die durchschnittliche Anzahl der Produkte übersteigt.",SELECT name FROM shop WHERE number_products  >  (SELECT avg(number_products) FROM shop),True,False,False,"['Stores', 'Shops', 'Products', 'Product', 'Products', 'Product']",cross-encoder
Bei welchen Geschäften liegt die Anzahl der Produkte über dem Durchschnitt? Geben Sie mir die Namen der Geschäfte.,SELECT name FROM shop WHERE number_products  >  (SELECT avg(number_products) FROM shop),True,False,False,"['store_district', 'Stores', 'Shops', 'Products', 'Product', 'Stores', 'Shops']",cross-encoder
"Finden Sie den Namen des Mitarbeiters, der bei der Bewertung am häufigsten ausgezeichnet wurde.",SELECT t1.name FROM employee AS t1 JOIN evaluation AS t2 ON t1.Employee_ID  =  t2.Employee_ID GROUP BY t2.Employee_ID ORDER BY count(*) DESC LIMIT 1,True,False,False,"['employee', 'Rating']",cross-encoder
Welcher Mitarbeiter hat bei der Bewertung die meisten Auszeichnungen erhalten? Geben Sie mir den Namen des Mitarbeiters.,SELECT t1.name FROM employee AS t1 JOIN evaluation AS t2 ON t1.Employee_ID  =  t2.Employee_ID GROUP BY t2.Employee_ID ORDER BY count(*) DESC LIMIT 1,True,False,False,"['employee', 'Rating', 'employee']",cross-encoder
"Finden Sie den Namen des Mitarbeiters, der den höchsten einmaligen Bonus erhalten hat.",SELECT t1.name FROM employee AS t1 JOIN evaluation AS t2 ON t1.Employee_ID  =  t2.Employee_ID ORDER BY t2.bonus DESC LIMIT 1,True,False,False,['employee'],cross-encoder
Welcher Mitarbeiter hat den höchsten Bonus erhalten? Geben Sie mir den Namen des Mitarbeiters.,SELECT t1.name FROM employee AS t1 JOIN evaluation AS t2 ON t1.Employee_ID  =  t2.Employee_ID ORDER BY t2.bonus DESC LIMIT 1,True,False,False,"['employee', 'employee']",cross-encoder
"Finden Sie die Namen der Mitarbeiter, die bei der Bewertung nie einen Preis gewonnen haben.",SELECT name FROM employee WHERE Employee_ID NOT IN (SELECT Employee_ID FROM evaluation),True,False,False,"['employee', 'Rating']",cross-encoder
"Wie lauten die Namen der Mitarbeiter, die bei der Bewertung nie eine Auszeichnung erhalten haben?",SELECT name FROM employee WHERE Employee_ID NOT IN (SELECT Employee_ID FROM evaluation),True,False,False,"['employee', 'Rating']",cross-encoder
"Wie lautet der Name des Geschäfts, das die größte Anzahl von Mitarbeitern einstellt?",SELECT t2.name FROM hiring AS t1 JOIN shop AS t2 ON t1.shop_id  =  t2.shop_id GROUP BY t1.shop_id ORDER BY count(*) DESC LIMIT 1,False,False,False,"['Stores', 'Shops']",cross-encoder
Welches Geschäft hat die meisten Mitarbeiter? Geben Sie mir den Namen des Geschäfts.,SELECT t2.name FROM hiring AS t1 JOIN shop AS t2 ON t1.shop_id  =  t2.shop_id GROUP BY t1.shop_id ORDER BY count(*) DESC LIMIT 1,False,False,False,"['Stores', 'Shops', 'employee', 'Stores', 'Shops']",cross-encoder
"Suchen Sie die Namen der Geschäfte, die keine Mitarbeiter einstellen.",SELECT name FROM shop WHERE shop_id NOT IN (SELECT shop_id FROM hiring),False,False,False,"['store_district', 'Stores', 'Shops', 'employee']",cross-encoder
Welche Geschäfte betreiben keine Mitarbeiter? Finden Sie die Namen der Geschäfte,SELECT name FROM shop WHERE shop_id NOT IN (SELECT shop_id FROM hiring),False,False,False,"['store_district', 'Stores', 'Shops', 'employee', 'store_district', 'Stores', 'Shops']",cross-encoder
Finden Sie die Anzahl der in jedem Geschäft eingestellten Mitarbeiter; zeigen Sie auch den Namen des Geschäfts an.,"SELECT count(*) ,  t2.name FROM hiring AS t1 JOIN shop AS t2 ON t1.shop_id  =  t2.shop_id GROUP BY t2.name",False,False,False,"['Stores', 'Shops', 'employee', 'store_district', 'Stores', 'Shops']",cross-encoder
Geben Sie für jedes Geschäft die Anzahl der dort beschäftigten Mitarbeiter und den Namen des Geschäfts an.,"SELECT count(*) ,  t2.name FROM hiring AS t1 JOIN shop AS t2 ON t1.shop_id  =  t2.shop_id GROUP BY t2.name",False,False,False,"['Stores', 'Shops', 'employment', 'employee', 'store_district', 'Stores', 'Shops']",cross-encoder
"Wie hoch ist der Gesamtbonus, der in allen Bewertungen angegeben wird?",SELECT sum(bonus) FROM evaluation,False,False,False,['Rating'],cross-encoder
"Ermitteln Sie den Gesamtbetrag des Bonus, der in allen Bewertungen angegeben ist.",SELECT sum(bonus) FROM evaluation,False,False,False,['Rating'],cross-encoder
Geben Sie mir alle Informationen über die Einstellung.,SELECT * FROM hiring,True,False,False,['hiring'],cross-encoder
Was sind alle Informationen über die Einstellung?,SELECT * FROM hiring,True,False,False,['hiring'],cross-encoder
In welchem Bezirk gibt es sowohl Geschäfte mit weniger als 3000 Produkten als auch Geschäfte mit mehr als 10000 Produkten?,SELECT district FROM shop WHERE Number_products  <  3000 INTERSECT SELECT district FROM shop WHERE Number_products  >  10000,True,False,False,"['district', 'store_district', 'Stores', 'Shops', 'Products', 'Product', 'store_district', 'Stores', 'Shops', 'Product']",cross-encoder
"Finden Sie die Bezirke, in denen es sowohl Geschäfte mit weniger als 3000 Produkten als auch Geschäfte mit mehr als 10000 Produkten gibt.",SELECT district FROM shop WHERE Number_products  <  3000 INTERSECT SELECT district FROM shop WHERE Number_products  >  10000,True,False,False,"['store_district', 'Stores', 'Shops', 'Products', 'Product', 'store_district', 'Stores', 'Shops', 'Products', 'Product']",cross-encoder
Wie viele verschiedene Standorte gibt es?,SELECT count(DISTINCT LOCATION) FROM shop,True,False,False,"['Locations', 'LOCATION']",cross-encoder
Zählen Sie die verschiedenen Standorte.,SELECT count(DISTINCT LOCATION) FROM shop,False,False,False,['Locations'],cross-encoder
Wie viele Dokumente haben wir?,SELECT count(*) FROM Documents,True,False,False,"['Documents', 'Documents']",cross-encoder
Zählen Sie die Dokumente.,SELECT count(*) FROM Documents,True,False,False,['Documents'],cross-encoder
"Listen Sie die IDs, Namen und Beschreibungen für alle Dokumente auf.","SELECT document_id ,  document_name ,  document_description FROM Documents",True,False,False,"['Documents', 'Documents']",cross-encoder
"Was sind die IDs, Namen und Beschreibungen für alle Dokumente?","SELECT document_id ,  document_name ,  document_description FROM Documents",True,False,False,['Documents'],cross-encoder
"Wie lauten der Dokumentname und die Vorlagen-ID für ein Dokument mit einer Beschreibung, in der 'w' vorkommt?","SELECT document_name ,  template_id FROM Documents WHERE Document_Description LIKE ""%w%""",True,False,False,"['Documents', 'Documents']",cross-encoder
"Geben Sie die Namen und Vorlagen-IDs für Dokumente zurück, die ""w"" in ihrer Beschreibung enthalten.","SELECT document_name ,  template_id FROM Documents WHERE Document_Description LIKE ""%w%""",True,False,False,"['Documents', 'Documents']",cross-encoder
"Wie lauten die Dokument-ID, die Vorlagen-ID und die Beschreibung für ein Dokument mit dem Namen ""Robbin CV""?","SELECT document_id ,  template_id ,  Document_Description FROM Documents WHERE document_name  =  ""Robbin CV""",True,False,False,"['Documents', 'Documents']",cross-encoder
"Geben Sie die Dokument-ID, die Vorlagen-ID und die Beschreibung für das Dokument mit dem Namen ""Robbin CV"" zurück.","SELECT document_id ,  template_id ,  Document_Description FROM Documents WHERE document_name  =  ""Robbin CV""",True,False,False,"['Documents', 'Documents']",cross-encoder
Wie viele verschiedene Vorlagen werden für alle Dokumente verwendet?,SELECT count(DISTINCT template_id) FROM Documents,True,False,False,"['Templates', 'Documents', 'Documents']",cross-encoder
"Zählen Sie die verschiedenen Vorlagen, die für Dokumente verwendet werden.",SELECT count(DISTINCT template_id) FROM Documents,True,False,False,"['Templates', 'Documents', 'Documents']",cross-encoder
"Wie viele Dokumente verwenden die Vorlage mit dem Typcode ""PPT""?",SELECT count(*) FROM Documents AS T1 JOIN Templates AS T2 ON T1.Template_ID  =  T2.Template_ID WHERE T2.Template_Type_Code  =  'PPT',True,False,False,"['Documents', 'Documents']",cross-encoder
"Zählen Sie die Dokumente, die den Vorlagentyp 'PPT' verwenden.",SELECT count(*) FROM Documents AS T1 JOIN Templates AS T2 ON T1.Template_ID  =  T2.Template_ID WHERE T2.Template_Type_Code  =  'PPT',True,False,False,['Documents'],cross-encoder
"Zeigen Sie alle Vorlagen-IDs und die Anzahl der Dokumente, die jede Vorlage verwenden.","SELECT template_id ,  count(*) FROM Documents GROUP BY template_id",True,False,False,['Documents'],cross-encoder
"Was sind die verschiedenen Vorlagen-IDs, die für Dokumente verwendet werden, und wie oft wurden sie jeweils verwendet?","SELECT template_id ,  count(*) FROM Documents GROUP BY template_id",True,False,False,"['Documents', 'Documents']",cross-encoder
"Welches ist der ID und Typcode für die Vorlage, die von den meisten Dokumenten verwendet wird?","SELECT T1.template_id ,  T2.Template_Type_Code FROM Documents AS T1 JOIN Templates AS T2 ON T1.template_id  =  T2.template_id GROUP BY T1.template_id ORDER BY count(*) DESC LIMIT 1",True,False,False,['Documents'],cross-encoder
"Geben Sie die ID und den Typcode der Vorlage zurück, die für die größte Anzahl von Dokumenten verwendet wird.","SELECT T1.template_id ,  T2.Template_Type_Code FROM Documents AS T1 JOIN Templates AS T2 ON T1.template_id  =  T2.template_id GROUP BY T1.template_id ORDER BY count(*) DESC LIMIT 1",True,False,False,['Documents'],cross-encoder
"Zeigen Sie die IDs für alle Vorlagen an, die von mehr als einem Dokument verwendet werden.",SELECT template_id FROM Documents GROUP BY template_id HAVING count(*)  >  1,True,False,False,"['Templates', 'Documents', 'Documents']",cross-encoder
"Wie lauten die Vorlagen-IDs aller Vorlagen, die in mehr als einem Dokument verwendet werden?",SELECT template_id FROM Documents GROUP BY template_id HAVING count(*)  >  1,True,False,False,"['Templates', 'Documents', 'Documents']",cross-encoder
"Zeigen Sie die IDs aller Vorlagen an, die von keinem Dokument verwendet werden.",SELECT template_id FROM Templates EXCEPT SELECT template_id FROM Documents,True,False,False,"['Templates', 'Documents', 'Documents']",cross-encoder
"Wie lauten die IDs von Vorlagen, die in keinem Dokument verwendet werden?",SELECT template_id FROM Templates EXCEPT SELECT template_id FROM Documents,True,False,False,"['Templates', 'Documents', 'Documents']",cross-encoder
Wie viele Vorlagen haben wir?,SELECT count(*) FROM Templates,True,False,False,['Templates'],cross-encoder
Zählen Sie die Vorlagen.,SELECT count(*) FROM Templates,True,False,False,['Templates'],cross-encoder
"Zeigen Sie die IDs, die Versionsnummern und die Typcodes für alle Vorlagen an.","SELECT template_id ,  version_number ,  template_type_code FROM Templates",True,False,False,['Templates'],cross-encoder
Alle verschiedenen Typcodes für alle Vorlagen anzeigen.,SELECT DISTINCT template_type_code FROM Templates,True,False,False,['Templates'],cross-encoder
Geben Sie die IDs von Vorlagen mit dem Code PP oder PPT zurück.,"SELECT template_id FROM Templates WHERE template_type_code  =  ""PP"" OR template_type_code  =  ""PPT""",True,False,False,['Templates'],cross-encoder
Wie viele Vorlagen haben den Typcode CV?,"SELECT count(*) FROM Templates WHERE template_type_code  =  ""CV""",True,False,False,['Templates'],cross-encoder
Zählen Sie die Anzahl der Vorlagen vom Typ CV.,"SELECT count(*) FROM Templates WHERE template_type_code  =  ""CV""",True,False,False,['Templates'],cross-encoder
Zählen Sie die Versionsnummern und Typcodes von Vorlagen mit einer Versionsnummer größer als 5.,"SELECT version_number ,  template_type_code FROM Templates WHERE version_number  >  5",True,False,False,"['Templates', 'Sizes']",cross-encoder
Zeigen Sie alle Vorlagentypcodes und die Anzahl der jeweiligen Vorlagen an.,"SELECT template_type_code ,  count(*) FROM Templates GROUP BY template_type_code",True,False,False,['Templates'],cross-encoder
"Welches sind die verschiedenen Vorlagentypcodes, und wie viele Vorlagen entsprechen ihnen jeweils?","SELECT template_type_code ,  count(*) FROM Templates GROUP BY template_type_code",True,False,False,['Templates'],cross-encoder
Welcher Typcode hat die meisten Vorlagen?,SELECT template_type_code FROM Templates GROUP BY template_type_code ORDER BY count(*) DESC LIMIT 1,True,False,False,['Templates'],cross-encoder
"Geben Sie den Typcode zurück, zu dem die meisten Vorlagen gehören.",SELECT template_type_code FROM Templates GROUP BY template_type_code ORDER BY count(*) DESC LIMIT 1,True,False,False,['Templates'],cross-encoder
Alle Vorlagentypcodes mit weniger als drei Vorlagen anzeigen.,SELECT template_type_code FROM Templates GROUP BY template_type_code HAVING count(*)  <  3,True,False,False,['Templates'],cross-encoder
"Was sind die Codes der Vorlagentypen, die weniger als 3 Vorlagen haben?",SELECT template_type_code FROM Templates GROUP BY template_type_code HAVING count(*)  <  3,True,False,False,['Templates'],cross-encoder
"Wie lautet der Typcode der Vorlage, die von einem Dokument mit dem Namen ""Datenbank"" verwendet wird?","SELECT T1.template_type_code FROM Templates AS T1 JOIN Documents AS T2 ON T1.template_id  =  T2.template_id WHERE T2.document_name  =  ""Data base""",True,False,False,"['Documents', 'Documents']",cross-encoder
"Geben Sie den Typcode der Vorlage zurück, die von einem Dokument mit dem Namen ""Datenbank"" verwendet wird.","SELECT T1.template_type_code FROM Templates AS T1 JOIN Documents AS T2 ON T1.template_id  =  T2.template_id WHERE T2.document_name  =  ""Data base""",True,False,False,"['Documents', 'Documents']",cross-encoder
"Zeigen Sie alle Dokumentnamen an, die Vorlagen mit dem Vorlagentypcode BK verwenden.","SELECT T2.document_name FROM Templates AS T1 JOIN Documents AS T2 ON T1.template_id  =  T2.template_id WHERE T1.template_type_code  =  ""BK""",True,False,False,['Templates'],cross-encoder
"Wie lauten die Namen von Dokumenten, die Vorlagen mit dem Code BK verwenden?","SELECT T2.document_name FROM Templates AS T1 JOIN Documents AS T2 ON T1.template_id  =  T2.template_id WHERE T1.template_type_code  =  ""BK""",True,False,False,"['Documents', 'Templates']",cross-encoder
"Zeigen Sie alle Vorlagentypcodes und die Anzahl der Dokumente an, die jeden Typ verwenden.","SELECT T1.template_type_code ,  count(*) FROM Templates AS T1 JOIN Documents AS T2 ON T1.template_id  =  T2.template_id GROUP BY T1.template_type_code",True,False,False,"['Documents', 'Documents']",cross-encoder
"Was sind die verschiedenen Vorlagentypcodes, und wie viele Dokumente verwenden jeden Typ?","SELECT T1.template_type_code ,  count(*) FROM Templates AS T1 JOIN Documents AS T2 ON T1.template_id  =  T2.template_id GROUP BY T1.template_type_code",True,False,False,"['Documents', 'Documents']",cross-encoder
Welcher Vorlagentypcode wird von der meisten Anzahl von Dokumenten verwendet?,SELECT T1.template_type_code FROM Templates AS T1 JOIN Documents AS T2 ON T1.template_id  =  T2.template_id GROUP BY T1.template_type_code ORDER BY count(*) DESC LIMIT 1,True,False,False,['Documents'],cross-encoder
"Geben Sie den Code des Vorlagentyps zurück, der am häufigsten in Dokumenten verwendet wird.",SELECT T1.template_type_code FROM Templates AS T1 JOIN Documents AS T2 ON T1.template_id  =  T2.template_id GROUP BY T1.template_type_code ORDER BY count(*) DESC LIMIT 1,True,False,False,['Documents'],cross-encoder
"Zeigen Sie alle Typcodes der Vorlagen an, die von keinem Dokument verwendet werden.",SELECT template_type_code FROM Templates EXCEPT SELECT template_type_code FROM Templates AS T1 JOIN Documents AS T2 ON T1.template_id  =  T2.template_id,True,False,False,"['Templates', 'Documents', 'Documents']",cross-encoder
"Welches sind die Typcodes der Vorlagen, die von keinem Dokument verwendet werden?",SELECT template_type_code FROM Templates EXCEPT SELECT template_type_code FROM Templates AS T1 JOIN Documents AS T2 ON T1.template_id  =  T2.template_id,True,False,False,"['Templates', 'Documents', 'Documents']",cross-encoder
Zeigen Sie alle Typcodes und Beschreibungen der Vorlagen an.,"SELECT template_type_code ,  template_type_description FROM Ref_template_types",False,False,False,['Templates'],cross-encoder
Wie lauten die Typencodes und Beschreibungen für alle Vorlagen?,"SELECT template_type_code ,  template_type_description FROM Ref_template_types",False,False,False,['Templates'],cross-encoder
"Geben Sie den Typcode der Vorlagen mit der Beschreibung ""Buch"" zurück.","SELECT template_type_code FROM Ref_template_types WHERE template_type_description  =  ""Book""",False,False,False,['Templates'],cross-encoder
"Welches sind die verschiedenen Beschreibungen für die Vorlagen, die jemals von einem Dokument verwendet wurden?",SELECT DISTINCT T1.template_type_description FROM Ref_template_types AS T1 JOIN Templates AS T2 ON T1.template_type_code  = T2.template_type_code JOIN Documents AS T3 ON T2.Template_ID  =  T3.template_ID,True,False,False,"['Templates', 'Documents', 'Documents']",cross-encoder
"Geben Sie die verschiedenen Beschreibungen für Vorlagen zurück, die in einem Dokument verwendet worden sind.",SELECT DISTINCT T1.template_type_description FROM Ref_template_types AS T1 JOIN Templates AS T2 ON T1.template_type_code  = T2.template_type_code JOIN Documents AS T3 ON T2.Template_ID  =  T3.template_ID,True,False,False,"['Templates', 'Documents', 'Documents']",cross-encoder
"Geben Sie die IDs zurück, die den Vorlagen mit der Beschreibung ""Präsentation"" entsprechen.","SELECT T2.template_id FROM Ref_template_types AS T1 JOIN Templates AS T2 ON T1.template_type_code  = T2.template_type_code WHERE T1.template_type_description  =  ""Presentation""",True,False,False,['Templates'],cross-encoder
Wie viele Absätze insgesamt?,SELECT count(*) FROM Paragraphs,True,False,False,['Paragraphs'],cross-encoder
Zählen Sie die Absätze.,SELECT count(*) FROM Paragraphs,True,False,False,['Paragraphs'],cross-encoder
"Wie viele Absätze für das Dokument mit dem Namen ""Summer Show""?",SELECT count(*) FROM Paragraphs AS T1 JOIN Documents AS T2 ON T1.document_ID  =  T2.document_ID WHERE T2.document_name  =  'Summer Show',True,False,False,"['Paragraphs', 'Documents', 'Documents']",cross-encoder
"Zählen Sie die Anzahl der Absätze für das Dokument mit dem Namen ""Summer Show"".",SELECT count(*) FROM Paragraphs AS T1 JOIN Documents AS T2 ON T1.document_ID  =  T2.document_ID WHERE T2.document_name  =  'Summer Show',True,False,False,"['Paragraphs', 'Documents', 'Documents']",cross-encoder
"Zeige Details für den Absatz mit dem Text ""Korea ' .",select other_details from paragraphs where paragraph_text like 'korea',True,False,False,['Paragraphs'],cross-encoder
Wie lauten die Details für den Absatz mit dem Text 'Korea ' ?,select other_details from paragraphs where paragraph_text like 'korea',True,False,False,['Paragraphs'],cross-encoder
Alle Absatz-IDs und Texte für das Dokument mit dem Namen 'Welcome to NY' anzeigen.,"SELECT T1.paragraph_id ,   T1.paragraph_text FROM Paragraphs AS T1 JOIN Documents AS T2 ON T1.document_id  =  T2.document_id WHERE T2.Document_Name  =  'Welcome to NY'",True,False,False,"['Documents', 'Documents']",cross-encoder
"Was sind die IDs und Texte von Absätzen in dem Dokument mit dem Namen ""Welcome to NY""?","SELECT T1.paragraph_id ,   T1.paragraph_text FROM Paragraphs AS T1 JOIN Documents AS T2 ON T1.document_id  =  T2.document_id WHERE T2.Document_Name  =  'Welcome to NY'",True,False,False,"['Paragraphs', 'Documents', 'Documents']",cross-encoder
"Alle Absatztexte für das Dokument mit dem Namen ""Customer reviews"" anzeigen.","SELECT T1.paragraph_text FROM Paragraphs AS T1 JOIN Documents AS T2 ON T1.document_id  =  T2.document_id WHERE T2.document_name  =  ""Customer reviews""",True,False,False,"['Documents', 'Documents']",cross-encoder
"Was sind die Absatztexte für das Dokument mit dem Namen ""Customer reviews""?","SELECT T1.paragraph_text FROM Paragraphs AS T1 JOIN Documents AS T2 ON T1.document_id  =  T2.document_id WHERE T2.document_name  =  ""Customer reviews""",True,False,False,"['Documents', 'Documents']",cross-encoder
Alle Dokument-IDs und die Anzahl der Absätze in jedem Dokument anzeigen. Nach Dokument-ID geordnet.,"SELECT document_id ,  count(*) FROM Paragraphs GROUP BY document_id ORDER BY document_id",True,False,False,"['Paragraphs', 'Documents', 'Documents']",cross-encoder
"Geben Sie die verschiedenen Dokument-IDs zusammen mit der Anzahl der entsprechenden Absätze, geordnet nach ID, zurück.","SELECT document_id ,  count(*) FROM Paragraphs GROUP BY document_id ORDER BY document_id",True,False,False,['Paragraphs'],cross-encoder
"Alle Dokument-IDs, Namen und die Anzahl der Absätze in jedem Dokument anzeigen.","SELECT T1.document_id ,  T2.document_name ,  count(*) FROM Paragraphs AS T1 JOIN Documents AS T2 ON T1.document_id  =  T2.document_id GROUP BY T1.document_id",True,False,False,"['Paragraphs', 'Documents', 'Documents']",cross-encoder
Was sind die IDs und Namen der einzelnen Dokumente sowie die Anzahl der Absätze in jedem Dokument?,"SELECT T1.document_id ,  T2.document_name ,  count(*) FROM Paragraphs AS T1 JOIN Documents AS T2 ON T1.document_id  =  T2.document_id GROUP BY T1.document_id",True,False,False,"['Documents', 'Documents', 'Paragraphs', 'Documents']",cross-encoder
Alle Dokument-IDs mit mindestens zwei Absätzen auflisten.,SELECT document_id FROM Paragraphs GROUP BY document_id HAVING count(*)  >=  2,True,False,False,['Paragraphs'],cross-encoder
Wie lauten die IDs von Dokumenten mit 2 oder mehr Absätzen?,SELECT document_id FROM Paragraphs GROUP BY document_id HAVING count(*)  >=  2,False,False,False,['Documents'],cross-encoder
Geben Sie die ID und den Namen des Dokuments mit den meisten Absätzen zurück.,"SELECT T1.document_id ,  T2.document_name FROM Paragraphs AS T1 JOIN Documents AS T2 ON T1.document_id  =  T2.document_id GROUP BY T1.document_id ORDER BY count(*) DESC LIMIT 1",True,False,False,['Paragraphs'],cross-encoder
Geben Sie die Dokument-ID mit den wenigsten Absätzen zurück.,SELECT document_id FROM Paragraphs GROUP BY document_id ORDER BY count(*) ASC LIMIT 1,True,False,False,['Paragraphs'],cross-encoder
"Geben Sie die IDs von Dokumenten an, die zwischen einem und zwei Absätzen haben.",SELECT document_id FROM Paragraphs GROUP BY document_id HAVING count(*) BETWEEN 1 AND 2,True,False,False,"['Documents', 'Paragraphs']",cross-encoder
Geben Sie die Dokument-ID mit den Absätzen 'Brasilien' und 'Irland' an.,SELECT document_id FROM Paragraphs WHERE paragraph_text  =  'Brazil' INTERSECT SELECT document_id FROM Paragraphs WHERE paragraph_text  =  'Ireland',True,False,False,['Paragraphs'],cross-encoder
"Wie lauten die IDs von Dokumenten, die den Absatztext 'Brasilien' und 'Irland' enthalten?",SELECT document_id FROM Paragraphs WHERE paragraph_text  =  'Brazil' INTERSECT SELECT document_id FROM Paragraphs WHERE paragraph_text  =  'Ireland',False,False,False,['Documents'],cross-encoder
Aus welchen Städten kommen mindestens zwei Lehrenden?,SELECT Hometown FROM teacher GROUP BY Hometown HAVING COUNT(*)  >=  2,False,False,False,['city'],cross-encoder
"Zeigen Sie die Namen der Lehrenden und die Kurse, die sie unterrichten sollen.","SELECT T3.Name ,  T2.Course FROM course_arrange AS T1 JOIN course AS T2 ON T1.Course_ID  =  T2.Course_ID JOIN teacher AS T3 ON T1.Teacher_ID  =  T3.Teacher_ID",False,False,False,"['Courses', 'Lessons']",cross-encoder
Wie lauten die Namen der/des einzelnen Lehrenden und welchen Kurs sie unterrichten?,"SELECT T3.Name ,  T2.Course FROM course_arrange AS T1 JOIN course AS T2 ON T1.Course_ID  =  T2.Course_ID JOIN teacher AS T3 ON T1.Teacher_ID  =  T3.Teacher_ID",True,False,False,"['course', 'Lessons']",cross-encoder
"Zeigen Sie die Namen der Lehrenden und die Kurse, die sie unterrichten, in aufsteigender alphabetischer Reihenfolge des Namens der Lehrenden an.","SELECT T3.Name ,  T2.Course FROM course_arrange AS T1 JOIN course AS T2 ON T1.Course_ID  =  T2.Course_ID JOIN teacher AS T3 ON T1.Teacher_ID  =  T3.Teacher_ID ORDER BY T3.Name",False,False,False,"['Courses', 'Lessons']",cross-encoder
"Wie lauten die Namen der Lehrenden und der Kurse, die sie unterrichten, in aufsteigender alphabetischer Reihenfolge nach dem Namen der Lehrenden?","SELECT T3.Name ,  T2.Course FROM course_arrange AS T1 JOIN course AS T2 ON T1.Course_ID  =  T2.Course_ID JOIN teacher AS T3 ON T1.Teacher_ID  =  T3.Teacher_ID ORDER BY T3.Name",False,False,False,"['Courses', 'Lessons']",cross-encoder
"Wie lauten die Namen der Personen, die Mathekurse unterrichten?","SELECT T3.Name FROM course_arrange AS T1 JOIN course AS T2 ON T1.Course_ID  =  T2.Course_ID JOIN teacher AS T3 ON T1.Teacher_ID  =  T3.Teacher_ID WHERE T2.Course  =  ""Math""",False,False,False,"['people', 'Lessons']",cross-encoder
"Zeigen Sie die Namen der Lehrenden und die Anzahl der Kurse, die sie unterrichten.","SELECT T2.Name ,  COUNT(*) FROM course_arrange AS T1 JOIN teacher AS T2 ON T1.Teacher_ID  =  T2.Teacher_ID GROUP BY T2.Name",False,False,False,"['Courses', 'Lessons']",cross-encoder
"Wie lauten die Namen der Lehrenden und die Anzahl der Kurse, die sie unterrichten?","SELECT T2.Name ,  COUNT(*) FROM course_arrange AS T1 JOIN teacher AS T2 ON T1.Teacher_ID  =  T2.Teacher_ID GROUP BY T2.Name",False,False,False,"['Courses', 'Lessons']",cross-encoder
"Zeigen Sie die Namen der Lehrenden, die mindestens zwei Kurse unterrichten.",SELECT T2.Name FROM course_arrange AS T1 JOIN teacher AS T2 ON T1.Teacher_ID  =  T2.Teacher_ID GROUP BY T2.Name HAVING COUNT(*)  >=  2,False,False,False,"['Courses', 'Lessons']",cross-encoder
"Wie lauten die Namen der Lehrenden, die mindestens zwei Kurse unterrichten?",SELECT T2.Name FROM course_arrange AS T1 JOIN teacher AS T2 ON T1.Teacher_ID  =  T2.Teacher_ID GROUP BY T2.Name HAVING COUNT(*)  >=  2,False,False,False,"['Courses', 'Lessons']",cross-encoder
"Geben Sie die Namen der Lehrenden an, die nicht für das Unterrichten von Kursen vorgesehen sind.",SELECT Name FROM teacher WHERE Teacher_id NOT IN (SELECT Teacher_id FROM course_arrange),False,False,False,"['Lessons', 'Courses']",cross-encoder
"Wie lauten die Namen der Lehrenden, deren Kurse nicht vereinbart wurden?",SELECT Name FROM teacher WHERE Teacher_id NOT IN (SELECT Teacher_id FROM course_arrange),False,False,False,['Courses'],cross-encoder
Wie viele Besucher unter 30 Jahren gibt es?,SELECT count(*) FROM visitor WHERE age  <  30,False,False,False,['Visitors'],cross-encoder
"Finden Sie die Namen der Besucher, deren Mitgliedsstufe höher als 4 ist, und ordnen Sie die Ergebnisse nach der Stufe von hoch nach niedrig.",SELECT name FROM visitor WHERE Level_of_membership  >  4 ORDER BY Level_of_membership DESC,False,False,False,"['Visitors', 'results']",cross-encoder
"Wie hoch ist das Durchschnittsalter der Besucher, deren Mitgliedsstufe nicht höher als 4 ist?",SELECT avg(age) FROM visitor WHERE Level_of_membership  <=  4,False,False,False,['Visitors'],cross-encoder
"Finden Sie den Namen und die Mitgliedsstufe der Besucher, deren Mitgliedsstufe höher als 4 ist, und ordnen Sie die Ergebnisse nach ihrem Alter von alt bis jung.","SELECT name ,  Level_of_membership FROM visitor WHERE Level_of_membership  >  4 ORDER BY age DESC",False,False,False,"['Visitors', 'results']",cross-encoder
"Finden Sie die ID und den Namen des Museums, das die meisten Mitarbeiter hat?","SELECT museum_id ,  name FROM museum ORDER BY num_of_staff DESC LIMIT 1",True,False,False,"['museum', 'employee']",cross-encoder
"Finden Sie die durchschnittliche Anzahl der Mitarbeiter der Museen, die vor 2009 eröffnet wurden.",SELECT avg(num_of_staff) FROM museum WHERE open_year  <  2009,False,False,False,"['employee', 'Museums']",cross-encoder
Welches sind das Eröffnungsjahr und die Mitarbeiterzahl des Museums mit dem Namen Plaza Museum?,"SELECT Num_of_Staff ,  Open_Year FROM museum WHERE name  =  'Plaza Museum'",True,False,False,"['museum', 'museum']",cross-encoder
"Finden Sie die Namen der Museen, die mehr Mitarbeiter haben als die Mindestmitarbeitlzahl aller nach 2010 eröffneten Museen.",SELECT name FROM museum WHERE num_of_staff  >  (SELECT min(num_of_staff) FROM museum WHERE open_year  >  2010),False,False,False,"['Museums', 'employee', 'Museums']",cross-encoder
"Finden Sie die ID, den Namen und das Alter von Besuchern, die einige Museen mehr als einmal besucht haben.","SELECT t1.id ,  t1.name ,  t1.age FROM visitor AS t1 JOIN visit AS t2 ON t1.id  =  t2.visitor_id GROUP BY t1.id HAVING count(*)  >  1",False,False,False,['Museums'],cross-encoder
"Welches sind die ID, der Name und die Mitgliedsstufe der Besucher, die insgesamt den größten Geldbetrag für alle Museumstickets ausgegeben haben?","SELECT t2.visitor_id ,  t1.name ,  t1.Level_of_membership FROM visitor AS t1 JOIN visit AS t2 ON t1.id  =  t2.visitor_id GROUP BY t2.visitor_id ORDER BY sum(t2.Total_spent) DESC LIMIT 1",False,False,False,['Visitors'],cross-encoder
"Wie lauten ID und Name des Museums, das am häufigsten besucht wurde?","SELECT t2.Museum_ID ,  t1.name FROM museum AS t1 JOIN visit AS t2 ON t1.Museum_ID  =  t2.Museum_ID GROUP BY t2.Museum_ID ORDER BY count(*) DESC LIMIT 1",True,False,False,['museum'],cross-encoder
"Wie lautet der Name des Museums, das noch keinen Besucher hatte?",SELECT name FROM museum WHERE Museum_ID NOT IN (SELECT museum_id FROM visit),True,False,False,"['museum', 'Visitors']",cross-encoder
"Wie hoch sind die Gesamtkosten für die Eintrittskarten der Besucher, deren Mitgliedsstufe 1 ist?",SELECT sum(t2.Total_spent) FROM visitor AS t1 JOIN visit AS t2 ON t1.id  =  t2.visitor_id WHERE t1.Level_of_membership  =  1,False,False,False,['Visitors'],cross-encoder
"Wie lautet der Name des Besuchers, der sowohl ein vor 2009 eröffnetes Museum als auch ein nach 2011 eröffnetes Museum besucht hat?",SELECT t1.name FROM visitor AS t1 JOIN visit AS t2 ON t1.id  =  t2.visitor_id JOIN museum AS t3 ON t3.Museum_ID  =  t2.Museum_ID WHERE t3.open_year  <  2009 INTERSECT SELECT t1.name FROM visitor AS t1 JOIN visit AS t2 ON t1.id  =  t2.visitor_id JOIN museum AS t3 ON t3.Museum_ID  =  t2.Museum_ID WHERE t3.open_year  >  2011,True,False,False,"['museum', 'museum']",cross-encoder
"Ermitteln Sie die Anzahl der Besucher, die kein nach 2010 eröffnetes Museum besucht haben.",SELECT count(*) FROM visitor WHERE id NOT IN (SELECT t2.visitor_id FROM museum AS t1 JOIN visit AS t2 ON t1.Museum_ID  =  t2.Museum_ID WHERE t1.open_year  >  2010),True,False,False,"['Visitors', 'museum']",cross-encoder
Wie viele Museen wurden nach 2013 oder vor 2008 eröffnet?,SELECT count(*) FROM museum WHERE open_year  >  2013 OR open_year  <  2008,False,False,False,['Museums'],cross-encoder
Finden Sie die Gesamtzahl der Spieler.,SELECT count(*) FROM players,True,False,False,"['player', 'matches']",cross-encoder
Wie viele Spieler gibt es?,SELECT count(*) FROM players,True,False,False,"['player', 'matches']",cross-encoder
Finden Sie die Gesamtzahl der Spiele.,SELECT count(*) FROM matches,True,False,False,"['game', 'player', 'matches', 'Plays_Games']",cross-encoder
Zählen Sie die Spiele.,SELECT count(*) FROM matches,True,False,False,"['game', 'player', 'matches', 'Plays_Games']",cross-encoder
Geben Sie den Vornamen und das Geburtsdaten aller Spieler aus dem Land mit dem Code USA an.,"SELECT first_name ,  birth_date FROM players WHERE country_code  =  'USA'",True,False,False,"['player', 'matches', 'country']",cross-encoder
Wie lauten die Vornamen und Geburtsdaten der Spieler aus den USA?,"SELECT first_name ,  birth_date FROM players WHERE country_code  =  'USA'",True,False,False,"['player', 'matches']",cross-encoder
Finden Sie das Durchschnittsalter der Verlierer und Gewinner aller Spiele.,"SELECT avg(loser_age) ,  avg(winner_age) FROM matches",True,False,False,"['game', 'player', 'matches', 'Plays_Games']",cross-encoder
Wie sind die Durchschnittsalter der Verlierer und Gewinner aller Spiele?,"SELECT avg(loser_age) ,  avg(winner_age) FROM matches",True,False,False,['matches'],cross-encoder
Welches ist der beste Rang der Verlierer über alle Spiele hinweg?,SELECT min(loser_rank) FROM matches,True,False,False,"['game', 'player', 'matches', 'Plays_Games']",cross-encoder
Finden Sie die Anzahl der verschiedenen Ländercodes aller Spieler.,SELECT count(DISTINCT country_code) FROM players,True,False,False,"['player', 'matches']",cross-encoder
Aus wie vielen verschiedenen Ländern kommen die Spieler?,SELECT count(DISTINCT country_code) FROM players,True,False,False,['player'],cross-encoder
"Finden Sie den Namen eines Turniers, das mehr als 10 Spiele hat.",SELECT tourney_name FROM matches GROUP BY tourney_name HAVING count(*)  >  10,True,False,False,"['game', 'player', 'matches', 'Plays_Games']",cross-encoder
"Wie lauten die Namen von Turnieren, die mehr als 10 Spiele haben?",SELECT tourney_name FROM matches GROUP BY tourney_name HAVING count(*)  >  10,True,False,False,"['game', 'player', 'matches', 'Plays_Games']",cross-encoder
"Wie lauten die Namen der Spieler, die sowohl im Jahr 2013 als auch im Jahr 2016 gewonnen haben?",SELECT winner_name FROM matches WHERE YEAR  =  2013 INTERSECT SELECT winner_name FROM matches WHERE YEAR  =  2016,True,False,False,"['player', 'matches']",cross-encoder
"Geben Sie die Anzahl aller Spiele an, die 2013 oder 2016 stattgefunden haben.",SELECT count(*) FROM matches WHERE YEAR  =  2013 OR YEAR  =  2016,True,False,False,"['game', 'player', 'matches', 'Plays_Games']",cross-encoder
Wie viele Spiele wurden 2013 oder 2016 ausgetragen?,SELECT count(*) FROM matches WHERE YEAR  =  2013 OR YEAR  =  2016,True,False,False,"['game', 'player', 'matches', 'Plays_Games']",cross-encoder
"Wie lauten Ländercode und Vorname der Spieler, die sowohl bei den WTA-Meisterschaften als auch bei den Australian Open gewonnen haben?","SELECT T1.country_code ,  T1.first_name FROM players AS T1 JOIN matches AS T2 ON T1.player_id  =  T2.winner_id WHERE T2.tourney_name  =  'WTA Championships' INTERSECT SELECT T1.country_code ,  T1.first_name FROM players AS T1 JOIN matches AS T2 ON T1.player_id  =  T2.winner_id WHERE T2.tourney_name  =  'Australian Open'",True,False,False,"['player', 'matches']",cross-encoder
"Wie lauten die Vornamen und Ländercodes der Spieler, die sowohl die WTA-Meisterschaften als auch die Australian Open gewonnen haben?","SELECT T1.country_code ,  T1.first_name FROM players AS T1 JOIN matches AS T2 ON T1.player_id  =  T2.winner_id WHERE T2.tourney_name  =  'WTA Championships' INTERSECT SELECT T1.country_code ,  T1.first_name FROM players AS T1 JOIN matches AS T2 ON T1.player_id  =  T2.winner_id WHERE T2.tourney_name  =  'Australian Open'",True,False,False,"['player', 'matches']",cross-encoder
Finden Sie den Vornamen und den Ländercode des ältesten Spielers.,"SELECT first_name ,  country_code FROM players ORDER BY birth_date LIMIT 1",True,False,False,['player'],cross-encoder
Listen Sie den Vor- und Nachnamen aller Spieler in der Reihenfolge ihres Geburtsdatums auf.,"SELECT first_name ,  last_name FROM players ORDER BY birth_date",True,False,False,"['player', 'matches']",cross-encoder
Wie lauten die vollständigen Namen aller Spieler in der Reihenfolge ihres Geburtsdatums?,"SELECT first_name ,  last_name FROM players ORDER BY birth_date",True,False,False,"['player', 'matches']",cross-encoder
"Listen Sie den Vor- und Nachnamen aller Spieler, die Linkshänder verwenden, in der Reihenfolge ihres Geburtsdatums auf.","SELECT first_name ,  last_name FROM players WHERE hand  =  'L' ORDER BY birth_date",True,False,False,"['player', 'matches']",cross-encoder
Wie lauten die vollständigen Namen aller linkshändigen Spieler in der Reihenfolge ihres Geburtsdatums?,"SELECT first_name ,  last_name FROM players WHERE hand  =  'L' ORDER BY birth_date",True,False,False,"['player', 'matches']",cross-encoder
"Finden Sie den Vornamen und den Ländercode des Spielers, der die meisten Touren absolviert hat.","SELECT T1.country_code ,  T1.first_name FROM players AS T1 JOIN rankings AS T2 ON T1.player_id  =  T2.player_id ORDER BY T2.tours DESC LIMIT 1",True,False,False,['player'],cross-encoder
Wie lauten der Vorname und der Ländercode des Spielers mit den meisten Tourneen?,"SELECT T1.country_code ,  T1.first_name FROM players AS T1 JOIN rankings AS T2 ON T1.player_id  =  T2.player_id ORDER BY T2.tours DESC LIMIT 1",True,False,False,['player'],cross-encoder
Welches Jahr hatte die meisten Spiele?,SELECT YEAR FROM matches GROUP BY YEAR ORDER BY count(*) DESC LIMIT 1,True,False,False,['matches'],cross-encoder
"Finden Sie den Namen und die Ranglistenpunkte des Gewinners, der die meisten Spiele gewonnen hat.","SELECT winner_name ,  winner_rank_points FROM matches GROUP BY winner_name ORDER BY count(*) DESC LIMIT 1",True,False,False,"['game', 'player', 'matches', 'Plays_Games']",cross-encoder
"Wie lautet der Name des Gewinners, der die meisten Spiele gewonnen hat, und wie viele Ranglistenpunkte hat dieser Spieler?","SELECT winner_name ,  winner_rank_points FROM matches GROUP BY winner_name ORDER BY count(*) DESC LIMIT 1",True,False,False,"['game', 'player', 'matches', 'Plays_Games', 'player']",cross-encoder
"Finden Sie die Namen des Verlierers und des Gewinners, der an dem Spiel mit der größten Anzahl von Minuten teilgenommen hat.","SELECT winner_name ,  loser_name FROM matches ORDER BY minutes DESC LIMIT 1",True,False,False,"['game', 'matches', 'Plays_Games']",cross-encoder
"Wie lauten die Namen des Gewinners und des Verlierers, die am längsten an den Spielen teilgenommen haben?","SELECT winner_name ,  loser_name FROM matches ORDER BY minutes DESC LIMIT 1",True,False,False,['matches'],cross-encoder
Finden Sie den durchschnittlichen Rang für jeden Spieler und seinen Vornamen.,"SELECT avg(ranking) ,  T1.first_name FROM players AS T1 JOIN rankings AS T2 ON T1.player_id  =  T2.player_id GROUP BY T1.first_name",True,False,False,"['player', 'matches']",cross-encoder
Wie lauten die Vornamen aller Spieler und ihr durchschnittlicher Rang?,"SELECT avg(ranking) ,  T1.first_name FROM players AS T1 JOIN rankings AS T2 ON T1.player_id  =  T2.player_id GROUP BY T1.first_name",True,False,False,"['player', 'matches']",cross-encoder
Finden Sie die Gesamtpunktzahl für jeden Spieler und seinen Vornamen.,"SELECT sum(ranking_points) ,  T1.first_name FROM players AS T1 JOIN rankings AS T2 ON T1.player_id  =  T2.player_id GROUP BY T1.first_name",True,False,False,"['player', 'matches']",cross-encoder
Wie lauten die Vornamen aller Spieler und ihre Gesamtpunktzahl der Ranglistenpunkte?,"SELECT sum(ranking_points) ,  T1.first_name FROM players AS T1 JOIN rankings AS T2 ON T1.player_id  =  T2.player_id GROUP BY T1.first_name",True,False,False,"['player', 'matches']",cross-encoder
Finden Sie die Anzahl der Spieler für jedes Land.,"SELECT count(*) ,  country_code FROM players GROUP BY country_code",True,False,False,"['player', 'matches', 'country']",cross-encoder
Wie viele Spieler kommen aus jedem Land?,"SELECT count(*) ,  country_code FROM players GROUP BY country_code",True,False,False,"['player', 'matches', 'country']",cross-encoder
"Finden Sie den Code des Landes, in dem die meisten Spieler leben.",SELECT country_code FROM players GROUP BY country_code ORDER BY count(*) DESC LIMIT 1,True,False,False,"['player', 'matches']",cross-encoder
"Finden Sie die Codes der Länder, die mehr als 50 Spieler haben.",SELECT country_code FROM players GROUP BY country_code HAVING count(*)  >  50,True,False,False,"['countries', 'player', 'matches']",cross-encoder
Wie lauten die Codes der Länder mit mehr als 50 Spielern?,SELECT country_code FROM players GROUP BY country_code HAVING count(*)  >  50,False,False,False,['countries'],cross-encoder
"Finden Sie die Anzahl der Spiele, die in jedem Jahr stattgefunden haben.","SELECT count(*) ,  YEAR FROM matches GROUP BY YEAR",True,False,False,"['game', 'player', 'matches', 'Plays_Games']",cross-encoder
Wie viele Spiele wurden in jedem Jahr ausgetragen?,"SELECT count(*) ,  YEAR FROM matches GROUP BY YEAR",True,False,False,"['game', 'player', 'matches', 'Plays_Games']",cross-encoder
Finden Sie den Namen und Rang der 3 jüngsten Gewinner über alle Spiele hinweg.,"SELECT DISTINCT winner_name ,  winner_rank FROM matches ORDER BY winner_age LIMIT 3",True,False,False,"['game', 'player', 'matches', 'Plays_Games']",cross-encoder
Wie lauten die Namen und Ränge der drei jüngsten Gewinner über alle Spiele hinweg?,"SELECT DISTINCT winner_name ,  winner_rank FROM matches ORDER BY winner_age LIMIT 3",True,False,False,"['game', 'player', 'matches', 'Plays_Games']",cross-encoder
"Finden Sie den Vornamen, den Ländercode und das Geburtsdatum des Gewinners, der in allen Spielen die höchsten Ranglistenpunkte erzielt hat.","SELECT T1.first_name ,  T1.country_code ,  T1.birth_date FROM players AS T1 JOIN matches AS T2 ON T1.player_id  =  T2.winner_id ORDER BY T2.winner_rank_points DESC LIMIT 1",True,False,False,['matches'],cross-encoder
"Wie lauten der Vorname, der Ländercode und das Geburtsdatum des Spielers mit den meisten Ranglistenpunkten in allen Spielen?","SELECT T1.first_name ,  T1.country_code ,  T1.birth_date FROM players AS T1 JOIN matches AS T2 ON T1.player_id  =  T2.winner_id ORDER BY T2.winner_rank_points DESC LIMIT 1",True,False,False,['player'],cross-encoder
Finden Sie die Anzahl der Spieler für jeden Handtyp.,"SELECT count(*) ,  hand FROM players GROUP BY hand",True,False,False,"['player', 'matches']",cross-encoder
Wie viele Spieler gibt es für jeden Handtyp?,"SELECT count(*) ,  hand FROM players GROUP BY hand",True,False,False,"['player', 'matches']",cross-encoder
"Wie viele Schiffe wurden am Ende ""gekapert""?",SELECT count(*) FROM ship WHERE disposition_of_ship  =  'Captured',True,False,False,['ship'],cross-encoder
"Listen Sie den Namen, das Datum und das Ergebnis jeder Schlacht auf.","SELECT name ,  date FROM battle",True,False,False,['battle'],cross-encoder
Welche Situationen mit Toten und Verletzten wurden durch das Schiff mit der Tonnage 't' verursacht?,"SELECT T1.killed ,  T1.injured FROM death AS T1 JOIN ship AS t2 ON T1.caused_by_ship_id  =  T2.id WHERE T2.tonnage  =  't'",True,False,False,['ship'],cross-encoder
"Wie lauten der Name und die Ergebnisse der Kämpfe, wenn der bulgarische Kommandeur nicht ""Boril"" ist?","SELECT name ,  RESULT FROM battle WHERE bulgarian_commander != 'Boril'",False,False,False,['results'],cross-encoder
"Wie lauten die verschiedenen IDs und Namen der Kämpfe, in denen Schiffe des Typs ""Brig"" verloren gingen?","SELECT DISTINCT T1.id ,  T1.name FROM battle AS T1 JOIN ship AS T2 ON T1.id  =  T2.lost_in_battle WHERE T2.ship_type  =  'Brig'",True,False,False,['ship'],cross-encoder
Wie viele verschiedene Ergebnisse gibt es bei den Kämpfen?,SELECT count(DISTINCT RESULT) FROM battle,False,False,False,['results'],cross-encoder
In wie vielen Kämpfen hat kein Schiff mit der Tonnage '225' verloren?,SELECT count(*) FROM battle WHERE id NOT IN ( SELECT lost_in_battle FROM ship WHERE tonnage  =  '225' );,True,False,False,['ship'],cross-encoder
"Nennen Sie den Namen und das Datum der Kämpfe, die das Schiff mit dem Namen ""Lettice"" und das Schiff mit dem Namen ""HMS Atalanta"" verloren haben.","SELECT T1.name ,  T1.date FROM battle AS T1 JOIN ship AS T2 ON T1.id  =  T2.lost_in_battle WHERE T2.name  =  'Lettice' INTERSECT SELECT T1.name ,  T1.date FROM battle AS T1 JOIN ship AS T2 ON T1.id  =  T2.lost_in_battle WHERE T2.name  =  'HMS Atalanta'",True,False,False,"['ship', 'ship']",cross-encoder
"Zeigen Sie Namen, Ergebnisse und bulgarische Kommandeure der Kämpfe ohne verlorene Schiffe im ""Ärmelkanal"".","SELECT name ,  RESULT ,  bulgarian_commander FROM battle EXCEPT SELECT T1.name ,  T1.result ,  T1.bulgarian_commander FROM battle AS T1 JOIN ship AS T2 ON T1.id  =  T2.lost_in_battle WHERE T2.location  =  'English Channel'",True,False,False,"['results', 'ship']",cross-encoder
"Was sind die Aufzeichnungen der Todesfälle, die die Teilzeichenfolge 'Ost' haben?",SELECT note FROM death WHERE note LIKE '%East%',False,False,False,['record'],cross-encoder
Was sind alle Adressen einschließlich Zeile 1 und Zeile 2?,"SELECT line_1 ,  line_2 FROM addresses",True,False,False,"['Addresses', 'address']",cross-encoder
Was ist die erste und zweite Zeile für alle Adressen?,"SELECT line_1 ,  line_2 FROM addresses",True,False,False,['Addresses'],cross-encoder
Wie viele Kurse sind insgesamt aufgeführt?,SELECT count(*) FROM Courses,True,False,False,['Courses'],cross-encoder
Wie viele Kurse gibt es?,SELECT count(*) FROM Courses,True,False,False,['Courses'],cross-encoder
Wie lautet die Postleitzahl der Adresse in der Stadt Port Chelsea?,SELECT zip_postcode FROM Addresses WHERE city  =  'Port Chelsea',True,False,False,"['Addresses', 'address', 'city']",cross-encoder
Wie lautet die Postleitzahl der Stadt Port Chelsea?,SELECT zip_postcode FROM Addresses WHERE city  =  'Port Chelsea',True,False,False,['city'],cross-encoder
Welche Abteilung bietet die meisten Abschlüsse an? Geben Sie den Namen und die ID der Abteilung an.,"SELECT T2.department_name ,  T1.department_id FROM Degree_Programs AS T1 JOIN Departments AS T2 ON T1.department_id  =  T2.department_id GROUP BY T1.department_id ORDER BY count(*) DESC LIMIT 1",True,False,False,"['department', 'department']",cross-encoder
Wie lautet der Name und die ID der Abteilung mit den meisten Abschlüssen?,"select t2.department_name ,  t1.department_id from degree_programs as t1 join departments as t2 on t1.department_id  =  t2.department_id group by t1.department_id order by count(*) desc limit 1",True,False,False,['department'],cross-encoder
Wie viele Abteilungen bieten die meisten Abschlüsse an?,SELECT count(DISTINCT department_id) FROM Degree_Programs,False,False,False,['departments'],cross-encoder
Wie viele verschiedene Abteilungen bieten Abschlüsse an?,SELECT count(DISTINCT department_id) FROM Degree_Programs,False,False,False,['departments'],cross-encoder
Wie viele Abschlüsse bietet die Abteilung für Ingenieurwissenschaften an?,SELECT count(*) FROM Departments AS T1 JOIN Degree_Programs AS T2 ON T1.department_id  =  T2.department_id WHERE T1.department_name  =  'engineer',True,False,False,['department'],cross-encoder
Wie viele Abschlüsse hat die Abteilung für Ingenieurwissenschaften?,SELECT count(*) FROM Departments AS T1 JOIN Degree_Programs AS T2 ON T1.department_id  =  T2.department_id WHERE T1.department_name  =  'engineer',True,False,False,['department'],cross-encoder
Wie lauten die Bezeichnungen und Beschreibungen aller Sektionen?,"SELECT section_name ,  section_description FROM Sections",False,False,False,['appellations'],cross-encoder
Wie lauten die Namen und IDs von Kursen mit höchstens 2 Sektionen?,"SELECT T1.course_name ,  T1.course_id FROM Courses AS T1 JOIN Sections AS T2 ON T1.course_id  =  T2.course_id GROUP BY T1.course_id HAVING count(*)  <=  2",True,False,False,['Courses'],cross-encoder
Wie lauten die Namen und IDs aller Kurse mit weniger als 2 Sektionen?,"SELECT T1.course_name ,  T1.course_id FROM Courses AS T1 JOIN Sections AS T2 ON T1.course_id  =  T2.course_id GROUP BY T1.course_id HAVING count(*)  <=  2",True,False,False,['Courses'],cross-encoder
In welchem Semester sind die meisten Studierenden eingeschrieben? Zeigen Sie sowohl den Namen als auch die ID an.,"SELECT T1.semester_name ,  T1.semester_id FROM Semesters AS T1 JOIN Student_Enrolment AS T2 ON T1.semester_id  =  T2.semester_id GROUP BY T1.semester_id ORDER BY count(*) DESC LIMIT 1",True,False,False,['Semesters'],cross-encoder
"Wie lauten für jedes Semester der Name und die ID des Semesters, in dem die meisten Studierenden eingeschrieben sind?","SELECT T1.semester_name ,  T1.semester_id FROM Semesters AS T1 JOIN Student_Enrolment AS T2 ON T1.semester_id  =  T2.semester_id GROUP BY T1.semester_id ORDER BY count(*) DESC LIMIT 1",True,False,False,"['Semesters', 'Semesters']",cross-encoder
"Wie lautet die Beschreibung der Abteilung, deren Name die Teilzeichenfolge des Computers enthält?",SELECT department_description FROM Departments WHERE department_name LIKE '%computer%',True,False,False,['department'],cross-encoder
"Wie lautet die Beschreibung der Abteilung, in deren Namen das Wort Computer vorkommt?",SELECT department_description FROM Departments WHERE department_name LIKE '%computer%',True,False,False,['department'],cross-encoder
"Wer ist in einem Semester in 2 Studiengängen eingeschrieben? Führen Sie den Vornamen, den Mittel- und Nachnamen und die ID auf.","SELECT T1.first_name ,  T1.middle_name ,  T1.last_name ,  T1.student_id FROM Students AS T1 JOIN Student_Enrolment AS T2 ON T1.student_id  =  T2.student_id GROUP BY T1.student_id HAVING count(*)  =  2",False,False,False,"['Semesters', 'Degree_Programs']",cross-encoder
"Wie lauten die Vor-, Mittel- und Nachnamen sowie die Kennungen aller Studierenden, die sich in einem Semester in 2 Studiengängen eingeschrieben haben?","SELECT T1.first_name ,  T1.middle_name ,  T1.last_name ,  T1.student_id FROM Students AS T1 JOIN Student_Enrolment AS T2 ON T1.student_id  =  T2.student_id GROUP BY T1.student_id HAVING count(*)  =  2",False,False,False,"['Semesters', 'Degree_Programs']",cross-encoder
"Wie lauten die Vor-, Mittel- und Nachnamen aller an einem Bachelor-Studiengang eingeschriebenen Personen?","SELECT DISTINCT T1.first_name ,  T1.middle_name ,  T1.last_name FROM Students AS T1 JOIN Student_Enrolment AS T2 ON T1.student_id  =  T2.student_id JOIN Degree_Programs AS T3 ON T2.degree_program_id  =  T3.degree_program_id WHERE T3.degree_summary_name  =  'Bachelor'",False,False,False,['people'],cross-encoder
"Finden Sie das Studiengang, in dem die meisten Studierenden eingeschrieben sind. Listen Sie sowohl die ID als auch die Zusammenfassung auf.","SELECT T1.degree_program_id ,  T1.degree_summary_name FROM Degree_Programs AS T1 JOIN Student_Enrolment AS T2 ON T1.degree_program_id  =  T2.degree_program_id GROUP BY T1.degree_program_id ORDER BY count(*) DESC LIMIT 1",True,False,False,['Degree_Programs'],cross-encoder
"Welcher Student hat sich am häufigsten für einen Studiengang eingeschrieben? Geben Sie die ID, den Vornamen, den Mittelnamen, den Nachnamen, die Anzahl der Einschreibungen und die Studenten-ID an.","SELECT T1.student_id ,  T1.first_name ,  T1.middle_name ,  T1.last_name ,  count(*) ,  T1.student_id FROM Students AS T1 JOIN Student_Enrolment AS T2 ON T1.student_id  =  T2.student_id GROUP BY T1.student_id ORDER BY count(*) DESC LIMIT 1",True,False,False,"['Student', 'Degree_Programs', 'enrollments']",cross-encoder
"Wie lauten Vor-, Mittel- und Nachname sowie die ID und die Anzahl der Einschreibungen für den Studierenden, der sich am häufigsten in einen Studiengang eingeschrieben hat?","SELECT T1.student_id ,  T1.first_name ,  T1.middle_name ,  T1.last_name ,  count(*) ,  T1.student_id FROM Students AS T1 JOIN Student_Enrolment AS T2 ON T1.student_id  =  T2.student_id GROUP BY T1.student_id ORDER BY count(*) DESC LIMIT 1",False,False,False,"['enrollments', 'Degree_Programs']",cross-encoder
"Wie lautet der Name des Semesters, in dem keine Studierenden eingeschrieben sind?",SELECT semester_name FROM Semesters WHERE semester_id NOT IN( SELECT semester_id FROM Student_Enrolment ),True,False,False,['Semesters'],cross-encoder
"Wie lauten die Namen aller Kurse, in die jemals Studierende eingeschrieben waren?",SELECT DISTINCT T1.course_name FROM Courses AS T1 JOIN Student_Enrolment_Courses AS T2 ON T1.course_id  =  T2.course_id,True,False,False,['Courses'],cross-encoder
"Wie lauten die Namen aller Kurse, für die sich jemals Studierende eingeschrieben haben?",SELECT DISTINCT T1.course_name FROM Courses AS T1 JOIN Student_Enrolment_Courses AS T2 ON T1.course_id  =  T2.course_id,True,False,False,['Courses'],cross-encoder
Wie lautet der Name des Kurses mit den meisten Einschreibungen?,SELECT  T1.course_name FROM Courses AS T1 JOIN Student_Enrolment_Courses AS T2 ON T1.course_id  =  T2.course_id GROUP BY T1.course_name ORDER BY count(*) DESC LIMIT 1,True,False,False,"['Courses', 'enrollments']",cross-encoder
"Wie heißt der Kurs, für den sich die meisten Studierenden eingeschrieben haben?",SELECT  T1.course_name FROM Courses AS T1 JOIN Student_Enrolment_Courses AS T2 ON T1.course_id  =  T2.course_id GROUP BY T1.course_name ORDER BY count(*) DESC LIMIT 1,True,False,False,['course'],cross-encoder
"Finden Sie den Nachnamen der Studierenden, die derzeit im Staat North Carolina leben, aber in keinem Studiengang eingeschrieben sind.",SELECT T1.last_name FROM Students AS T1 JOIN Addresses AS T2 ON T1.current_address_id  =  T2.address_id WHERE T2.state_province_county  =  'NorthCarolina' EXCEPT SELECT DISTINCT T3.last_name FROM Students AS T3 JOIN Student_Enrolment AS T4 ON T3.student_id  =  T4.student_id,False,False,False,['Degree_Programs'],cross-encoder
"Wie lauten die Nachnamen der Studenten, die derzeit im Staat North Carolina leben, aber in keinem Studiengang eingeschrieben sind?",SELECT T1.last_name FROM Students AS T1 JOIN Addresses AS T2 ON T1.current_address_id  =  T2.address_id WHERE T2.state_province_county  =  'NorthCarolina' EXCEPT SELECT DISTINCT T3.last_name FROM Students AS T3 JOIN Student_Enrolment AS T4 ON T3.student_id  =  T4.student_id,True,False,False,"['Students', 'Degree_Programs']",cross-encoder
Zeigen Sie das Datum und die ID der Abschrift mit mindestens 2 Ergebnissen des Kurses an.,"SELECT T2.transcript_date ,  T1.transcript_id FROM Transcript_Contents AS T1 JOIN Transcripts AS T2 ON T1.transcript_id  =  T2.transcript_id GROUP BY T1.transcript_id HAVING count(*)  >=  2",False,False,False,"['results', 'Courses']",cross-encoder
"Wie lautet das Datum und die ID der Abschrift, in dem mindestens 2 Kurse aufgeführt sind?","SELECT T2.transcript_date ,  T1.transcript_id FROM Transcript_Contents AS T1 JOIN Transcripts AS T2 ON T1.transcript_id  =  T2.transcript_id GROUP BY T1.transcript_id HAVING count(*)  >=  2",False,False,False,['Courses'],cross-encoder
Wie lautet die Mobiltelefonnummer des Studenten mit dem Namen Timmothy Ward?,select cell_mobile_number from students where first_name  =  'timmothy' and last_name  =  'ward',True,False,False,['Students'],cross-encoder
"Wer ist der früheste Absolvent der Schule? Geben Sie den Vornamen, den Mittelnamen und den Nachnamen an.","SELECT first_name ,  middle_name ,  last_name FROM Students ORDER BY date_left ASC LIMIT 1",False,False,False,['school'],cross-encoder
Wessen ständige Adresse unterscheidet sich von seiner aktuellen Adresse? Geben Sie seinen oder ihren Vornamen an.,SELECT first_name FROM Students WHERE current_address_id != permanent_address_id,True,False,False,"['Addresses', 'address']",cross-encoder
"Wie lautet der Vorname des/der Studierenden, dessen/deren ständige Adresse sich von seiner/ihrer derzeitigen Adresse unterscheidet?",SELECT first_name FROM Students WHERE current_address_id != permanent_address_id,True,False,False,"['Addresses', 'address', 'Addresses', 'address']",cross-encoder
An welcher Adresse befinden sich derzeit die meisten Studierenden? Geben Sie die ID der Adresse und alle Zeilen an.,"SELECT T1.address_id ,  T1.line_1 ,  T1.line_2 FROM Addresses AS T1 JOIN Students AS T2 ON T1.address_id  =  T2.current_address_id GROUP BY T1.address_id ORDER BY count(*) DESC LIMIT 1",True,False,False,"['Addresses', 'address', 'Addresses', 'address']",cross-encoder
"Wie lautet die ID, Zeile 1 und Zeile 2 der Adresse mit den meisten Studierenden?","SELECT T1.address_id ,  T1.line_1 ,  T1.line_2 FROM Addresses AS T1 JOIN Students AS T2 ON T1.address_id  =  T2.current_address_id GROUP BY T1.address_id ORDER BY count(*) DESC LIMIT 1",True,False,False,"['Addresses', 'address']",cross-encoder
"Wie oft kann ein Kurs maximal in verschiedenen Abschriften angezeigt werden, und wie lautet die ID der Kursanmeldung?","SELECT count(*) ,  student_course_id FROM Transcript_Contents GROUP BY student_course_id ORDER BY count(*) DESC LIMIT 1",True,False,False,['course'],cross-encoder
"Zeigen Sie das Datum der Abschrift an, das die geringste Anzahl von Ergebnissen zeigt, und geben Sie auch die ID an.","SELECT T2.transcript_date ,  T1.transcript_id FROM Transcript_Contents AS T1 JOIN Transcripts AS T2 ON T1.transcript_id  =  T2.transcript_id GROUP BY T1.transcript_id ORDER BY count(*) ASC LIMIT 1",False,False,False,['results'],cross-encoder
Was ist das Datum und die ID der Abschrift mit der geringsten Anzahl von Ergebnissen?,"SELECT T2.transcript_date ,  T1.transcript_id FROM Transcript_Contents AS T1 JOIN Transcripts AS T2 ON T1.transcript_id  =  T2.transcript_id GROUP BY T1.transcript_id ORDER BY count(*) ASC LIMIT 1",False,False,False,['results'],cross-encoder
"Finden Sie das Semester, in dem sowohl Master- als auch Bachelor-Studierende eingeschrieben waren.",SELECT DISTINCT T2.semester_id FROM Degree_Programs AS T1 JOIN Student_Enrolment AS T2 ON T1.degree_program_id  =  T2.degree_program_id WHERE degree_summary_name  =  'Master' INTERSECT SELECT DISTINCT T2.semester_id FROM Degree_Programs AS T1 JOIN Student_Enrolment AS T2 ON T1.degree_program_id  =  T2.degree_program_id WHERE degree_summary_name  =  'Bachelor',False,False,False,['Semesters'],cross-encoder
"Was ist die ID des Semesters, in dem sowohl Master- als auch Bachelor-Studierende eingeschrieben waren?",SELECT DISTINCT T2.semester_id FROM Degree_Programs AS T1 JOIN Student_Enrolment AS T2 ON T1.degree_program_id  =  T2.degree_program_id WHERE degree_summary_name  =  'Master' INTERSECT SELECT DISTINCT T2.semester_id FROM Degree_Programs AS T1 JOIN Student_Enrolment AS T2 ON T1.degree_program_id  =  T2.degree_program_id WHERE degree_summary_name  =  'Bachelor',False,False,False,['Semesters'],cross-encoder
Wie viele verschiedene Adressen haben die Studierenden derzeit?,SELECT count(DISTINCT current_address_id) FROM Students,True,False,False,"['Addresses', 'address']",cross-encoder
"Welche verschiedenen Adressen haben Studierende, die dort wohnen?",SELECT count(DISTINCT current_address_id) FROM Students,True,False,False,"['Addresses', 'address']",cross-encoder
Führen Sie alle Details der Studenten in umgekehrter lexikographischer Reihenfolge auf.,SELECT other_student_details FROM Students ORDER BY other_student_details DESC,True,False,False,['Students'],cross-encoder
"Finden Sie den Vornamen der Studierenden, die dauerhaft in dem Land Haiti wohnen oder die Handynummer 09700166582 haben.",select t1.first_name from students as t1 join addresses as t2 on t1.permanent_address_id  =  t2.address_id where t2.country  =  'haiti' or t1.cell_mobile_number  =  '09700166582',True,False,False,['country'],cross-encoder
"Welches Land hat die meisten Fernsehsender? Führen Sie das Land und die Anzahl der Fernsehsender auf, die es hat.","SELECT Country ,  count(*) FROM TV_Channel GROUP BY Country ORDER BY count(*) DESC LIMIT 1;",True,False,False,"['country', 'country', 'tv_series']",cross-encoder
Welches ist das Land mit den meisten Fernsehsendern und wie viele hat es?,"SELECT Country ,  count(*) FROM TV_Channel GROUP BY Country ORDER BY count(*) DESC LIMIT 1;",True,False,False,['country'],cross-encoder
Führen Sie die Anzahl der verschiedenen Seriennamen und Inhalte in der Tabelle der Fernsehsender auf.,"SELECT count(DISTINCT series_name) ,  count(DISTINCT content) FROM TV_Channel;",False,False,False,['tv_series'],cross-encoder
Wie viele verschiedene Serien und Inhalte sind in der Tabelle der Fernsehsender aufgeführt?,"SELECT count(DISTINCT series_name) ,  count(DISTINCT content) FROM TV_Channel;",False,False,False,['tv_series'],cross-encoder
"Was sind die Paketoptionen der Fernsehsender mit dem Seriennamen ""Sky Radio""?","SELECT Package_Option FROM TV_Channel WHERE series_name = ""Sky Radio"";",False,False,False,['tv_series'],cross-encoder
Wie viele Fernsehsender verwenden die Sprache Englisch?,"SELECT count(*) FROM TV_Channel WHERE LANGUAGE = ""English"";",True,False,False,"['tv_series', 'language']",cross-encoder
Wie viele Fernsehsender verwenden die englische Sprache?,"SELECT count(*) FROM TV_Channel WHERE LANGUAGE = ""English"";",True,False,False,"['tv_series', 'language']",cross-encoder
"Führen Sie die Sprache auf, die die geringste Anzahl von Fernsehsendern verwendet. Listen Sie die Sprache und die Anzahl der Fernsehsender auf.","SELECT LANGUAGE ,  count(*) FROM TV_Channel GROUP BY LANGUAGE ORDER BY count(*) ASC LIMIT 1;",True,False,False,"['language', 'language', 'tv_series']",cross-encoder
"Führen Sie jede Sprache und die Anzahl der Fernsehsender auf, die sie verwenden.","SELECT LANGUAGE ,  count(*) FROM TV_Channel GROUP BY LANGUAGE",True,False,False,"['language', 'tv_series']",cross-encoder
"Geben Sie für jede Sprache die Anzahl der Fernsehsender an, die sie verwenden.","SELECT LANGUAGE ,  count(*) FROM TV_Channel GROUP BY LANGUAGE",True,False,False,"['language', 'tv_series']",cross-encoder
"Welcher Fernsehsender zeigt den Cartoon ""The Rise of the Blue Beetle"" (Der Aufstieg des Blauen Käfers)? Geben Sie den Namen der Serie des Fernsehsenders an.","SELECT T1.series_name FROM TV_Channel AS T1 JOIN Cartoon AS T2 ON T1.id = T2.Channel WHERE T2.Title = ""The Rise of the Blue Beetle!"";",False,False,False,['tv_series'],cross-encoder
"Führen Sie den Titel aller im Fernsehsender gezeigten Cartoons mit dem Seriennamen ""Sky Radio"" auf.","SELECT T2.Title FROM TV_Channel AS T1 JOIN Cartoon AS T2 ON T1.id = T2.Channel WHERE T1.series_name = ""Sky Radio"";",False,False,False,['tv_series'],cross-encoder
"Wie lautet der Titel aller Cartoons, die auf dem Fernsehsender mit dem Seriennamen ""Sky Radio"" ausgestrahlt werden?","SELECT T2.Title FROM TV_Channel AS T1 JOIN Cartoon AS T2 ON T1.id = T2.Channel WHERE T1.series_name = ""Sky Radio"";",False,False,False,['tv_series'],cross-encoder
Listen Sie die Episode aller Fernsehserien nach Bewertung sortiert auf.,SELECT Episode FROM TV_series ORDER BY rating,True,False,False,"['tv_series', 'TV_series', 'Rating']",cross-encoder
Wie sind alle Episoden nach Bewertungen geordnet?,SELECT Episode FROM TV_series ORDER BY rating,True,False,False,['Rating'],cross-encoder
Führen Sie die 3 Fernsehserie mit der höchsten Bewertung auf. Listen Sie die Episode und die Bewertung der Fernsehserie auf.,"SELECT Episode ,  Rating FROM TV_series ORDER BY Rating DESC LIMIT 3;",True,False,False,"['tv_series', 'TV_series', 'Rating', 'Rating', 'tv_series', 'TV_series']",cross-encoder
Welches sind die 3 am höchsten bewerteten Episoden in der Tabelle der Fernsehserien und wie hoch waren diese Bewertungen?,"SELECT Episode ,  Rating FROM TV_series ORDER BY Rating DESC LIMIT 3;",True,False,False,"['tv_series', 'TV_series', 'Rating']",cross-encoder
Was ist der minimale und maximale Anteil der Fernsehserien?,"SELECT max(SHARE) , min(SHARE) FROM TV_series;",True,False,False,['TV_series'],cross-encoder
Wie hoch ist der maximale und minimale Anteil der Fernsehserien?,"SELECT max(SHARE) , min(SHARE) FROM TV_series;",True,False,False,['TV_series'],cross-encoder
"Wann wird eine Fernsehserie mit der Episode "" Die Liebe eines Lebens"" ausgestrahlt?","SELECT Air_Date FROM TV_series WHERE Episode = ""A Love of a Lifetime"";",True,False,False,"['tv_series', 'TV_series']",cross-encoder
"Wie hoch ist der wöchentliche Rang von Fernsehserien mit der Episode ""Die Liebe meines Lebens""?","SELECT Weekly_Rank FROM TV_series WHERE Episode = ""A Love of a Lifetime"";",True,False,False,"['tv_series', 'TV_series']",cross-encoder
"Was ist der Fernsehsender von Fernsehserien mit der Episode ""Die Liebe eines Lebens""? Führen Sie den Namen des Fernsehsenders der Fernsehserie auf.","SELECT T1.series_name FROM TV_Channel AS T1 JOIN TV_series AS T2 ON T1.id = T2.Channel WHERE T2.Episode = ""A Love of a Lifetime"";",True,False,False,"['tv_series', 'tv_series', 'TV_series', 'tv_series', 'TV_series']",cross-encoder
"Führen Sie die Episode aller im Fernsehsender gezeigten Fernsehserien mit dem Seriennamen ""Sky Radio"" auf.","SELECT T2.Episode FROM TV_Channel AS T1 JOIN TV_series AS T2 ON T1.id = T2.Channel WHERE T1.series_name = ""Sky Radio"";",True,False,False,"['tv_series', 'tv_series', 'TV_series']",cross-encoder
"Wie lautet die Episode der Fernsehserie mit dem Seriennamen ""Sky Radio""?","SELECT T2.Episode FROM TV_Channel AS T1 JOIN TV_series AS T2 ON T1.id = T2.Channel WHERE T1.series_name = ""Sky Radio"";",True,False,False,"['tv_series', 'TV_series']",cross-encoder
Wie viele Cartoons hat jeder Regisseur erstellt?,"SELECT count(*) ,  Directed_by FROM cartoon GROUP BY Directed_by",False,False,False,['director'],cross-encoder
"Finden Sie die Paketauswahl und den Namen der Fernsehserie des Fernsehsenders, der über hochauflösendes Fernsehen verfügt.","SELECT package_option ,  series_name FROM TV_Channel WHERE hight_definition_TV  =  ""yes""",False,False,False,"['tv_series', 'TV_series', 'tv_series']",cross-encoder
"Was sind die Paketoptionen und der Name der Serie für den Fernsehsender, der hochauflösendes Fernsehen unterstützt?","SELECT package_option ,  series_name FROM TV_Channel WHERE hight_definition_TV  =  ""yes""",False,False,False,['tv_series'],cross-encoder
Welche Fernsehsender in welchen Ländern spielen einen von Todd Casey geschriebenen Cartoon?,SELECT T1.country FROM TV_Channel AS T1 JOIN cartoon AS T2 ON T1.id = T2.Channel WHERE T2.written_by  =  'Todd Casey',False,False,False,"['tv_series', 'matches']",cross-encoder
"In welchen Ländern gibt es im Fernsehen Cartoons, die von Todd Casey geschrieben wurden?",SELECT T1.country FROM TV_Channel AS T1 JOIN cartoon AS T2 ON T1.id = T2.Channel WHERE T2.written_by  =  'Todd Casey',False,False,False,['tv_series'],cross-encoder
Welche Fernsehsender in welchen Ländern spielen keine von Todd Casey geschriebenen Cartoons?,SELECT country FROM TV_Channel EXCEPT SELECT T1.country FROM TV_Channel AS T1 JOIN cartoon AS T2 ON T1.id = T2.Channel WHERE T2.written_by  =  'Todd Casey',False,False,False,"['tv_series', 'matches']",cross-encoder
"Finden Sie den Namen der Fernsehserie und das Land des Fernsehsenders, der einige Cartoons von Ben Jones und Michael Chang abspielt?","SELECT T1.series_name ,  T1.country FROM TV_Channel AS T1 JOIN cartoon AS T2 ON T1.id = T2.Channel WHERE T2.directed_by  =  'Michael Chang' INTERSECT SELECT T1.series_name ,  T1.country FROM TV_Channel AS T1 JOIN cartoon AS T2 ON T1.id = T2.Channel WHERE T2.directed_by  =  'Ben Jones'",True,False,False,"['tv_series', 'TV_series', 'country']",cross-encoder
"Wie lauten der Serienname und das Land aller Fernsehsender, die Cartoons unter der Regie von Ben Jones und Cartoons unter der Regie von Michael Chang abspielen?","SELECT T1.series_name ,  T1.country FROM TV_Channel AS T1 JOIN cartoon AS T2 ON T1.id = T2.Channel WHERE T2.directed_by  =  'Michael Chang' INTERSECT SELECT T1.series_name ,  T1.country FROM TV_Channel AS T1 JOIN cartoon AS T2 ON T1.id = T2.Channel WHERE T2.directed_by  =  'Ben Jones'",True,False,False,['country'],cross-encoder
"Finden Sie die ID der Fernsehsender aus den Ländern, in denen es mehr als zwei Fernsehsender gibt.",SELECT id FROM tv_channel GROUP BY country HAVING count(*)  >  2,False,False,False,"['tv_series', 'tv_series']",cross-encoder
"Wie lauten die IDs aller Fernsehsender, die mehr als 2 Fernsehsender haben?",SELECT id FROM tv_channel GROUP BY country HAVING count(*)  >  2,False,False,False,['tv_series'],cross-encoder
Wie viele Pokerspieler gibt es?,SELECT count(*) FROM poker_player,True,False,False,['poker_player'],cross-encoder
Zählen Sie die Anzahl der Pokerspieler.,SELECT count(*) FROM poker_player,True,False,False,['poker_player'],cross-encoder
Listen Sie die Einkommen der Pokerspieler in absteigender Reihenfolge auf.,SELECT Earnings FROM poker_player ORDER BY Earnings DESC,True,False,False,['poker_player'],cross-encoder
Was sind die erreichten Finaltische und die besten Platzierungen aller Pokerspieler?,"SELECT Final_Table_Made ,  Best_Finish FROM poker_player",True,False,False,['poker_player'],cross-encoder
Geben Sie das durchschnittliche Einkommen aller Pokerspieler an.,SELECT avg(Earnings) FROM poker_player,True,False,False,['poker_player'],cross-encoder
Was ist der Geldrang des Pokerspielers mit dem höchsten Einkommen?,SELECT Money_Rank FROM poker_player ORDER BY Earnings DESC LIMIT 1,True,False,False,['poker_player'],cross-encoder
Geben Sie den Geldrang des Spielers mit dem höchsten Einkommen zurück.,SELECT Money_Rank FROM poker_player ORDER BY Earnings DESC LIMIT 1,True,False,False,['player'],cross-encoder
Wie lauten die Namen der Pokerspieler?,SELECT T1.Name FROM people AS T1 JOIN poker_player AS T2 ON T1.People_ID  =  T2.People_ID,True,False,False,['poker_player'],cross-encoder
Geben Sie die Namen aller Pokerspieler zurück.,SELECT T1.Name FROM people AS T1 JOIN poker_player AS T2 ON T1.People_ID  =  T2.People_ID,True,False,False,['poker_player'],cross-encoder
Geben Sie die Namen der Pokerspieler in aufsteigender Reihenfolge nach den Finaltischen geordnet an.,SELECT T1.Name FROM people AS T1 JOIN poker_player AS T2 ON T1.People_ID  =  T2.People_ID ORDER BY T2.Final_Table_Made,True,False,False,['poker_player'],cross-encoder
Welches ist das Geburtsdatum des Pokerspielers mit dem niedrigsten Einkommen?,SELECT T1.Birth_Date FROM people AS T1 JOIN poker_player AS T2 ON T1.People_ID  =  T2.People_ID ORDER BY T2.Earnings ASC LIMIT 1,True,False,False,['poker_player'],cross-encoder
Geben Sie das Geburtsdatum des Pokerspielers mit dem niedrigsten Einkommen an.,SELECT T1.Birth_Date FROM people AS T1 JOIN poker_player AS T2 ON T1.People_ID  =  T2.People_ID ORDER BY T2.Earnings ASC LIMIT 1,True,False,False,['poker_player'],cross-encoder
Geben Sie den Geldrang des Pokerspielers mit der größten Höhe zurück.,SELECT T2.Money_Rank FROM people AS T1 JOIN poker_player AS T2 ON T1.People_ID  =  T2.People_ID ORDER BY T1.Height DESC LIMIT 1,True,False,False,['poker_player'],cross-encoder
Wie lauten die Namen der Pokerspieler in absteigender Reihenfolge der Einkommen?,SELECT T1.Name FROM people AS T1 JOIN poker_player AS T2 ON T1.People_ID  =  T2.People_ID ORDER BY T2.Earnings DESC,True,False,False,['poker_player'],cross-encoder
Wie viele Personen gibt es von jeder Nationalität?,"SELECT Nationality ,  COUNT(*) FROM people GROUP BY Nationality",True,False,False,['people'],cross-encoder
"Geben Sie die Nationalitäten an, für die es zwei oder mehr Personen gibt.",SELECT Nationality FROM people GROUP BY Nationality HAVING COUNT(*)  >=  2,True,False,False,['people'],cross-encoder
Geben Sie die Namen und Geburtsdaten der Personen in aufsteigender alphabetischer Reihenfolge der Namen an.,"SELECT Name ,  Birth_Date FROM people ORDER BY Name ASC",True,False,False,['people'],cross-encoder
"Wie lauten die Namen und Geburtsdaten von Personen, geordnet nach ihren Namen in alphabetischer Reihenfolge?","SELECT Name ,  Birth_Date FROM people ORDER BY Name ASC",True,False,False,['people'],cross-encoder
"Zeigen Sie die Namen von Personen an, deren Nationalität nicht ""Russland"" ist.","SELECT Name FROM people WHERE Nationality != ""Russia""",True,False,False,['people'],cross-encoder
"Wie lauten die Namen von Personen, die nicht aus Russland stammen?","SELECT Name FROM people WHERE Nationality != ""Russia""",True,False,False,['people'],cross-encoder
"Listen Sie die Namen von Personen auf, die keine Pokerspieler sind.",SELECT Name FROM people WHERE People_ID NOT IN (SELECT People_ID FROM poker_player),True,False,False,"['people', 'poker_player']",cross-encoder
"Wie lauten die Namen von Personen, die nicht Poker spielen?",SELECT Name FROM people WHERE People_ID NOT IN (SELECT People_ID FROM poker_player),True,False,False,['people'],cross-encoder
"Listen Sie die Nummern und Namen der Kandidaten auf, absteigend geordnet nach den Namen der Kandidaten.","SELECT contestant_number ,  contestant_name FROM contestants ORDER BY contestant_name DESC",True,False,False,"['CONTESTANTS', 'CONTESTANTS']",cross-encoder
"Listen Sie die IDs, Telefonnummern und Staaten aller Stimmen auf.","SELECT vote_id ,  phone_number ,  state FROM votes",True,False,False,['VOTES'],cross-encoder
Was ist das letzte Erstellungsdatum der Stimmen aus dem Staat 'CA'?,SELECT max(created) FROM votes WHERE state  =  'CA',True,False,False,['VOTES'],cross-encoder
Was sind die einzelnen Staaten und schaffen die Zeit aller Stimmen?,"SELECT DISTINCT state ,  created FROM votes",True,False,False,['VOTES'],cross-encoder
"Wie sind die Nummern der Kandidaten und die Namen der Kandidaten, die mindestens zwei Stimmen hatten?","SELECT T1.contestant_number , T1.contestant_name FROM contestants AS T1 JOIN votes AS T2 ON T1.contestant_number  =  T2.contestant_number GROUP BY T1.contestant_number HAVING count(*)  >=  2",True,False,False,"['CONTESTANTS', 'CONTESTANTS', 'VOTES']",cross-encoder
"Wie lauten die Kandidatennummern und Namen, die von allen Kandidaten, die eine Stimme erhalten haben, am wenigsten Stimmen erhalten haben?","SELECT T1.contestant_number , T1.contestant_name FROM contestants AS T1 JOIN votes AS T2 ON T1.contestant_number  =  T2.contestant_number GROUP BY T1.contestant_number ORDER BY count(*) ASC LIMIT 1",True,False,False,"['CONTESTANTS', 'CONTESTANTS', 'VOTES']",cross-encoder
Wie viele Stimmen hat der Staat 'NY' oder 'CA' abgegeben?,SELECT count(*) FROM votes WHERE state  =  'NY' OR state  =  'CA',True,False,False,['VOTES'],cross-encoder
Wie viele Kandidaten wurden nicht gewählt?,SELECT count(*) FROM contestants WHERE contestant_number NOT IN ( SELECT contestant_number FROM votes ),True,False,False,['CONTESTANTS'],cross-encoder
"Was sind die Erstellungsdaten, Staaten und Telefonnummern der Stimmen, die für die Kandidatin mit dem Namen 'Tabatha Gehling' abgegeben wurden?","SELECT T2.created ,  T2.state ,  T2.phone_number FROM contestants AS T1 JOIN votes AS T2 ON T1.contestant_number  =  T2.contestant_number WHERE T1.contestant_name  =  'Tabatha Gehling'",True,False,False,['VOTES'],cross-encoder
"Wie lauten die Namen aller Länder, die nach 1950 unabhängig wurden?",SELECT Name FROM country WHERE IndepYear  >  1950,False,False,False,['countries'],cross-encoder
"Geben Sie die Namen der Länder zurück, die nach 1950 gegründet wurden.",SELECT Name FROM country WHERE IndepYear  >  1950,False,False,False,['countries'],cross-encoder
Wie viele Länder haben eine Republik als Regierungsform?,"SELECT count(*) FROM country WHERE GovernmentForm  =  ""Republic""",False,False,False,['countries'],cross-encoder
"Wie viele Länder haben Regierungen, die Republiken sind?","SELECT count(*) FROM country WHERE GovernmentForm  =  ""Republic""",False,False,False,['countries'],cross-encoder
Wie groß ist die Gesamtfläche der Länder in der Karibik?,"SELECT sum(SurfaceArea) FROM country WHERE Region  =  ""Caribbean""",False,False,False,['countries'],cross-encoder
Wie viel Fläche bedecken die Länder in der Karibik zusammen?,"SELECT sum(SurfaceArea) FROM country WHERE Region  =  ""Caribbean""",False,False,False,['countries'],cross-encoder
Zu welchem Kontinent gehört Anguilla?,"SELECT Continent FROM country WHERE Name  =  ""Anguilla""",False,False,False,['continents'],cross-encoder
In welcher Region liegt die Stadt Kabul?,"SELECT Region FROM country AS T1 JOIN city AS T2 ON T1.Code  =  T2.CountryCode WHERE T2.Name  =  ""Kabul""",True,False,False,"['region', 'city']",cross-encoder
In welcher Region liegt Kabul?,"SELECT Region FROM country AS T1 JOIN city AS T2 ON T1.Code  =  T2.CountryCode WHERE T2.Name  =  ""Kabul""",True,False,False,['region'],cross-encoder
Welche Sprache ist die beliebteste in Aruba?,"SELECT T2.Language FROM country AS T1 JOIN countrylanguage AS T2 ON T1.Code  =  T2.CountryCode WHERE T1.Name  =  ""Aruba"" ORDER BY Percentage DESC LIMIT 1",True,False,False,['language'],cross-encoder
Welche Sprache wird in Aruba überwiegend gesprochen?,"SELECT T2.Language FROM country AS T1 JOIN countrylanguage AS T2 ON T1.Code  =  T2.CountryCode WHERE T1.Name  =  ""Aruba"" ORDER BY Percentage DESC LIMIT 1",True,False,False,['language'],cross-encoder
Welche Region und Bevölkerung gibt es in Angola?,"SELECT Population ,  Region FROM country WHERE Name  =  ""Angola""",True,False,False,['region'],cross-encoder
Zu welcher Region gehört Angola und wie groß ist seine Bevölkerung?,"SELECT Population ,  Region FROM country WHERE Name  =  ""Angola""",True,False,False,['region'],cross-encoder
Wie hoch ist die durchschnittliche Lebenserwartung der Länder in der Region Zentralafrika?,"SELECT avg(LifeExpectancy) FROM country WHERE Region  =  ""Central Africa""",True,False,False,"['countries', 'region']",cross-encoder
Wie heißt das Land mit der kürzesten Lebenserwartung in Asien?,"SELECT Name FROM country WHERE Continent  =  ""Asia"" ORDER BY LifeExpectancy LIMIT 1",True,False,False,['country'],cross-encoder
"Geben Sie die durchschnittliche Lebenserwartung für Länder in Afrika an, die Republiken sind?","SELECT avg(LifeExpectancy) FROM country WHERE Continent  =  ""Africa"" AND GovernmentForm  =  ""Republic""",False,False,False,['countries'],cross-encoder
Wie groß ist die Gesamtfläche der Kontinente Asien und Europa?,"SELECT sum(SurfaceArea) FROM country WHERE Continent  =  ""Asia"" OR Continent  =  ""Europe""",False,False,False,['continents'],cross-encoder
Geben Sie die Gesamtfläche der Länder in Asien oder Europa an.,"SELECT sum(SurfaceArea) FROM country WHERE Continent  =  ""Asia"" OR Continent  =  ""Europe""",False,False,False,['countries'],cross-encoder
Wie viele Menschen leben im Bezirk Gelderland?,"SELECT sum(Population) FROM city WHERE District  =  ""Gelderland""",True,False,False,['district'],cross-encoder
Wie hoch ist die Gesamtbevölkerung des Bezirks Gelderland?,"SELECT sum(Population) FROM city WHERE District  =  ""Gelderland""",True,False,False,['district'],cross-encoder
"Wie heißt das Land, in dem die meisten Sprachen gesprochen werden?",SELECT T1.Name FROM country AS T1 JOIN countrylanguage AS T2 ON T1.Code  =  T2.CountryCode GROUP BY T1.Name ORDER BY COUNT(*) DESC LIMIT 1,True,False,False,['country'],cross-encoder
Welcher Kontinent hat die meisten verschiedenen Sprachen?,SELECT T1.Continent FROM country AS T1 JOIN countrylanguage AS T2 ON T1.Code  =  T2.CountryCode GROUP BY T1.Continent ORDER BY COUNT(*) DESC LIMIT 1,False,False,False,['continents'],cross-encoder
Auf welchem Kontinent werden die meisten Sprachen gesprochen?,SELECT T1.Continent FROM country AS T1 JOIN countrylanguage AS T2 ON T1.Code  =  T2.CountryCode GROUP BY T1.Continent ORDER BY COUNT(*) DESC LIMIT 1,False,False,False,['continents'],cross-encoder
Wie viele Länder sprechen sowohl Englisch als auch Niederländisch?,"SELECT COUNT(*) FROM (SELECT T1.Name FROM country AS T1 JOIN countrylanguage AS T2 ON T1.Code  =  T2.CountryCode WHERE T2.Language  =  ""English"" INTERSECT SELECT T1.Name FROM country AS T1 JOIN countrylanguage AS T2 ON T1.Code  =  T2.CountryCode WHERE T2.Language  =  ""Dutch"")",False,False,False,['countries'],cross-encoder
Wie viele Länder verwenden sowohl Englisch als auch Niederländisch?,"SELECT COUNT(*) FROM (SELECT T1.Name FROM country AS T1 JOIN countrylanguage AS T2 ON T1.Code  =  T2.CountryCode WHERE T2.Language  =  ""English"" INTERSECT SELECT T1.Name FROM country AS T1 JOIN countrylanguage AS T2 ON T1.Code  =  T2.CountryCode WHERE T2.Language  =  ""Dutch"")",False,False,False,['countries'],cross-encoder
"Wie lauten die Namen der Länder, die sowohl Englisch als auch Französisch sprechen?","SELECT T1.Name FROM country AS T1 JOIN countrylanguage AS T2 ON T1.Code  =  T2.CountryCode WHERE T2.Language  =  ""English"" INTERSECT SELECT T1.Name FROM country AS T1 JOIN countrylanguage AS T2 ON T1.Code  =  T2.CountryCode WHERE T2.Language  =  ""French""",False,False,False,['countries'],cross-encoder
"Geben Sie die Namen der Länder an, die sowohl Englisch als auch Französisch sprechen.","SELECT T1.Name FROM country AS T1 JOIN countrylanguage AS T2 ON T1.Code  =  T2.CountryCode WHERE T2.Language  =  ""English"" INTERSECT SELECT T1.Name FROM country AS T1 JOIN countrylanguage AS T2 ON T1.Code  =  T2.CountryCode WHERE T2.Language  =  ""French""",False,False,False,['countries'],cross-encoder
Nennen Sie die Namen der Länder mit Englisch und Französisch als offizielle Sprachen.,"SELECT T1.Name FROM country AS T1 JOIN countrylanguage AS T2 ON T1.Code  =  T2.CountryCode WHERE T2.Language  =  ""English"" AND T2.IsOfficial  =  ""T"" INTERSECT SELECT T1.Name FROM country AS T1 JOIN countrylanguage AS T2 ON T1.Code  =  T2.CountryCode WHERE T2.Language  =  ""French"" AND T2.IsOfficial  =  ""T""",False,False,False,['countries'],cross-encoder
"Wie viele verschiedene Kontinente gibt es, auf denen Chinesisch gesprochen wird?","SELECT COUNT( DISTINCT Continent) FROM country AS T1 JOIN countrylanguage AS T2 ON T1.Code  =  T2.CountryCode WHERE T2.Language  =  ""Chinese""",False,False,False,['continents'],cross-encoder
Auf wie vielen Kontinenten wird Chinesisch gesprochen?,"SELECT COUNT( DISTINCT Continent) FROM country AS T1 JOIN countrylanguage AS T2 ON T1.Code  =  T2.CountryCode WHERE T2.Language  =  ""Chinese""",False,False,False,['continents'],cross-encoder
"Welches sind die Regionen, in denen Englisch oder Niederländisch gesprochen wird?","SELECT DISTINCT T1.Region FROM country AS T1 JOIN countrylanguage AS T2 ON T1.Code  =  T2.CountryCode WHERE T2.Language  =  ""English"" OR T2.Language  =  ""Dutch""",False,False,False,['regions'],cross-encoder
In welchen Regionen wird Niederländisch oder Englisch gesprochen?,"SELECT DISTINCT T1.Region FROM country AS T1 JOIN countrylanguage AS T2 ON T1.Code  =  T2.CountryCode WHERE T2.Language  =  ""English"" OR T2.Language  =  ""Dutch""",False,False,False,['regions'],cross-encoder
"Welches sind die Länder, in denen entweder Englisch oder Niederländisch die offizielle Sprache ist?","select t1.name from country as t1 join countrylanguage as t2 on t1.code  =  t2.countrycode where t2.language  =  ""english"" and isofficial  =  ""t"" union select t1.name from country as t1 join countrylanguage as t2 on t1.code  =  t2.countrycode where t2.language  =  ""dutch"" and isofficial  =  ""t""",True,False,False,"['countries', 'language']",cross-encoder
In welchen Ländern ist entweder Englisch oder Niederländisch die offizielle Sprache?,"SELECT * FROM country AS T1 JOIN countrylanguage AS T2 ON T1.Code  =  T2.CountryCode WHERE T2.Language  =  ""English"" AND IsOfficial  =  ""T"" UNION SELECT * FROM country AS T1 JOIN countrylanguage AS T2 ON T1.Code  =  T2.CountryCode WHERE T2.Language  =  ""Dutch"" AND IsOfficial  =  ""T""",True,False,False,['language'],cross-encoder
Welche Sprache ist die beliebteste auf dem asiatischen Kontinent?,"SELECT T2.Language FROM country AS T1 JOIN countrylanguage AS T2 ON T1.Code  =  T2.CountryCode WHERE T1.Continent  =  ""Asia"" GROUP BY T2.Language ORDER BY COUNT (*) DESC LIMIT 1",True,False,False,['language'],cross-encoder
"Welche ist die Sprache, die von der größten Anzahl asiatischer Nationen verwendet wird?","SELECT T2.Language FROM country AS T1 JOIN countrylanguage AS T2 ON T1.Code  =  T2.CountryCode WHERE T1.Continent  =  ""Asia"" GROUP BY T2.Language ORDER BY COUNT (*) DESC LIMIT 1",True,False,False,['language'],cross-encoder
Welche Sprachen werden in den Regierungen der Republiken nur von einem Land gesprochen?,"SELECT T2.Language FROM country AS T1 JOIN countrylanguage AS T2 ON T1.Code  =  T2.CountryCode WHERE T1.GovernmentForm  =  ""Republic"" GROUP BY T2.Language HAVING COUNT(*)  =  1",True,False,False,['country'],cross-encoder
Welche Sprachen werden nur von einem einzigen Land mit einer Republiksregierung gesprochen?,"SELECT T2.Language FROM country AS T1 JOIN countrylanguage AS T2 ON T1.Code  =  T2.CountryCode WHERE T1.GovernmentForm  =  ""Republic"" GROUP BY T2.Language HAVING COUNT(*)  =  1",True,False,False,['country'],cross-encoder
"Finden Sie die Stadt mit der größten Bevölkerung, die Englisch verwendet.","SELECT T1.Name ,  T1.Population FROM city AS T1 JOIN countrylanguage AS T2 ON T1.CountryCode  =  T2.CountryCode WHERE T2.Language  =  ""English"" ORDER BY T1.Population DESC LIMIT 1",True,False,False,['city'],cross-encoder
"Welches ist die bevölkerungsreichste Stadt, die Englisch spricht?","SELECT T1.Name ,  T1.Population FROM city AS T1 JOIN countrylanguage AS T2 ON T1.CountryCode  =  T2.CountryCode WHERE T2.Language  =  ""English"" ORDER BY T1.Population DESC LIMIT 1",True,False,False,['city'],cross-encoder
"Wie hoch ist die durchschnittliche Lebenserwartung in den Ländern, in denen Englisch nicht die offizielle Sprache ist?","SELECT avg(LifeExpectancy) FROM country WHERE Name NOT IN (SELECT T1.Name FROM country AS T1 JOIN countrylanguage AS T2 ON T1.Code  =  T2.CountryCode WHERE T2.Language  =  ""English"" AND T2.IsOfficial  =  ""T"")",True,False,False,['language'],cross-encoder
"Geben Sie die durchschnittliche Lebenserwartung in den Ländern an, in denen Englisch nicht die offizielle Sprache ist.","SELECT avg(LifeExpectancy) FROM country WHERE Name NOT IN (SELECT T1.Name FROM country AS T1 JOIN countrylanguage AS T2 ON T1.Code  =  T2.CountryCode WHERE T2.Language  =  ""English"" AND T2.IsOfficial  =  ""T"")",True,False,False,['language'],cross-encoder
"Wie hoch ist die Gesamtzahl der Menschen, die in den Ländern leben, in denen Englisch nicht die offizielle Sprache ist?","SELECT sum(Population) FROM country WHERE Name NOT IN (SELECT T1.Name FROM country AS T1 JOIN countrylanguage AS T2 ON T1.Code  =  T2.CountryCode WHERE T2.Language  =  ""English"")",True,False,False,['language'],cross-encoder
"Was ist die offizielle Sprache, die in dem Land gesprochen wird, dessen Staatsoberhaupt Beatrix ist?","SELECT T2.Language FROM country AS T1 JOIN countrylanguage AS T2 ON T1.Code  =  T2.CountryCode WHERE T1.HeadOfState  =  ""Beatrix"" AND T2.IsOfficial  =  ""T""",True,False,False,"['language', 'country']",cross-encoder
"Was ist die offizielle Sprache, die in dem Land gesprochen wird, dessen Staatsoberhaupt Beatrix ist?","SELECT T2.Language FROM country AS T1 JOIN countrylanguage AS T2 ON T1.Code  =  T2.CountryCode WHERE T1.HeadOfState  =  ""Beatrix"" AND T2.IsOfficial  =  ""T""",True,False,False,"['language', 'country']",cross-encoder
"Welches sind die Länder, die eine größere Fläche als jedes andere Land in Europa haben?","SELECT Name FROM country WHERE SurfaceArea  >  (SELECT min(SurfaceArea) FROM country WHERE Continent  =  ""Europe"")",True,False,False,"['countries', 'Sizes', 'country']",cross-encoder
Welche Länder haben eine größere Fläche als jedes andere Land in Europa?,"SELECT Name FROM country WHERE SurfaceArea  >  (SELECT min(SurfaceArea) FROM country WHERE Continent  =  ""Europe"")",True,False,False,"['countries', 'Sizes', 'country']",cross-encoder
"Welches sind die afrikanischen Länder, die eine geringere Bevölkerung haben als jedes andere Land in Asien?","SELECT Name FROM country WHERE Continent  =  ""Africa""  AND population  <  (SELECT max(population) FROM country WHERE Continent  =  ""Asia"")",True,False,False,"['countries', 'country']",cross-encoder
Welche afrikanischen Länder haben eine geringere Bevölkerung als jedes andere Land in Asien?,"SELECT Name FROM country WHERE Continent  =  ""Africa""  AND population  <  (SELECT min(population) FROM country WHERE Continent  =  ""Asia"")",True,False,False,"['countries', 'country']",cross-encoder
"Welche asiatischen Länder haben eine Bevölkerung, die größer als die jedes Landes in Afrika ist?","SELECT Name FROM country WHERE Continent  =  ""Asia""  AND population  >  (SELECT max(population) FROM country WHERE Continent  =  ""Africa"")",False,False,False,"['countries', 'Sizes']",cross-encoder
"Welches sind die asiatischen Länder, deren Bevölkerung größer als die jedes anderen Landes in Afrika ist?","SELECT Name FROM country WHERE Continent  =  ""Asia""  AND population  >  (SELECT min(population) FROM country WHERE Continent  =  ""Africa"")",False,False,False,"['countries', 'Sizes']",cross-encoder
"Wie lauten die Ländercodes für Länder, die kein Englisch sprechen?","SELECT CountryCode FROM countrylanguage EXCEPT SELECT CountryCode FROM countrylanguage WHERE LANGUAGE  =  ""English""",False,False,False,['countries'],cross-encoder
"Geben Sie die Ländercodes für Länder, die kein Englisch sprechen, zurück.","SELECT CountryCode FROM countrylanguage EXCEPT SELECT CountryCode FROM countrylanguage WHERE LANGUAGE  =  ""English""",False,False,False,['countries'],cross-encoder
"Wie lauten die Ländercodes der Länder, in denen kein Englisch gesprochen wird und deren Regierungsformen nicht Republik sind?","SELECT Code FROM country WHERE GovernmentForm != ""Republic"" EXCEPT SELECT CountryCode FROM countrylanguage WHERE LANGUAGE  =  ""English""",False,False,False,['countries'],cross-encoder
"Geben Sie die Ländercodes der Länder an, in denen kein Englisch gesprochen wird und deren Regierungsformen nicht Republik sind.","SELECT Code FROM country WHERE GovernmentForm != ""Republic"" EXCEPT SELECT CountryCode FROM countrylanguage WHERE LANGUAGE  =  ""English""",False,False,False,['countries'],cross-encoder
"Welche Städte liegen in europäischen Ländern, in denen Englisch nicht die offizielle Sprache ist?",SELECT DISTINCT T2.Name FROM country AS T1 JOIN city AS T2 ON T2.CountryCode  =  T1.Code WHERE T1.Continent  =  'Europe' AND T1.Name NOT IN (SELECT T3.Name FROM country AS T3 JOIN countrylanguage AS T4 ON T3.Code  =  T4.CountryCode WHERE T4.IsOfficial  =  'T' AND T4.Language  =  'English'),True,False,False,"['city', 'language']",cross-encoder
"Wie lauten die Namen der Städte in Europa, für die Englisch nicht die offizielle Sprache ist?",SELECT DISTINCT T2.Name FROM country AS T1 JOIN city AS T2 ON T2.CountryCode  =  T1.Code WHERE T1.Continent  =  'Europe' AND T1.Name NOT IN (SELECT T3.Name FROM country AS T3 JOIN countrylanguage AS T4 ON T3.Code  =  T4.CountryCode WHERE T4.IsOfficial  =  'T' AND T4.Language  =  'English'),True,False,False,"['city', 'language']",cross-encoder
"Welche einzigartigen Städte gibt es in asiatischen Ländern, in denen Chinesisch die offizielle Sprache ist?","select distinct t3.name from country as t1 join countrylanguage as t2 on t1.code  =  t2.countrycode join city as t3 on t1.code  =  t3.countrycode where t2.isofficial  =  't' and t2.language  =  'chinese' and t1.continent  =  ""asia""",True,False,False,"['city', 'language']",cross-encoder
"Geben Sie die verschiedenen Namen von Städten in Asien zurück, für die Chinesisch die offizielle Sprache ist.","SELECT DISTINCT T3.Name FROM country AS T1 JOIN countrylanguage AS T2 ON T1.Code  =  T2.CountryCode JOIN city AS T3 ON T1.Code  =  T3.CountryCode WHERE T2.IsOfficial  =  'T' AND T2.Language  =  'Chinese' AND T1.Continent  =  ""Asia""",True,False,False,"['city', 'language']",cross-encoder
"Geben Sie den Namen des Landes und die Anzahl der gesprochenen Sprachen für jedes Land an, das mindestens 3 Sprachen spricht.","SELECT COUNT(T2.Language) ,  T1.Name FROM country AS T1 JOIN countrylanguage AS T2 ON T1.Code  =  T2.CountryCode GROUP BY T1.Name HAVING COUNT(*)  >  2",True,False,False,['country'],cross-encoder
"Wie lauten die Namen der Länder, die mehr als 2 Sprachen sprechen, sowie die Anzahl der Sprachen, die sie sprechen?","SELECT COUNT(T2.Language) ,  T1.Name FROM country AS T1 JOIN countrylanguage AS T2 ON T1.Code  =  T2.CountryCode GROUP BY T1.Name HAVING COUNT(*)  >  2",False,False,False,['countries'],cross-encoder
"Ermitteln Sie die Anzahl der Städte in jedem Bezirk, deren Bevölkerung größer ist als die durchschnittliche Einwohnerzahl der Städte?","SELECT count(*) ,  District FROM city WHERE Population  >  (SELECT avg(Population) FROM city) GROUP BY District",True,False,False,"['city', 'district', 'Sizes', 'city']",cross-encoder
"Wie viele Städte in jedem Bezirk haben eine Bevölkerung, die über der durchschnittlichen Bevölkerung aller Städte liegt?","SELECT count(*) ,  District FROM city WHERE Population  >  (SELECT avg(Population) FROM city) GROUP BY District",True,False,False,"['city', 'district', 'city']",cross-encoder
"Was sind die verschiedenen Regierungsformen und wie hoch ist die Gesamtbevölkerung fürdie Regierungsformen, deren durchschnittliche Lebenserwartung größer als 72 ist?","SELECT sum(Population) ,  GovernmentForm FROM country GROUP BY GovernmentForm HAVING avg(LifeExpectancy)  >  72",False,False,False,['Sizes'],cross-encoder
"Finden Sie die durchschnittliche Lebenserwartung und die Gesamtbevölkerung für jeden Kontinent, dessen durchschnittliche Lebenserwartung weniger als 72 Jahre beträgt.","SELECT sum(Population) ,  avg(LifeExpectancy) ,  Continent FROM country GROUP BY Continent HAVING avg(LifeExpectancy)  <  72",False,False,False,['continents'],cross-encoder
"Welches sind die verschiedenen Kontinente und die entsprechende Gesamtbevölkerung und durchschnittliche Lebenserwartung für Kontinente, die eine durchschnittliche Lebenserwartung von weniger als 72 Jahren haben?","SELECT sum(Population) ,  avg(LifeExpectancy) ,  Continent FROM country GROUP BY Continent HAVING avg(LifeExpectancy)  <  72",False,False,False,"['continents', 'continents']",cross-encoder
Wie lauten die Namen und Gebiete der Länder mit den 5 größten Gebieten?,"SELECT Name ,  SurfaceArea FROM country ORDER BY SurfaceArea DESC LIMIT 5",False,False,False,['countries'],cross-encoder
Geben Sie die Namen und Flächen der 5 größten Länder zurück.,"SELECT Name ,  SurfaceArea FROM country ORDER BY SurfaceArea DESC LIMIT 5",False,False,False,['countries'],cross-encoder
Wie lauten die Namen der Länder mit den 3 bevölkerungsreichsten Ländern?,SELECT Name FROM country ORDER BY Population DESC LIMIT 3,False,False,False,['countries'],cross-encoder
Geben Sie die Namen der 3 bevölkerungsreichsten Länder zurück.,SELECT Name FROM country ORDER BY Population DESC LIMIT 3,False,False,False,['countries'],cross-encoder
Geben Sie die Namen der 3 Länder mit den wenigsten Einwohnern zurück.,SELECT Name FROM country ORDER BY Population ASC LIMIT 3,False,False,False,['countries'],cross-encoder
Wie viele Länder gibt es in Asien?,"SELECT count(*) FROM country WHERE continent  =  ""Asia""",False,False,False,['countries'],cross-encoder
Zählen Sie die Anzahl der Länder in Asien.,"SELECT count(*) FROM country WHERE continent  =  ""Asia""",False,False,False,['countries'],cross-encoder
"Wie lauten die Namen der Länder, die auf dem europäischen Kontinent liegen und eine Bevölkerung von 80000 Menschen haben?","SELECT Name FROM country WHERE continent  =  ""Europe"" AND Population  =  ""80000""",False,False,False,"['countries', 'continents']",cross-encoder
"Nennen Sie die Namen der Länder, die sich auf dem europäischen Kontinent befinden und eine Bevölkerung von 80000 Einwohnern haben.","SELECT Name FROM country WHERE continent  =  ""Europe"" AND Population  =  ""80000""",False,False,False,"['countries', 'continents']",cross-encoder
"Wie hoch ist die Gesamtbevölkerung und die durchschnittliche Fläche der Länder auf dem nordamerikanischen Kontinent, deren Fläche größer als 3000 ist?","select sum(population) ,  avg(surfacearea) from country where continent  =  ""north america"" and surfacearea  >  3000",False,False,False,"['countries', 'continents', 'Sizes']",cross-encoder
"Geben Sie die Gesamtbevölkerung und die durchschnittliche Fläche der Länder Nordamerikas an, die eine Fläche von mehr als 3000 Einwohnern haben.","select sum(population) ,  avg(surfacearea) from country where continent  =  ""north america"" and surfacearea  >  3000",False,False,False,['countries'],cross-encoder
"Welches sind die Städte, deren Einwohnerzahl zwischen 160000 und 900000 liegt?",SELECT name FROM city WHERE Population BETWEEN 160000 AND 900000,True,False,False,['city'],cross-encoder
"Geben Sie die Namen der Städte an, die zwischen 160000 und 900000 Einwohner haben.",select name from city where population between 160000 and 900000,True,False,False,['city'],cross-encoder
Welche Sprache wird von der größten Anzahl von Ländern gesprochen?,SELECT LANGUAGE FROM countrylanguage GROUP BY LANGUAGE ORDER BY count(*) DESC LIMIT 1,True,False,False,['language'],cross-encoder
"Geben Sie die Sprache an, die in den meisten Ländern gesprochen wird.",SELECT LANGUAGE FROM countrylanguage GROUP BY LANGUAGE ORDER BY count(*) DESC LIMIT 1,True,False,False,['language'],cross-encoder
"Welches ist die Sprache, die in jedem Land vom größten Prozentsatz der Bevölkerung gesprochen wird?","SELECT LANGUAGE ,  CountryCode ,  max(Percentage) FROM countrylanguage GROUP BY CountryCode",True,False,False,"['language', 'country']",cross-encoder
"Wie lauten die Ländercodes der verschiedenen Länder, und welche Sprachen werden in jedem Land vom größten Prozentsatz der Menschen gesprochen?","SELECT LANGUAGE ,  CountryCode ,  max(Percentage) FROM countrylanguage GROUP BY CountryCode",True,False,False,"['countries', 'country']",cross-encoder
"Wie hoch ist die Gesamtzahl der Länder, in denen Spanisch vom größten Prozentsatz der Menschen gesprochen wird?","SELECT count(*) ,   max(Percentage) FROM countrylanguage WHERE LANGUAGE  =  ""Spanish"" GROUP BY CountryCode",False,False,False,['countries'],cross-encoder
"Zählen Sie die Anzahl der Länder, in denen Spanisch die am meisten gesprochene Sprache ist.","SELECT count(*) ,   max(Percentage) FROM countrylanguage WHERE LANGUAGE  =  ""Spanish"" GROUP BY CountryCode",True,False,False,"['countries', 'language']",cross-encoder
"Wie lauten die Codes der Länder, in denen Spanisch vom größten Prozentsatz der Menschen gesprochen wird?","SELECT CountryCode ,  max(Percentage) FROM countrylanguage WHERE LANGUAGE  =  ""Spanish"" GROUP BY CountryCode",False,False,False,['countries'],cross-encoder
"Geben Sie die Codes der Länder zurück, in denen Spanisch die am meisten gesprochene Sprache ist.","SELECT CountryCode ,  max(Percentage) FROM countrylanguage WHERE LANGUAGE  =  ""Spanish"" GROUP BY CountryCode",True,False,False,"['countries', 'language']",cross-encoder
Wie viele Dirigenten gibt es?,SELECT count(*) FROM conductor,True,False,False,['conductor'],cross-encoder
Geben Sie die Namen der Dirigenten in aufsteigender Reihenfolge ihres Alters an.,SELECT Name FROM conductor ORDER BY Age ASC,True,False,False,['conductor'],cross-encoder
Wie lauten die Namen der Dirigenten in aufsteigender Reihenfolge ihres Alters?,SELECT Name FROM conductor ORDER BY Age ASC,True,False,False,['conductor'],cross-encoder
"Wie lauten die Namen von Dirigenten, deren Nationalität nicht ""USA"" ist?",SELECT Name FROM conductor WHERE Nationality != 'USA',True,False,False,['conductor'],cross-encoder
"Geben Sie die Namen von Dirigenten zurück, die nicht die Nationalität ""USA"" haben.",SELECT Name FROM conductor WHERE Nationality != 'USA',True,False,False,['conductor'],cross-encoder
Wie lauten die Plattenfirmen von Orchestern in absteigender Reihenfolge der Gründungsjahre?,SELECT Record_Company FROM orchestra ORDER BY Year_of_Founded DESC,True,False,False,['orchestra'],cross-encoder
"Geben Sie die Plattenfirmen von Orchestern zurück, absteigend sortiert nach den Jahren ihrer Gründung.",SELECT Record_Company FROM orchestra ORDER BY Year_of_Founded DESC,True,False,False,['orchestra'],cross-encoder
Führen Sie die Namen der Dirigenten in absteigender Reihenfolge der Arbeitsjahre auf.,SELECT Name FROM conductor ORDER BY Year_of_Work DESC,True,False,False,['conductor'],cross-encoder
"Wie lauten die Namen der Dirigenten, absteigend sortiert nach der Anzahl der Jahre, in denen sie gearbeitet haben?",SELECT Name FROM conductor ORDER BY Year_of_Work DESC,True,False,False,['conductor'],cross-encoder
Führen Sie den Namen des Dirigenten mit den meisten Arbeitsjahren auf.,SELECT Name FROM conductor ORDER BY Year_of_Work DESC LIMIT 1,True,False,False,['conductor'],cross-encoder
"Wie lautet der Name des Dirigenten, der die meisten Jahre gearbeitet hat?",SELECT Name FROM conductor ORDER BY Year_of_Work DESC LIMIT 1,True,False,False,['conductor'],cross-encoder
"Geben Sie die Namen der Dirigenten und der Orchester an, die sie dirigiert haben.","SELECT T1.Name ,  T2.Orchestra FROM conductor AS T1 JOIN orchestra AS T2 ON T1.Conductor_ID  =  T2.Conductor_ID",True,False,False,"['conductor', 'orchestra']",cross-encoder
"Wie lauten die Namen der Dirigenten sowie der entsprechenden Orchester, die sie dirigiert haben?","SELECT T1.Name ,  T2.Orchestra FROM conductor AS T1 JOIN orchestra AS T2 ON T1.Conductor_ID  =  T2.Conductor_ID",True,False,False,"['conductor', 'orchestra']",cross-encoder
"Zeigen Sie die Namen der Dirigenten an, die mehr als ein Orchester dirigiert haben.",SELECT T1.Name FROM conductor AS T1 JOIN orchestra AS T2 ON T1.Conductor_ID  =  T2.Conductor_ID GROUP BY T2.Conductor_ID HAVING COUNT(*)  >  1,True,False,False,"['conductor', 'orchestra']",cross-encoder
"Wie lauten die Namen von Dirigenten, die in mehr als einem Orchester dirigiert haben?",SELECT T1.Name FROM conductor AS T1 JOIN orchestra AS T2 ON T1.Conductor_ID  =  T2.Conductor_ID GROUP BY T2.Conductor_ID HAVING COUNT(*)  >  1,True,False,False,"['conductor', 'orchestra']",cross-encoder
"Zeigen Sie den Namen des Dirigenten an, der die meisten Orchester dirigiert hat.",SELECT T1.Name FROM conductor AS T1 JOIN orchestra AS T2 ON T1.Conductor_ID  =  T2.Conductor_ID GROUP BY T2.Conductor_ID ORDER BY COUNT(*) DESC LIMIT 1,True,False,False,"['conductor', 'orchestra']",cross-encoder
"Wie lautet der Name des Dirigenten, der die meisten Orchester dirigiert hat?",SELECT T1.Name FROM conductor AS T1 JOIN orchestra AS T2 ON T1.Conductor_ID  =  T2.Conductor_ID GROUP BY T2.Conductor_ID ORDER BY COUNT(*) DESC LIMIT 1,True,False,False,"['conductor', 'orchestra']",cross-encoder
"Bitte geben Sie den Namen des Dirigenten an, der nach 2008 gegründete Orchester dirigiert hat.",SELECT T1.Name FROM conductor AS T1 JOIN orchestra AS T2 ON T1.Conductor_ID  =  T2.Conductor_ID WHERE Year_of_Founded  >  2008,True,False,False,"['conductor', 'orchestra']",cross-encoder
"Wie lauten die Namen der Dirigenten, die nach dem Jahr 2008 gegründete Orchester dirigiert haben?",SELECT T1.Name FROM conductor AS T1 JOIN orchestra AS T2 ON T1.Conductor_ID  =  T2.Conductor_ID WHERE Year_of_Founded  >  2008,True,False,False,"['conductor', 'orchestra']",cross-encoder
Bitte geben Sie die verschiedenen Plattenfirmen und die entsprechende Anzahl von Orchestern an.,"SELECT Record_Company ,  COUNT(*) FROM orchestra GROUP BY Record_Company",True,False,False,['orchestra'],cross-encoder
Wie viele Orchester verwaltet jede Plattenfirma?,"SELECT Record_Company ,  COUNT(*) FROM orchestra GROUP BY Record_Company",True,False,False,['orchestra'],cross-encoder
Bitte zeigen Sie die Plattenformate von Orchestern in aufsteigender Reihenfolge der Zählung an.,SELECT Major_Record_Format FROM orchestra GROUP BY Major_Record_Format ORDER BY COUNT(*) ASC,True,False,False,"['orchestra', 'payment']",cross-encoder
"Welches sind die wichtigsten Plattenformate von Orchestern, sortiert nach ihrer Häufigkeit?",SELECT Major_Record_Format FROM orchestra GROUP BY Major_Record_Format ORDER BY COUNT(*) ASC,True,False,False,['orchestra'],cross-encoder
"Führen Sie die Plattenfirma auf, die von der größten Anzahl von Orchestern gemeinsam genutzt wird.",SELECT Record_Company FROM orchestra GROUP BY Record_Company ORDER BY COUNT(*) DESC LIMIT 1,True,False,False,['orchestra'],cross-encoder
"Welches ist die Plattenfirma, die von der größten Anzahl von Orchestern genutzt wird?",SELECT Record_Company FROM orchestra GROUP BY Record_Company ORDER BY COUNT(*) DESC LIMIT 1,True,False,False,['orchestra'],cross-encoder
"Nennen Sie die Namen der Orchester, die keine Aufführungen haben.",SELECT Orchestra FROM orchestra WHERE Orchestra_ID NOT IN (SELECT Orchestra_ID FROM performance),True,False,False,['orchestra'],cross-encoder
"Welches sind die Orchester, die keine Aufführungen haben?",SELECT Orchestra FROM orchestra WHERE Orchestra_ID NOT IN (SELECT Orchestra_ID FROM performance),True,False,False,['orchestra'],cross-encoder
"Geben Sie die Plattenfirmen an, die sich die vor 2003 und nach 2003 gegründeten Orchester teilen.",SELECT Record_Company FROM orchestra WHERE Year_of_Founded  <  2003 INTERSECT SELECT Record_Company FROM orchestra WHERE Year_of_Founded  >  2003,True,False,False,['orchestra'],cross-encoder
"Welches sind die Plattenfirmen, die sowohl von den vor 2003 gegründeten Orchestern als auch von den nach 2003 gegründeten Orchestern genutzt werden?",SELECT Record_Company FROM orchestra WHERE Year_of_Founded  <  2003 INTERSECT SELECT Record_Company FROM orchestra WHERE Year_of_Founded  >  2003,True,False,False,"['orchestra', 'orchestra']",cross-encoder
"Finden Sie die Anzahl der Orchester, deren Plattenformat ""CD"" oder ""DVD"" ist.","SELECT COUNT(*) FROM orchestra WHERE Major_Record_Format  =  ""CD"" OR Major_Record_Format  =  ""DVD""",True,False,False,['orchestra'],cross-encoder
"Zählen Sie die Anzahl der Orchester, deren Plattenformat ""CD"" oder ""DVD"" ist.","SELECT COUNT(*) FROM orchestra WHERE Major_Record_Format  =  ""CD"" OR Major_Record_Format  =  ""DVD""",True,False,False,['orchestra'],cross-encoder
"Zeigen Sie die Gründungsjahre von Orchestern an, die mehr als eine Aufführung gegeben haben.",SELECT Year_of_Founded FROM orchestra AS T1 JOIN performance AS T2 ON T1.Orchestra_ID  =  T2.Orchestra_ID GROUP BY T2.Orchestra_ID HAVING COUNT(*)  >  1,True,False,False,"['orchestra', 'performance']",cross-encoder
"Was sind Gründungsjahre für Orchester, die mehr als eine Aufführung gegeben haben?",SELECT Year_of_Founded FROM orchestra AS T1 JOIN performance AS T2 ON T1.Orchestra_ID  =  T2.Orchestra_ID GROUP BY T2.Orchestra_ID HAVING COUNT(*)  >  1,True,False,False,"['orchestra', 'performance']",cross-encoder
Wie viele Gymnasiasten gibt es?,SELECT count(*) FROM Highschooler,True,False,False,['Highschooler'],cross-encoder
Zählen Sie die Anzahl der Gymnasiasten.,SELECT count(*) FROM Highschooler,True,False,False,['Highschooler'],cross-encoder
Zeigen Sie die Namen und Klassen der einzelnen Gymnasiasten an.,"SELECT name ,  grade FROM Highschooler",True,False,False,['Highschooler'],cross-encoder
Wie lauten die Namen und die Klassen der einzelnen Gymnasiasten und Gymnasiastinnen?,"SELECT name ,  grade FROM Highschooler",True,False,False,['Highschooler'],cross-encoder
Zeigen Sie alle Klassen der Gymnasiasten an.,SELECT grade FROM Highschooler,True,False,False,['Highschooler'],cross-encoder
In welcher Klasse ist Kyle?,"SELECT grade FROM Highschooler WHERE name  =  ""Kyle""",False,False,False,['CLASS'],cross-encoder
Geben Sie die Klasse für den Gymnasiasten namens Kyle zurück.,"SELECT grade FROM Highschooler WHERE name  =  ""Kyle""",True,False,False,"['CLASS', 'Highschooler']",cross-encoder
Zeigen Sie die Namen aller Gymnasiasten in Klasse 10 an.,SELECT name FROM Highschooler WHERE grade  =  10,True,False,False,"['Highschooler', 'CLASS']",cross-encoder
Wie lauten die Namen aller Gymnasiasten in Klasse 10?,SELECT name FROM Highschooler WHERE grade  =  10,True,False,False,"['Highschooler', 'CLASS']",cross-encoder
Zeigen Sie die ID des Gymnasiasten namens Kyle an.,"SELECT ID FROM Highschooler WHERE name  =  ""Kyle""",True,False,False,['Highschooler'],cross-encoder
Wie viele Gymnasiasten gibt es in Klasse 9 oder 10?,SELECT count(*) FROM Highschooler WHERE grade  =  9 OR grade  =  10,True,False,False,"['Highschooler', 'CLASS']",cross-encoder
Zählen Sie die Anzahl der Gymnasiasten in den Klassen 9 oder 10.,SELECT count(*) FROM Highschooler WHERE grade  =  9 OR grade  =  10,True,False,False,['Highschooler'],cross-encoder
Zeigen Sie die Anzahl der Gymnasiasten für jede Klasse an.,"SELECT grade ,  count(*) FROM Highschooler GROUP BY grade",True,False,False,"['Highschooler', 'CLASS']",cross-encoder
Wie viele Gymnasiasten gibt es in jeder Klasse?,"SELECT grade ,  count(*) FROM Highschooler GROUP BY grade",True,False,False,"['Highschooler', 'CLASS']",cross-encoder
Welche Klasse hat die meisten Gymnasiasten?,SELECT grade FROM Highschooler GROUP BY grade ORDER BY count(*) DESC LIMIT 1,False,False,False,['CLASS'],cross-encoder
Geben Sie die Klasse mit der höchsten Anzahl von Gymnasiasten an.,SELECT grade FROM Highschooler GROUP BY grade ORDER BY count(*) DESC LIMIT 1,True,False,False,"['CLASS', 'Highschooler']",cross-encoder
"Zeigen Sie mir alle Klassen, die mindestens 4 Schüler haben.",SELECT grade FROM Highschooler GROUP BY grade HAVING count(*)  >=  4,True,False,False,['school'],cross-encoder
Zeigen Sie die entsprechenden IDs der Schüler und die Anzahl ihrer Freunde.,"SELECT student_id ,  count(*) FROM Friend GROUP BY student_id",False,False,False,['school'],cross-encoder
Zeigen Sie die Namen der Gymnasiasten und die entsprechende Anzahl ihrer Freunde.,"SELECT T2.name ,  count(*) FROM Friend AS T1 JOIN Highschooler AS T2 ON T1.student_id  =  T2.id GROUP BY T1.student_id",True,False,False,['Highschooler'],cross-encoder
Wie lauten die Namen der Gymnasiasten und wie viele Freunde hat jeder von ihnen?,"SELECT T2.name ,  count(*) FROM Friend AS T1 JOIN Highschooler AS T2 ON T1.student_id  =  T2.id GROUP BY T1.student_id",True,False,False,['Highschooler'],cross-encoder
"Wie lautet der Name des Gymnasiasten, der die meisten Freunde hat?",SELECT T2.name FROM Friend AS T1 JOIN Highschooler AS T2 ON T1.student_id  =  T2.id GROUP BY T1.student_id ORDER BY count(*) DESC LIMIT 1,True,False,False,['Highschooler'],cross-encoder
Geben Sie den Namen des Gymnasiasten mit den meisten Freunden zurück.,SELECT T2.name FROM Friend AS T1 JOIN Highschooler AS T2 ON T1.student_id  =  T2.id GROUP BY T1.student_id ORDER BY count(*) DESC LIMIT 1,True,False,False,['Highschooler'],cross-encoder
"Zeigen Sie die Namen der Gymnasiasten, die mindestens 3 Freunde haben.",SELECT T2.name FROM Friend AS T1 JOIN Highschooler AS T2 ON T1.student_id  =  T2.id GROUP BY T1.student_id HAVING count(*)  >=  3,True,False,False,['Highschooler'],cross-encoder
"Wie lauten die Namen der Gymnasiasten, die 3 oder mehr Freunde haben?",SELECT T2.name FROM Friend AS T1 JOIN Highschooler AS T2 ON T1.student_id  =  T2.id GROUP BY T1.student_id HAVING count(*)  >=  3,True,False,False,['Highschooler'],cross-encoder
Zeigen Sie die Namen aller Freunde des Gymnasiasten Kyle.,"SELECT T3.name FROM Friend AS T1 JOIN Highschooler AS T2 ON T1.student_id  =  T2.id JOIN Highschooler AS T3 ON T1.friend_id  =  T3.id WHERE T2.name  =  ""Kyle""",True,False,False,['Highschooler'],cross-encoder
Wie viele Freunde hat des Gymnasiasten Kyle?,"SELECT count(*) FROM Friend AS T1 JOIN Highschooler AS T2 ON T1.student_id  =  T2.id WHERE T2.name  =  ""Kyle""",True,False,False,['Highschooler'],cross-encoder
"Zeigen Sie die IDs aller Schüler an, die keine Freunde haben.",SELECT id FROM Highschooler EXCEPT SELECT student_id FROM Friend,True,False,False,['school'],cross-encoder
"Zeigen Sie die Namen aller Schüler des Gymnasiums, die keine Freunde haben.",SELECT name FROM Highschooler EXCEPT SELECT T2.name FROM Friend AS T1 JOIN Highschooler AS T2 ON T1.student_id  =  T2.id,True,False,False,['school'],cross-encoder
"Zeigen Sie die IDs von Gymnasiasten, die Freunde haben und auch von jemand anderem gemocht werden.",SELECT student_id FROM Friend INTERSECT SELECT liked_id FROM Likes,False,False,False,['Highschooler'],cross-encoder
"Wie lauten die Namen von Gymnasiasten, die sowohl Freunde haben als auch gemocht werden?",SELECT T2.name FROM Friend AS T1 JOIN Highschooler AS T2 ON T1.student_id  =  T2.id INTERSECT SELECT T2.name FROM Likes AS T1 JOIN Highschooler AS T2 ON T1.liked_id  =  T2.id,True,False,False,['Highschooler'],cross-encoder
"Zeigen Sie die Namen der Gymnasiasten, die Vorlieben haben, und die Anzahl der Vorlieben für jede.","SELECT T2.name ,  count(*) FROM Likes AS T1 JOIN Highschooler AS T2 ON T1.student_id  =  T2.id GROUP BY T1.student_id",True,False,False,['Highschooler'],cross-encoder
"Was sind die Namen der Gymnasiasten, die Vorlieben haben, und wie viele Vorlieben hat jeder von ihnen?","SELECT T2.name ,  count(*) FROM Likes AS T1 JOIN Highschooler AS T2 ON T1.student_id  =  T2.id GROUP BY T1.student_id",True,False,False,['Highschooler'],cross-encoder
"Wie lautet der Name des Gymnasiasten, der die meisten Vorlieben hat?",SELECT T2.name FROM Likes AS T1 JOIN Highschooler AS T2 ON T1.student_id  =  T2.id GROUP BY T1.student_id ORDER BY count(*) DESC LIMIT 1,True,False,False,['Highschooler'],cross-encoder
"Wie lauten die Namen von Gymnasiasten, die eine Klasse über 5 haben, und zwei oder mehr Freunde haben?",SELECT T2.name FROM Friend AS T1 JOIN Highschooler AS T2 ON T1.student_id  =  T2.id WHERE T2.grade  >  5 GROUP BY T1.student_id HAVING count(*)  >=  2,True,False,False,"['Highschooler', 'CLASS']",cross-encoder
"Geben Sie die Anzahl der Vorlieben zurück, die der Gymnasiast mit dem Namen Kyle hat.","SELECT count(*) FROM Likes AS T1 JOIN Highschooler AS T2 ON T1.student_id  =  T2.id WHERE T2.name  =  ""Kyle""",True,False,False,['Highschooler'],cross-encoder
In welchen Bundsstaaten leben sowohl Besitzer als auch Fachleute?,SELECT state FROM Owners INTERSECT SELECT state FROM Professionals,True,False,False,['Owners'],cross-encoder
"Finden Sie die Bundesstaaten, in denen sowohl Besitzer als auch Fachleute wohnen.",SELECT state FROM Owners INTERSECT SELECT state FROM Professionals,True,False,False,['Owners'],cross-encoder
"Wie ist das Durchschnittsalter der Hunde, die einer Behandlung unterzogen wurden?",SELECT avg(age) FROM Dogs WHERE dog_id IN ( SELECT dog_id FROM Treatments ),True,False,False,"['Dogs', 'Treatments', 'Undergoes']",cross-encoder
"Ermitteln Sie das Durchschnittsalter der Hunde, die behandelt wurden.",SELECT avg(age) FROM Dogs WHERE dog_id IN ( SELECT dog_id FROM Treatments ),True,False,False,['Dogs'],cross-encoder
"Welche Fachleute leben im Bundesstaat Indiana oder haben mehr als 2 Behandlungen hinter sich? Geben Sie seine ID, seinen Nachnamen und sein Mobiltelefon an.","SELECT professional_id ,  last_name ,  cell_number FROM Professionals WHERE state  =  'Indiana' UNION SELECT T1.professional_id ,  T1.last_name ,  T1.cell_number FROM Professionals AS T1 JOIN Treatments AS T2 ON T1.professional_id  =  T2.professional_id GROUP BY T1.professional_id HAVING count(*)  >  2",True,False,False,"['Treatments', 'Undergoes']",cross-encoder
"Finden Sie ID, Nachname und Mobiltelefon der Fachleute, die im Bundesstaat Indiana leben oder mehr als zwei Behandlungen durchgeführt haben.","SELECT professional_id ,  last_name ,  cell_number FROM Professionals WHERE state  =  'Indiana' UNION SELECT T1.professional_id ,  T1.last_name ,  T1.cell_number FROM Professionals AS T1 JOIN Treatments AS T2 ON T1.professional_id  =  T2.professional_id GROUP BY T1.professional_id HAVING count(*)  >  2",True,False,False,"['Treatments', 'Undergoes']",cross-encoder
Welche Hunde haben ihren Besitzer nicht mehr als 1000 für die Behandlung gekostet ? Listen Sie die Namen der Hunde auf.,select name from dogs where dog_id not in ( select dog_id from treatments group by dog_id having sum(cost_of_treatment)  >  1000 ),True,False,False,"['Dogs', 'Owners', 'Treatments', 'Undergoes', 'Dogs']",cross-encoder
"Wie lauten die Namen der Hunde, für die der Besitzer nicht mehr als 1000 für die Behandlung ausgegeben hat ?",select name from dogs where dog_id not in ( select dog_id from treatments group by dog_id having sum(cost_of_treatment)  >  1000 ),True,False,False,"['Dogs', 'Owners', 'Treatments', 'Undergoes']",cross-encoder
"Welche Vornamen werden für Fachleute oder Besitzer verwendet, aber nicht als Hundenamen verwendet ?",SELECT first_name FROM Professionals UNION SELECT first_name FROM Owners EXCEPT SELECT name FROM Dogs,True,False,False,['Owners'],cross-encoder
"Finden Sie die Vornamen, die für Fachleute oder Besitzer verwendet werden, aber nicht als Hundenamen verwendet werden.",SELECT first_name FROM Professionals UNION SELECT first_name FROM Owners EXCEPT SELECT name FROM Dogs,True,False,False,['Owners'],cross-encoder
"Welcher Fachmann hat keine Behandlung bei Hunden durchgeführt? Führen Sie die ID, Rolle und E-Mail des Fachmanns auf.","SELECT professional_id ,  role_code ,  email_address FROM Professionals EXCEPT SELECT T1.professional_id ,  T1.role_code ,  T1.email_address FROM Professionals AS T1 JOIN Treatments AS T2 ON T1.professional_id  =  T2.professional_id",True,False,False,"['Treatments', 'Undergoes']",cross-encoder
"Geben Sie mir die ID, Rolle und E-Mail der Fachleute an, die keine Behandlung an Hunden durchgeführt haben.","SELECT professional_id ,  role_code ,  email_address FROM Professionals EXCEPT SELECT T1.professional_id ,  T1.role_code ,  T1.email_address FROM Professionals AS T1 JOIN Treatments AS T2 ON T1.professional_id  =  T2.professional_id",True,False,False,"['Treatments', 'Undergoes']",cross-encoder
"Wer besitzt die meisten Hunde? Führen Sie die Besitzer-ID, den Vornamen und den Nachnamen auf.","SELECT T1.owner_id ,  T2.first_name ,  T2.last_name FROM Dogs AS T1 JOIN Owners AS T2 ON T1.owner_id  =  T2.owner_id GROUP BY T1.owner_id ORDER BY count(*) DESC LIMIT 1",True,False,False,['Dogs'],cross-encoder
"Welche Fachleute haben mindestens zwei Behandlungen durchgeführt? Geben Sie die ID, die Rolle und den Vornamen des Fachmanns an.","SELECT T1.professional_id ,  T1.role_code ,  T1.first_name FROM Professionals AS T1 JOIN Treatments AS T2 ON T1.professional_id  =  T2.professional_id GROUP BY T1.professional_id HAVING count(*)  >=  2",True,False,False,"['Treatments', 'Undergoes']",cross-encoder
"Wie lauten ID, Rolle und Vorname der Fachleute, die zwei oder mehr Behandlungen durchgeführt haben?","SELECT T1.professional_id ,  T1.role_code ,  T1.first_name FROM Professionals AS T1 JOIN Treatments AS T2 ON T1.professional_id  =  T2.professional_id GROUP BY T1.professional_id HAVING count(*)  >=  2",True,False,False,"['Treatments', 'Undergoes']",cross-encoder
Welcher Besitzer hat für die meisten Behandlungen seiner Hunde bezahlt? Nennen Sie die Besitzer-ID und den Nachnamen.,"SELECT T1.owner_id ,  T1.last_name FROM Owners AS T1 JOIN Dogs AS T2 ON T1.owner_id  =  T2.owner_id JOIN Treatments AS T3 ON T2.dog_id  =  T3.dog_id GROUP BY T1.owner_id ORDER BY count(*) DESC LIMIT 1",True,False,False,"['Owners', 'Treatments', 'Undergoes', 'Dogs']",cross-encoder
"Nennen Sie mir die ID und den Nachnamen des Besitzers, der für die Behandlung seiner Hunde am meisten ausgegeben hat.","SELECT T1.owner_id ,  T1.last_name FROM Owners AS T1 JOIN Dogs AS T2 ON T1.owner_id  =  T2.owner_id JOIN Treatments AS T3 ON T2.dog_id  =  T3.dog_id GROUP BY T1.owner_id ORDER BY count(*) DESC LIMIT 1",True,False,False,"['Treatments', 'Undergoes', 'Dogs']",cross-encoder
Welcher Besitzer hat insgesamt am meisten Geld für seine Hunde bezahlt? Geben Sie die ID und Postleitzahl des Besitzers an.,"SELECT T1.owner_id ,  T1.zip_code FROM Owners AS T1 JOIN Dogs AS T2 ON T1.owner_id  =  T2.owner_id JOIN Treatments AS T3 ON T2.dog_id  =  T3.dog_id GROUP BY T1.owner_id ORDER BY sum(T3.cost_of_treatment) DESC LIMIT 1",True,False,False,"['Owners', 'Dogs']",cross-encoder
"Suchen Sie die ID und Postleitzahl des Besitzers, der insgesamt am meisten Geld für seine Hunde ausgegeben hat.","SELECT T1.owner_id ,  T1.zip_code FROM Owners AS T1 JOIN Dogs AS T2 ON T1.owner_id  =  T2.owner_id JOIN Treatments AS T3 ON T2.dog_id  =  T3.dog_id GROUP BY T1.owner_id ORDER BY sum(T3.cost_of_treatment) DESC LIMIT 1",True,False,False,['Dogs'],cross-encoder
Welche Fachleute haben mindestens zwei Arten von Behandlungen durchgeführt? Geben Sie die ID und das Mobiltelefon des Fachmanns an.,"SELECT T1.professional_id ,  T1.cell_number FROM Professionals AS T1 JOIN Treatments AS T2 ON T1.professional_id  =  T2.professional_id GROUP BY T1.professional_id HAVING count(*)  >=  2",True,False,False,"['Treatments', 'Undergoes']",cross-encoder
"Finden Sie die ID und das Mobiltelefon des Fachmanns, der zwei oder mehr Arten von Behandlungen durchgeführt hat.","SELECT T1.professional_id ,  T1.cell_number FROM Professionals AS T1 JOIN Treatments AS T2 ON T1.professional_id  =  T2.professional_id GROUP BY T1.professional_id HAVING count(*)  >=  2",True,False,False,"['Treatments', 'Undergoes']",cross-encoder
"Wie lauten Vor- und Nachname der Fachleute, die Behandlungen mit unterdurchschnittlichen Kosten durchgeführt haben?","SELECT DISTINCT T1.first_name ,  T1.last_name FROM Professionals AS T1 JOIN Treatments AS T2 WHERE cost_of_treatment  <  ( SELECT avg(cost_of_treatment) FROM Treatments )",True,False,False,"['Treatments', 'Undergoes']",cross-encoder
"Welche Fachleute haben eine Behandlung durchgeführt, die weniger als der Durchschnitt kostet? Nennen Sie mir die Vor- und Nachnamen des Fachmanns.","SELECT DISTINCT T1.first_name ,  T1.last_name FROM Professionals AS T1 JOIN Treatments AS T2 WHERE cost_of_treatment  <  ( SELECT avg(cost_of_treatment) FROM Treatments )",True,False,False,"['Treatments', 'Undergoes']",cross-encoder
"Geben Sie das Datum jeder Behandlung an, zusammen mit dem Vornamen des Fachmanns, der die Behandlung durchgeführt hat.","SELECT T1.date_of_treatment ,  T2.first_name FROM Treatments AS T1 JOIN Professionals AS T2 ON T1.professional_id  =  T2.professional_id",True,False,False,"['Treatments', 'Undergoes', 'Treatments', 'Undergoes']",cross-encoder
Wie lauten das Datum und der Vorname des operierenden Fachmanns für jede Behandlung?,"SELECT T1.date_of_treatment ,  T2.first_name FROM Treatments AS T1 JOIN Professionals AS T2 ON T1.professional_id  =  T2.professional_id",False,False,False,['Undergoes'],cross-encoder
Nennen Sie die Kosten jeder Behandlung und die entsprechende Beschreibung der Behandlungsart.,"SELECT T1.cost_of_treatment ,  T2.treatment_type_description FROM Treatments AS T1 JOIN treatment_types AS T2 ON T1.treatment_type_code  =  T2.treatment_type_code",True,False,False,"['Treatments', 'Undergoes']",cross-encoder
Wie lauten die Kosten und die Beschreibung der Behandlungsart für jede Behandlung?,"SELECT T1.cost_of_treatment ,  T2.treatment_type_description FROM Treatments AS T1 JOIN treatment_types AS T2 ON T1.treatment_type_code  =  T2.treatment_type_code",False,False,False,"['Undergoes', 'Undergoes']",cross-encoder
"Geben Sie den Vornamen, den Nachnamen und die Größe ihres oder seines Hundes.","SELECT T1.first_name ,  T1.last_name ,  T2.size_code FROM Owners AS T1 JOIN Dogs AS T2 ON T1.owner_id  =  T2.owner_id",False,False,False,['Sizes'],cross-encoder
"Wie lauten der Vorname, der Nachname und die Größe des Hundes jedes Besitzers?","SELECT T1.first_name ,  T1.last_name ,  T2.size_code FROM Owners AS T1 JOIN Dogs AS T2 ON T1.owner_id  =  T2.owner_id",False,False,False,['Sizes'],cross-encoder
Führen Sie die Namen der Hunde der seltensten Rasse und die Behandlungsdaten der Hunde auf.,"SELECT T1.name ,  T2.date_of_treatment FROM Dogs AS T1 JOIN Treatments AS T2 ON T1.dog_id  =  T2.dog_id WHERE T1.breed_code  =  ( SELECT breed_code FROM Dogs GROUP BY breed_code ORDER BY count(*) ASC LIMIT 1 )",True,False,False,"['Dogs', 'Dogs']",cross-encoder
Welche Hunde gehören der seltensten Rasse an? Geben Sie deren Namen und Behandlungsdaten an.,"SELECT T1.name ,  T2.date_of_treatment FROM Dogs AS T1 JOIN Treatments AS T2 ON T1.dog_id  =  T2.dog_id WHERE T1.breed_code  =  ( SELECT breed_code FROM Dogs GROUP BY breed_code ORDER BY count(*) ASC LIMIT 1 )",True,False,False,['Dogs'],cross-encoder
"Welche Hunde gehören jemandem, der in Virginia lebt? Geben Sie den Vornamen des Besitzers und den Namen des Hundes an.","SELECT T1.first_name ,  T2.name FROM Owners AS T1 JOIN Dogs AS T2 ON T1.owner_id  =  T2.owner_id WHERE T1.state  =  'Virginia'",True,False,False,"['Dogs', 'Lives_in']",cross-encoder
"Finden Sie die Vornamen der Besitzer, die in Virginia leben, und die Namen der Hunde, die sie besitzen.","SELECT T1.first_name ,  T2.name FROM Owners AS T1 JOIN Dogs AS T2 ON T1.owner_id  =  T2.owner_id WHERE T1.state  =  'Virginia'",True,False,False,"['Owners', 'Dogs']",cross-encoder
"Was sind das Ankunftsdatum und das Abreisedatum der Hunde, die einer Behandlung unterzogen wurden?","SELECT DISTINCT T1.date_arrived ,  T1.date_departed FROM Dogs AS T1 JOIN Treatments AS T2 ON T1.dog_id  =  T2.dog_id",True,False,False,"['Dogs', 'Treatments', 'Undergoes']",cross-encoder
"Finden Sie das Ankunftsdatum und das Abreisedatum der Hunde, die eine Behandlung erhalten haben.","SELECT DISTINCT T1.date_arrived ,  T1.date_departed FROM Dogs AS T1 JOIN Treatments AS T2 ON T1.dog_id  =  T2.dog_id",True,False,False,"['Dogs', 'Treatments', 'Undergoes']",cross-encoder
Geben Sie den Nachnamen des Besitzers oder der Besitzerin des jüngsten Hundes an.,SELECT T1.last_name FROM Owners AS T1 JOIN Dogs AS T2 ON T1.owner_id  =  T2.owner_id WHERE T2.age  =  ( SELECT max(age) FROM Dogs ),True,False,False,['Owners'],cross-encoder
Was sind das Ankunftsdatum und das Abreisedatum aller Hunde?,"SELECT date_arrived ,  date_departed FROM Dogs",True,False,False,['Dogs'],cross-encoder
Geben Sie das Ankunftsdatum und das Abreisedatum für alle Hunde an.,"SELECT date_arrived ,  date_departed FROM Dogs",True,False,False,['Dogs'],cross-encoder
Wie viele Hunde wurden einer Behandlung unterzogen?,SELECT count(DISTINCT dog_id) FROM Treatments,True,False,False,"['Dogs', 'Treatments', 'Undergoes']",cross-encoder
"Zählen Sie die Anzahl der Hunde, die eine Behandlung durchlaufen haben.",SELECT count(DISTINCT dog_id) FROM Treatments,True,False,False,"['Dogs', 'Treatments', 'Undergoes']",cross-encoder
Wie viele Fachleute haben eine Behandlung von Hunden durchgeführt?,SELECT count(DISTINCT professional_id) FROM Treatments,True,False,False,"['Treatments', 'Undergoes']",cross-encoder
"Ermitteln Sie die Anzahl der Fachleute, die jemals Hunde behandelt haben.",SELECT count(DISTINCT professional_id) FROM Treatments,False,False,False,['Dogs'],cross-encoder
"Welche Fachleute leben in einer Stadt mit der Teilzeichenfolge ""West""? Führen Sie seine oder ihre Rolle, Straße, Stadt und Bundesland auf.","SELECT role_code ,  street ,  city ,  state FROM professionals WHERE city LIKE '%West%'",True,False,False,"['city', 'city', 'state']",cross-encoder
"Finden Sie die Rolle, Straße, Stadt und Staat der Fachleute, die in einer Stadt leben, die eine Teilzeichenfolge ""West"" enthält.","SELECT role_code ,  street ,  city ,  state FROM professionals WHERE city LIKE '%West%'",True,False,False,"['city', 'city']",cross-encoder
Wie viele Hunde haben ein Alter unter dem Durchschnitt?,SELECT count(*) FROM Dogs WHERE age  <  ( SELECT avg(age) FROM Dogs ),True,False,False,['Dogs'],cross-encoder
"Zählen Sie die Anzahl der Hunde, deren Alter unter dem Durchschnitt liegt.",SELECT count(*) FROM Dogs WHERE age  <  ( SELECT avg(age) FROM Dogs ),True,False,False,['Dogs'],cross-encoder
Wie viel kostet die zuletzte Behandlung?,SELECT cost_of_treatment FROM Treatments ORDER BY date_of_treatment DESC LIMIT 1,False,False,False,['Undergoes'],cross-encoder
Zeigen Sie mir die Kosten der in letzter Zeit durchgeführten Behandlung.,SELECT cost_of_treatment FROM Treatments ORDER BY date_of_treatment DESC LIMIT 1,False,False,False,['Undergoes'],cross-encoder
Wie viele Hunde haben keine Behandlung erhalten?,SELECT count(*) FROM Dogs WHERE dog_id NOT IN ( SELECT dog_id FROM Treatments ),True,False,False,"['Dogs', 'Treatments', 'Undergoes']",cross-encoder
"Sagen Sie mir die Anzahl der Hunde, die keine Behandlung erhalten haben.",select count(*) from dogs where dog_id not in ( select dog_id from treatments ),True,False,False,"['Dogs', 'Treatments', 'Undergoes']",cross-encoder
Wie viele Besitzer haben vorübergehend keine Hunde?,SELECT count(*) FROM Owners WHERE owner_id NOT IN ( SELECT owner_id FROM Dogs ),True,False,False,"['Owners', 'Dogs']",cross-encoder
"Finden Sie die Anzahl der Besitzer, die zur Zeit keine Hunde besitzen.",SELECT count(*) FROM Owners WHERE owner_id NOT IN ( SELECT owner_id FROM Dogs ),True,False,False,"['Owners', 'Dogs']",cross-encoder
Wie viele Fachleute haben keine Behandlung von Hunden durchgeführt?,SELECT count(*) FROM Professionals WHERE professional_id NOT IN ( SELECT professional_id FROM Treatments ),True,False,False,"['Treatments', 'Undergoes']",cross-encoder
"Finden Sie die Zahl der Fachleute, die keine Hunde behandelt haben.",SELECT count(*) FROM Professionals WHERE professional_id NOT IN ( SELECT professional_id FROM Treatments ),False,False,False,['Dogs'],cross-encoder
"Geben Sie die Namen, die Alter und die Gewichte der Hunde an, die ausgesetzt wurden? 1 steht für ja, und 0 steht für nein.","SELECT name ,  age ,  weight FROM Dogs WHERE abandoned_yn  =  1",True,False,False,['Dogs'],cross-encoder
"Wie lauten Name, Alter und Gewicht der Hunde, die ausgesetzt wurden? Beachten Sie, dass in den Tabellen 1 für ja und 0 für nein steht.","SELECT name ,  age ,  weight FROM Dogs WHERE abandoned_yn  =  1",True,False,False,['Dogs'],cross-encoder
Was ist das Durchschnittsalter aller Hunde?,SELECT avg(age) FROM Dogs,True,False,False,['Dogs'],cross-encoder
Berechnen Sie das Durchschnittsalter aller Hunde.,SELECT avg(age) FROM Dogs,True,False,False,['Dogs'],cross-encoder
Finden Sie die verschiedenen Rassentyp- und Größentyp-Kombinationen für Hunde.,"SELECT DISTINCT breed_code ,  size_code FROM dogs",True,False,False,['Dogs'],cross-encoder
"Nennen Sie die Vornamen aller Fachleute, zusammen mit der Beschreibung der Behandlung, die sie durchgeführt haben.","SELECT DISTINCT T1.first_name ,  T3.treatment_type_description FROM professionals AS T1 JOIN Treatments AS T2 ON T1.professional_id  =  T2.professional_id JOIN Treatment_types AS T3 ON T2.treatment_type_code  =  T3.treatment_type_code",True,False,False,"['Treatments', 'Undergoes']",cross-encoder
"Wie lauten der Vorname und die Beschreibung der Behandlung, die jeder Fachmann durchgeführt hat?","SELECT DISTINCT T1.first_name ,  T3.treatment_type_description FROM professionals AS T1 JOIN Treatments AS T2 ON T1.professional_id  =  T2.professional_id JOIN Treatment_types AS T3 ON T2.treatment_type_code  =  T3.treatment_type_code",True,False,False,"['Treatments', 'Undergoes']",cross-encoder
Wie viele Sängerinnen und Sänger gibt es?,SELECT count(*) FROM singer,True,False,False,['singer'],cross-encoder
Was sind die Anzahlen der Sängerinnen und Sänger?,SELECT count(*) FROM singer,True,False,False,['singer'],cross-encoder
Führen Sie die Namen der Sängerinnen und Sänger in aufsteigender Reihenfolge ihres Nettowerts auf.,SELECT Name FROM singer ORDER BY Net_Worth_Millions ASC,True,False,False,['singer'],cross-encoder
Wie lauten die Namen der Sängerinnen und Sänger in aufsteigender Reihenfolge ihres Nettowerts?,SELECT Name FROM singer ORDER BY Net_Worth_Millions ASC,True,False,False,['singer'],cross-encoder
Welches Geburtsjahr und welche Staatsbürgerschaft haben die Sängerinnen und Sänger?,"SELECT Birth_Year ,  Citizenship FROM singer",True,False,False,['singer'],cross-encoder
Was sind das Geburtsjahr und die Staatsbürgerschaft der Sängerinnen und Sänger?,"SELECT Birth_Year ,  Citizenship FROM singer",True,False,False,['singer'],cross-encoder
"Führen Sie die Namen der Sängerinnen und Sänger auf, deren Staatsbürgerschaft nicht ""Frankreich"" lautet.","SELECT Name FROM singer WHERE Citizenship != ""France""",True,False,False,['singer'],cross-encoder
"Wie lauten die Namen der Sängerinnen und Sänger, die keine französische Staatsbürgerschaft haben?","SELECT Name FROM singer WHERE Citizenship != ""France""",True,False,False,['singer'],cross-encoder
"Zeigen Sie die Namen der Sängerinnen und Sänger an, deren Geburtsjahr 1948 oder 1949 ist?",SELECT Name FROM singer WHERE Birth_Year  =  1948 OR Birth_Year  =  1949,True,False,False,['singer'],cross-encoder
"Wie lauten die Namen der Sängerinnen und Sänger, deren Geburtsjahr entweder 1948 oder 1949 ist?",SELECT Name FROM singer WHERE Birth_Year  =  1948 OR Birth_Year  =  1949,True,False,False,['singer'],cross-encoder
Wie lautet der Name der Sängerin oder des Sängers mit dem größten Nettowert?,SELECT Name FROM singer ORDER BY Net_Worth_Millions DESC LIMIT 1,True,False,False,['singer'],cross-encoder
"Wie heißt die Sängerin oder der Sänger, die oder der am meisten wert ist?",SELECT Name FROM singer ORDER BY Net_Worth_Millions DESC LIMIT 1,True,False,False,['singer'],cross-encoder
Zeigen Sie die unterschiedliche Staatsbürgerschaften der Sänger und die Anzahl der Sänger jeder Staatsbürgerschaft an.,"SELECT Citizenship ,  COUNT(*) FROM singer GROUP BY Citizenship",True,False,False,"['singer', 'singer']",cross-encoder
Wie viele Sängerinnen und Sänger kommen für jede Staatsbürgerschaft aus diesem Land?,"SELECT Citizenship ,  COUNT(*) FROM singer GROUP BY Citizenship",True,False,False,"['singer', 'country']",cross-encoder
Bitte geben Sie die häufigste Staatsbürgerschaft der Sängerinnen und Sänger an.,SELECT Citizenship FROM singer GROUP BY Citizenship ORDER BY COUNT(*) DESC LIMIT 1,True,False,False,['singer'],cross-encoder
Zeigen Sie verschiedene Staatsbürgerschaften und den maximalen Nettowert der Sänger jeder Staatsbürgerschaft an.,"SELECT Citizenship ,  max(Net_Worth_Millions) FROM singer GROUP BY Citizenship",True,False,False,['singer'],cross-encoder
Zeigen Sie die Titel der Lieder und die Namen der Sängerinnen und Sänger an.,"SELECT T2.Title ,  T1.Name FROM singer AS T1 JOIN song AS T2 ON T1.Singer_ID  =  T2.Singer_ID",True,False,False,"['Songs', 'singer']",cross-encoder
Wie lauten die Titel der Lieder und die Namen der Sängerinnen und Sänger?,"SELECT T2.Title ,  T1.Name FROM singer AS T1 JOIN song AS T2 ON T1.Singer_ID  =  T2.Singer_ID",True,False,False,"['Songs', 'singer']",cross-encoder
"Zeigen Sie unterschiedliche Namen von Sängern an, deren Lieder mehr als 300000 verkauft worden sind.",SELECT DISTINCT T1.Name FROM singer AS T1 JOIN song AS T2 ON T1.Singer_ID  =  T2.Singer_ID WHERE T2.Sales  >  300000,True,False,False,"['Songs', 'Sales']",cross-encoder
"Wie lauten die verschiedenen Namen der Sänger, die mehr als 300000 verkaufte Lieder haben?",SELECT DISTINCT T1.Name FROM singer AS T1 JOIN song AS T2 ON T1.Singer_ID  =  T2.Singer_ID WHERE T2.Sales  >  300000,True,False,False,"['singer', 'Sales', 'Songs']",cross-encoder
"Zeigen Sie die Namen der Sängerinnen und Sänger, die mehr als ein Lied haben.",SELECT T1.Name FROM singer AS T1 JOIN song AS T2 ON T1.Singer_ID  =  T2.Singer_ID GROUP BY T1.Name HAVING COUNT(*)  >  1,True,False,False,"['singer', 'song']",cross-encoder
"Wie lauten die Namen der Sängerinnen und Sänger, die mehr als ein Lied haben?",SELECT T1.Name FROM singer AS T1 JOIN song AS T2 ON T1.Singer_ID  =  T2.Singer_ID GROUP BY T1.Name HAVING COUNT(*)  >  1,True,False,False,"['singer', 'song']",cross-encoder
Zeigen Sie die Namen der Sängerinnen und Sänger und die Gesamtverkäufe ihrer Lieder an.,"SELECT T1.Name ,  sum(T2.Sales) FROM singer AS T1 JOIN song AS T2 ON T1.Singer_ID  =  T2.Singer_ID GROUP BY T1.Name",True,False,False,"['singer', 'Songs']",cross-encoder
Wie hoch sind die Gesamtverkäufe der Lieder der einzelnen Sängerinnen und Sänger?,"SELECT T1.Name ,  sum(T2.Sales) FROM singer AS T1 JOIN song AS T2 ON T1.Singer_ID  =  T2.Singer_ID GROUP BY T1.Name",True,False,False,"['Songs', 'singer']",cross-encoder
"Geben Sie die Namen der Sängerinnen und Sänger an, die kein Lied haben.",SELECT Name FROM singer WHERE Singer_ID NOT IN (SELECT Singer_ID FROM song),True,False,False,"['singer', 'song']",cross-encoder
"Wie lauten die Namen aller Sängerinnen und Sänger, die kein Lied haben?",SELECT Name FROM singer WHERE Singer_ID NOT IN (SELECT Singer_ID FROM song),True,False,False,"['singer', 'song']",cross-encoder
Welche Staatsbürgerschaft haben Sängerinnen und Sänger mit einem Geburtsjahr vor 1945 und nach 1955?,SELECT Citizenship FROM singer WHERE Birth_Year  <  1945 INTERSECT SELECT Citizenship FROM singer WHERE Birth_Year  >  1955,True,False,False,['singer'],cross-encoder
Zeigen Sie die Beschreibungen der Immobilientypen der zu diesem Code gehörenden Immobilien an.,SELECT T2.property_type_description FROM Properties AS T1 JOIN Ref_Property_Types AS T2 ON T1.property_type_code  =  T2.property_type_code GROUP BY T1.property_type_code,True,False,False,['Properties'],cross-encoder
"Wie lauten die Namen von Immolibien, bei denen es sich entweder um Häuser oder Wohnungen mit mehr als 1 Zimmer handelt?","SELECT property_name FROM Properties WHERE property_type_code  =  ""House"" UNION SELECT property_name FROM Properties WHERE property_type_code  =  ""Apartment"" AND room_count  >  1",True,False,False,"['Apartments', 'Room']",cross-encoder
Wie hoch ist die Gesamtzahl der Sängerinnen und Sänger?,SELECT count(*) FROM singer,True,False,False,['singer'],cross-encoder
"Zeigen Sie Name, Land, Alter für alle Sängerinnen und Sänger, geordnet nach Alter vom ältesten bis zum jüngsten.","SELECT name ,  country ,  age FROM singer ORDER BY age DESC",True,False,False,"['country', 'singer']",cross-encoder
"Wie lauten die Namen, Länder und das Alter aller Sängerinnen und Sänger in absteigender Reihenfolge des Alters?","SELECT name ,  country ,  age FROM singer ORDER BY age DESC",False,False,False,"['countries', 'singer']",cross-encoder
"Was ist das Durchschnitts-, Mindest- und Höchstalter aller Sängerinnen und Sänger aus Frankreich?","SELECT avg(age) ,  min(age) ,  max(age) FROM singer WHERE country  =  'France'",True,False,False,['singer'],cross-encoder
"Was ist das Durchschnitts-, Mindest- und Höchstalter für alle französischen Sängerinnen und Sänger?","SELECT avg(age) ,  min(age) ,  max(age) FROM singer WHERE country  =  'France'",True,False,False,['singer'],cross-encoder
Zeigen Sie den Namen und das Erscheinungsjahr des Liedes der jüngsten Sängerin oder des jüngsten Sängers an.,"SELECT song_name ,  song_release_year FROM singer ORDER BY age LIMIT 1",True,False,False,['singer'],cross-encoder
Wie lauten die Namen und Erscheinungsjahre aller Lieder der jüngsten Sängerin oder des jüngsten Sängers?,"SELECT song_name ,  song_release_year FROM singer ORDER BY age LIMIT 1",False,False,False,['Songs'],cross-encoder
Aus welchen verschiedenen Ländern kommen die Sängerinnen und Sänger über 20 Jahren?,SELECT DISTINCT country FROM singer WHERE age  >  20,True,False,False,['singer'],cross-encoder
Was sind die verschiedenen Länder mit Sängerinnen und Sängern über 20 Jahren?,SELECT DISTINCT country FROM singer WHERE age  >  20,False,False,False,['countries'],cross-encoder
Zeigen Sie alle Länder und die Anzahl der Sängerinnen und Sänger in jedem Land an.,"SELECT country ,  count(*) FROM singer GROUP BY country",False,False,False,"['countries', 'singer', 'country']",cross-encoder
Wie viele Sängerinnen und Sänger kommen aus jedem Land?,"SELECT country ,  count(*) FROM singer GROUP BY country",True,False,False,"['singer', 'country']",cross-encoder
Liste der Namen aller Lieder von Sängerinnen und Sängern über dem Durchschnittsalter.,SELECT song_name FROM singer WHERE age  >  (SELECT avg(age) FROM singer),False,False,False,"['list', 'Songs']",cross-encoder
"Wie lauten die Namen aller Lieder von Sängerinnen und Sängern, die älter als der Durchschnitt sind?",SELECT song_name FROM singer WHERE age  >  (SELECT avg(age) FROM singer),False,False,False,['Songs'],cross-encoder
Zeigen Sie Standort und Namen aller Stadien mit einer Kapazität zwischen 5000 und 10000 an.,"SELECT LOCATION ,  name FROM stadium WHERE capacity BETWEEN 5000 AND 10000",False,False,False,"['Locations', 'LOCATION']",cross-encoder
Wie lauten die Standorte und Namen aller Stationen mit einer Kapazität zwischen 5000 und 10000?,"SELECT LOCATION ,  name FROM stadium WHERE capacity BETWEEN 5000 AND 10000",False,False,False,"['Locations', 'LOCATION']",cross-encoder
Wie lautet der Name und die Kapazität des Stadions mit der höchsten durchschnittlichen Besucherzahl?,"SELECT name ,  capacity FROM stadium ORDER BY average DESC LIMIT 1",True,False,False,['stadium'],cross-encoder
Wie lautet der Name und die Kapazität des Stadions mit der höchsten durchschnittlichen Besucherzahl?,"SELECT name ,  capacity FROM stadium ORDER BY average DESC LIMIT 1",True,False,False,['stadium'],cross-encoder
Wie viele Konzerte gibt es im Jahr 2014 oder 2015?,SELECT count(*) FROM concert WHERE YEAR  =  2014 OR YEAR  =  2015,True,False,False,['concert'],cross-encoder
Wie viele Konzerte aufgetreten 2014 oder 2015?,SELECT count(*) FROM concert WHERE YEAR  =  2014 OR YEAR  =  2015,True,False,False,['concert'],cross-encoder
Zeigen Sie den Stadionnamen und die Anzahl der Konzerte in jedem Stadion an.,"SELECT T2.name ,  count(*) FROM concert AS T1 JOIN stadium AS T2 ON T1.stadium_id  =  T2.stadium_id GROUP BY T1.stadium_id",True,False,False,"['concert', 'stadium']",cross-encoder
Wie viele Konzerte gibt es für jedes Stadion?,"SELECT T2.name ,  count(*) FROM concert AS T1 JOIN stadium AS T2 ON T1.stadium_id  =  T2.stadium_id GROUP BY T1.stadium_id",True,False,False,"['concert', 'stadium']",cross-encoder
Zeigen Sie den Namen und die Kapazität des Stadions mit den meisten Konzerten im Jahr 2014 oder danach.,"SELECT T2.name ,  T2.capacity FROM concert AS T1 JOIN stadium AS T2 ON T1.stadium_id  =  T2.stadium_id WHERE T1.year  >=  2014 GROUP BY T2.stadium_id ORDER BY count(*) DESC LIMIT 1",True,False,False,"['stadium', 'concert']",cross-encoder
Wie heißt das Stadion mit den meisten Konzerten nach 2013?,"select t2.name ,  t2.capacity from concert as t1 join stadium as t2 on t1.stadium_id  =  t2.stadium_id where t1.year  >  2013 group by t2.stadium_id order by count(*) desc limit 1",True,False,False,"['stadium', 'concert']",cross-encoder
In welchem Jahr gibt es die meisten Konzerte?,SELECT YEAR FROM concert GROUP BY YEAR ORDER BY count(*) DESC LIMIT 1,True,False,False,['concert'],cross-encoder
"Was ist das Jahr, das die meisten Konzerte hat?",SELECT YEAR FROM concert GROUP BY YEAR ORDER BY count(*) DESC LIMIT 1,True,False,False,['concert'],cross-encoder
Zeigen die Stadionnamen ohne Konzert.,SELECT name FROM stadium WHERE stadium_id NOT IN (SELECT stadium_id FROM concert),True,False,False,['concert'],cross-encoder
Wie heißen die Stadien ohne Konzerte?,SELECT name FROM stadium WHERE stadium_id NOT IN (SELECT stadium_id FROM concert),True,False,False,['concert'],cross-encoder
"Zeigen Sie Länder, aus denen eine Sängerin oder ein Sänger über 40 und eine Sängerin oder ein Sänger unter 30 stammen.",SELECT country FROM singer WHERE age  >  40 INTERSECT SELECT country FROM singer WHERE age  <  30,False,False,False,"['countries', 'singer', 'singer']",cross-encoder
"Zeige Namen für alle Stadien mit Ausnahme von Stadien, die im Jahr 2014 ein Konzert haben.",SELECT name FROM stadium EXCEPT SELECT T2.name FROM concert AS T1 JOIN stadium AS T2 ON T1.stadium_id  =  T2.stadium_id WHERE T1.year  =  2014,True,False,False,['concert'],cross-encoder
"Wie heißen alle Stadien, die 2014 kein Konzert hatten?",SELECT name FROM stadium EXCEPT SELECT T2.name FROM concert AS T1 JOIN stadium AS T2 ON T1.stadium_id  =  T2.stadium_id WHERE T1.year  =  2014,True,False,False,['concert'],cross-encoder
Zeigen Sie den Namen und das Thema aller Konzerte sowie die Anzahl der Sängerinnen und Sänger in jedem Konzert an.,"SELECT T2.concert_name ,  T2.theme ,  count(*) FROM singer_in_concert AS T1 JOIN concert AS T2 ON T1.concert_id  =  T2.concert_id GROUP BY T2.concert_id",True,False,False,"['concert', 'singer', 'concert']",cross-encoder
"Wie lauten die Namen, Themen und die Anzahl der Sängerinnen und Sänger für jedes Konzert?","select t2.concert_name ,  t2.theme ,  count(*) from singer_in_concert as t1 join concert as t2 on t1.concert_id  =  t2.concert_id group by t2.concert_id",True,False,False,"['singer', 'concert']",cross-encoder
Listen Sie die Namen von Sängerinnen und Sängern und die Anzahl der Konzerte für jede Sängerin und jeden Sänger auf.,"SELECT T2.name ,  count(*) FROM singer_in_concert AS T1 JOIN singer AS T2 ON T1.singer_id  =  T2.singer_id GROUP BY T2.singer_id",True,False,False,"['concert', 'singer']",cross-encoder
Wie lauten die Namen der Sängerin/des Sängers und die Anzahl der Konzerte für jede Person?,"SELECT T2.name ,  count(*) FROM singer_in_concert AS T1 JOIN singer AS T2 ON T1.singer_id  =  T2.singer_id GROUP BY T2.singer_id",True,False,False,"['singer', 'concert']",cross-encoder
Listen Sie alle Sängernamen in Konzerten im Jahr 2014 auf.,SELECT T2.name FROM singer_in_concert AS T1 JOIN singer AS T2 ON T1.singer_id  =  T2.singer_id JOIN concert AS T3 ON T1.concert_id  =  T3.concert_id WHERE T3.year  =  2014,True,False,False,['concert'],cross-encoder
"Wie lauten die Namen der Sängerinnen und Sänger, die 2014 in einem Konzert aufgetreten sind?",SELECT T2.name FROM singer_in_concert AS T1 JOIN singer AS T2 ON T1.singer_id  =  T2.singer_id JOIN concert AS T3 ON T1.concert_id  =  T3.concert_id WHERE T3.year  =  2014,True,False,False,"['singer', 'concert']",cross-encoder
"Wie lautet der Name und die Nation des Sängers, der ein Lied mit ""Hey"" im Namen hat?","SELECT name ,  country FROM singer WHERE song_name LIKE '%Hey%'",True,False,False,['song'],cross-encoder
"Wie lautet der Name und die Nation des/der Sänger/in, der/die ein Lied mit ""Hey"" im Namen hat?","SELECT name ,  country FROM singer WHERE song_name LIKE '%Hey%'",True,False,False,['song'],cross-encoder
"Finden Sie die Namen und die Standorte der Stadien, in denen einige Konzerte in den Jahren 2014 und 2015 stattfanden.","SELECT T2.name ,  T2.location FROM concert AS T1 JOIN stadium AS T2 ON T1.stadium_id  =  T2.stadium_id WHERE T1.Year  =  2014 INTERSECT SELECT T2.name ,  T2.location FROM concert AS T1 JOIN stadium AS T2 ON T1.stadium_id  =  T2.stadium_id WHERE T1.Year  =  2015",False,False,False,"['Locations', 'LOCATION', 'concert']",cross-encoder
"Wie lauten die Namen und Standorte der Stadien, in denen sowohl 2014 als auch 2015 Konzerte stattfanden?","SELECT T2.name ,  T2.location FROM concert AS T1 JOIN stadium AS T2 ON T1.stadium_id  =  T2.stadium_id WHERE T1.Year  =  2014 INTERSECT SELECT T2.name ,  T2.location FROM concert AS T1 JOIN stadium AS T2 ON T1.stadium_id  =  T2.stadium_id WHERE T1.Year  =  2015",False,False,False,"['Locations', 'LOCATION', 'concert']",cross-encoder
"Finden Sie die Anzahl der Konzerte, die in dem Stadion mit der höchsten Kapazität stattfanden.",select count(*) from concert where stadium_id = (select stadium_id from stadium order by capacity desc limit 1),True,False,False,"['concert', 'stadium']",cross-encoder
Wie viele Konzerte fanden in dem Stadion mit der größten Kapazität statt ?,select count(*) from concert where stadium_id = (select stadium_id from stadium order by capacity desc limit 1),True,False,False,"['concert', 'stadium']",cross-encoder
"Ermitteln Sie die Anzahl der Haustiere, deren Gewicht schwerer als 10 ist.",SELECT count(*) FROM pets WHERE weight  >  10,True,False,False,['Pets'],cross-encoder
Wie viele Haustiere haben ein größeres Gewicht als 10?,SELECT count(*) FROM pets WHERE weight  >  10,False,False,False,"['Pets', 'Sizes']",cross-encoder
"Finden Sie die Anzahl der Haustiere von Studenten, die älter als 20 Jahre sind.",SELECT count(*) FROM student AS T1 JOIN has_pet AS T2 ON T1.stuid  =  T2.stuid WHERE T1.age  >  20,False,False,False,"['Pets', 'Students']",cross-encoder
"Wie viele Haustiere besitzen Studenten, die älter als 20 Jahre sind?",SELECT count(*) FROM student AS T1 JOIN has_pet AS T2 ON T1.stuid  =  T2.stuid WHERE T1.age  >  20,False,False,False,"['Pets', 'Students']",cross-encoder
"Ermitteln Sie die Anzahl der Hunde, die von Studentinnen aufgezogen werden (mit Geschlecht W).",SELECT count(*) FROM student AS T1 JOIN has_pet AS T2 ON T1.stuid  =  T2.stuid JOIN pets AS T3 ON T2.petid  =  T3.petid WHERE T1.sex  =  'F' AND T3.pettype  =  'dog',False,False,False,"['Dogs', 'Students']",cross-encoder
Wie viele Haushunde werden von Studentinnen aufgezogen?,SELECT count(*) FROM student AS T1 JOIN has_pet AS T2 ON T1.stuid  =  T2.stuid JOIN pets AS T3 ON T2.petid  =  T3.petid WHERE T1.sex  =  'F' AND T3.pettype  =  'dog',False,False,False,['Students'],cross-encoder
Wie viele verschiedene Arten von Haustieren gibt es?,SELECT count(DISTINCT pettype) FROM pets,True,False,False,['Pets'],cross-encoder
"Finden Sie den Vornamen von Studierenden, die sowohl Katzen als auch Hunde als Haustiere haben.",select t1.fname from student as t1 join has_pet as t2 on t1.stuid  =  t2.stuid join pets as t3 on t3.petid  =  t2.petid where t3.pettype  =  'cat' intersect select t1.fname from student as t1 join has_pet as t2 on t1.stuid  =  t2.stuid join pets as t3 on t3.petid  =  t2.petid where t3.pettype  =  'dog',False,False,False,"['Dogs', 'Pets']",cross-encoder
"Wie lauten die Vornamen der Studierenden, die sowohl Katzen als auch Hunde als Haustiere haben?",SELECT T1.Fname FROM student AS T1 JOIN has_pet AS T2 ON T1.stuid  =  T2.stuid JOIN pets AS T3 ON T3.petid  =  T2.petid WHERE T3.pettype  =  'cat' INTERSECT SELECT T1.Fname FROM student AS T1 JOIN has_pet AS T2 ON T1.stuid  =  T2.stuid JOIN pets AS T3 ON T3.petid  =  T2.petid WHERE T3.pettype  =  'dog',False,False,False,"['Dogs', 'Pets']",cross-encoder
"Was sind die IDs der Studierenden, die keine Katzen als Haustiere besitzen?",SELECT stuid FROM student EXCEPT SELECT T1.stuid FROM student AS T1 JOIN has_pet AS T2 ON T1.stuid  =  T2.stuid JOIN pets AS T3 ON T3.petid  =  T2.petid WHERE T3.pettype  =  'cat',True,False,False,['Pets'],cross-encoder
"Ermitteln Sie die ID und das Gewicht aller Haustiere, die älter als 1 Jahr sind.","SELECT petid ,  weight FROM pets WHERE pet_age  >  1",True,False,False,['Pets'],cross-encoder
"Wie lauten die verschiedenen Vornamen und das Alter der Studierenden, die Haustiere haben?","SELECT DISTINCT T1.fname ,  T1.age FROM student AS T1 JOIN has_pet AS T2 ON T1.stuid  =  T2.stuid",False,False,False,['Pets'],cross-encoder
"Finden Sie den Ausweis des Haustieres des Studierenden, dessen Nachname ""Smith"" lautet.",SELECT T2.petid FROM student AS T1 JOIN has_pet AS T2 ON T1.stuid  =  T2.stuid WHERE T1.Lname  =  'Smith',False,False,False,['Pets'],cross-encoder
"Was ist die ID des Haustiers, das der Student mit dem Nachnamen ""Smith"" besitzt?",SELECT T2.petid FROM student AS T1 JOIN has_pet AS T2 ON T1.stuid  =  T2.stuid WHERE T1.Lname  =  'Smith',True,False,False,['Student'],cross-encoder
"Finden Sie die Anzahl der Haustiere für alle Studierenden, die ein Haustier und eine Student-ID haben.","SELECT count(*) ,  T1.stuid FROM student AS T1 JOIN has_pet AS T2 ON T1.stuid  =  T2.stuid GROUP BY T1.stuid",False,False,False,['Pets'],cross-encoder
"Für Studierende, die Haustiere haben , wie viele Haustiere hat jeder Studierende ? Geben Sie statt der Namen ihre IDs an.","select count(*) ,  t1.stuid from student as t1 join has_pet as t2 on t1.stuid  =  t2.stuid group by t1.stuid",False,False,False,"['Pets', 'Pets']",cross-encoder
"Wie hoch ist das Durchschnittsalter für alle Studierenden, die keine Haustiere besitzen?",select avg(age) from student where stuid not in (select stuid from has_pet),False,False,False,['Pets'],cross-encoder
Wie viele Kontinente gibt es?,SELECT count(*) FROM CONTINENTS;,True,False,False,['continents'],cross-encoder
Wie viele Kontinente gibt es?,SELECT count(*) FROM CONTINENTS;,True,False,False,['continents'],cross-encoder
"Wie viele Länder gibt es auf jedem Kontinent? Geben Sie die Kontinent-ID, den Namen des Kontinents und die Anzahl der Länder an.","SELECT T1.ContId ,  T1.Continent ,  count(*) FROM CONTINENTS AS T1 JOIN COUNTRIES AS T2 ON T1.ContId  =  T2.Continent GROUP BY T1.ContId;",True,False,False,"['countries', 'countries']",cross-encoder
"Geben Sie für jeden Kontinent seine ID, seinen Namen und die Anzahl seiner Länder an.","SELECT T1.ContId ,  T1.Continent ,  count(*) FROM CONTINENTS AS T1 JOIN COUNTRIES AS T2 ON T1.ContId  =  T2.Continent GROUP BY T1.ContId;",True,False,False,"['continents', 'countries']",cross-encoder
Wie viele Länder sind aufgelistet?,SELECT count(*) FROM COUNTRIES;,True,False,False,['countries'],cross-encoder
Wie viele Länder gibt es?,SELECT count(*) FROM COUNTRIES;,True,False,False,['countries'],cross-encoder
"Wie viele Modelle stellt jeder Autohersteller her? Geben Sie den vollständigen Namen, die ID und die Nummer des Herstellers an.","SELECT T1.FullName ,  T1.Id ,  count(*) FROM CAR_MAKERS AS T1 JOIN MODEL_LIST AS T2 ON T1.Id  =  T2.Maker GROUP BY T1.Id;",False,False,False,"['car_makers', 'manufacturer']",cross-encoder
Wie lautet der vollständige Name jedes Autoherstellers mit seiner ID und wie viele Modelle produziert er?,"SELECT T1.FullName ,  T1.Id ,  count(*) FROM CAR_MAKERS AS T1 JOIN MODEL_LIST AS T2 ON T1.Id  =  T2.Maker GROUP BY T1.Id;",True,False,False,['car_makers'],cross-encoder
"Finden Sie die Namen der Autohersteller, die im Jahr 1970 einige Autos hergestellt haben?",SELECT DISTINCT T1.Maker FROM CAR_MAKERS AS T1 JOIN MODEL_LIST AS T2 ON T1.Id  =  T2.Maker JOIN CAR_NAMES AS T3 ON T2.model  =  T3.model JOIN CARS_DATA AS T4 ON T3.MakeId  =  T4.id WHERE T4.year  =  '1970';,True,False,False,['car_makers'],cross-encoder
"Wie lauten die Namen der verschiedenen Autohersteller, die im Jahr 1970 ein Auto produziert haben?",SELECT DISTINCT T1.Maker FROM CAR_MAKERS AS T1 JOIN MODEL_LIST AS T2 ON T1.Id  =  T2.Maker JOIN CAR_NAMES AS T3 ON T2.model  =  T3.model JOIN CARS_DATA AS T4 ON T3.MakeId  =  T4.id WHERE T4.year  =  '1970';,True,False,False,['car_makers'],cross-encoder
"Welches ist der Autohersteller, das im frühesten Jahr produziert wurde, und welches Jahr war es?","SELECT T2.Make ,  T1.Year FROM CARS_DATA AS T1 JOIN CAR_NAMES AS T2 ON T1.Id  =  T2.MakeId WHERE T1.Year  =  (SELECT min(YEAR) FROM CARS_DATA);",False,False,False,['car_makers'],cross-encoder
Wie viele Autohersteller gibt es auf jedem Kontinent? Geben Sie den Namen des Kontinents und die Anzahl an.,"SELECT T1.Continent ,  count(*) FROM CONTINENTS AS T1 JOIN COUNTRIES AS T2 ON T1.ContId  =  T2.continent JOIN car_makers AS T3 ON T2.CountryId  =  T3.Country GROUP BY T1.Continent;",True,False,False,['car_makers'],cross-encoder
Wie lauten die Namen der einzelnen Kontinente und wie viele Autohersteller gibt es auf jedem Kontinent?,"SELECT T1.Continent ,  count(*) FROM CONTINENTS AS T1 JOIN COUNTRIES AS T2 ON T1.ContId  =  T2.continent JOIN car_makers AS T3 ON T2.CountryId  =  T3.Country GROUP BY T1.Continent;",True,False,False,"['continents', 'car_makers']",cross-encoder
In welchem der Länder gibt es die meisten Autohersteller? Führen Sie den Namen des Landes auf.,SELECT T2.CountryName FROM CAR_MAKERS AS T1 JOIN COUNTRIES AS T2 ON T1.Country  =  T2.CountryId GROUP BY T1.Country ORDER BY Count(*) DESC LIMIT 1;,True,False,False,"['countries', 'car_makers']",cross-encoder
Wie viele Automodelle werden von jedem Hersteller produziert? Geben Sie nur die Anzahl und den vollständigen Namen des Herstellers an.,"select count(*) ,  t2.fullname from model_list as t1 join car_makers as t2 on t1.maker  =  t2.id group by t2.id;",False,False,False,"['manufacturer', 'manufacturer']",cross-encoder
"Wie viele Automodelle werden von jedem Hersteller produziert, und wie lauten die ID und der vollständige Name jedes Herstellers?","SELECT Count(*) ,  T2.FullName ,  T2.id FROM MODEL_LIST AS T1 JOIN CAR_MAKERS AS T2 ON T1.Maker  =  T2.Id GROUP BY T2.id;",False,False,False,['manufacturer'],cross-encoder
Wie viele Autohersteller gibt es in Frankreich?,SELECT count(*) FROM CAR_MAKERS AS T1 JOIN COUNTRIES AS T2 ON T1.Country  =  T2.CountryId WHERE T2.CountryName  =  'france';,True,False,False,['car_makers'],cross-encoder
Wie hoch ist die Zahl der Autohersteller in Frankreich?,SELECT count(*) FROM CAR_MAKERS AS T1 JOIN COUNTRIES AS T2 ON T1.Country  =  T2.CountryId WHERE T2.CountryName  =  'france';,True,False,False,['car_makers'],cross-encoder
Welches sind alle Hersteller und Modelle?,"SELECT Maker ,  Model FROM MODEL_LIST;",False,False,False,['manufacturer'],cross-encoder
Welches sind die Hersteller und Modelle?,"SELECT Maker ,  Model FROM MODEL_LIST;",False,False,False,['manufacturer'],cross-encoder
In welchen Ländern gibt es mindestens einen Autohersteller? Name und ID der Liste.,"SELECT T1.CountryName ,  T1.CountryId FROM COUNTRIES AS T1 JOIN CAR_MAKERS AS T2 ON T1.CountryId  =  T2.Country GROUP BY T1.CountryId HAVING count(*)  >=  1;",False,False,False,"['car_makers', 'list']",cross-encoder
"Wie lauten die Namen und IDs aller Länder, in denen es mindestens einen Autohersteller gibt?","SELECT T1.CountryName ,  T1.CountryId FROM COUNTRIES AS T1 JOIN CAR_MAKERS AS T2 ON T1.CountryId  =  T2.Country GROUP BY T1.CountryId HAVING count(*)  >=  1;",True,False,False,"['countries', 'car_makers']",cross-encoder
Welche Länder in Europa haben mindestens 3 Autohersteller?,SELECT T1.CountryName FROM COUNTRIES AS T1 JOIN CONTINENTS AS T2 ON T1.Continent  =  T2.ContId JOIN CAR_MAKERS AS T3 ON T1.CountryId  =  T3.Country WHERE T2.Continent  =  'europe' GROUP BY T1.CountryName HAVING count(*)  >=  3;,True,False,False,"['countries', 'car_makers']",cross-encoder
Wie lauten die Namen aller europäischen Länder mit mindestens 3 Herstellern?,SELECT T1.CountryName FROM COUNTRIES AS T1 JOIN CONTINENTS AS T2 ON T1.Continent  =  T2.ContId JOIN CAR_MAKERS AS T3 ON T1.CountryId  =  T3.Country WHERE T2.Continent  =  'europe' GROUP BY T1.CountryName HAVING count(*)  >=  3;,True,False,False,['countries'],cross-encoder
Wie viele Automodelle wurden vom Hersteller mit dem vollen Namen American Motor Company hergestellt?,SELECT count(*) FROM CAR_MAKERS AS T1 JOIN MODEL_LIST AS T2 ON T1.Id  =  T2.Maker WHERE T1.FullName  =  'American Motor Company';,False,False,False,['manufacturer'],cross-encoder
Wie viele Automodelle hat der Autohersteller American Motor Company hergestellt?,SELECT count(*) FROM CAR_MAKERS AS T1 JOIN MODEL_LIST AS T2 ON T1.Id  =  T2.Maker WHERE T1.FullName  =  'American Motor Company';,True,False,False,['car_makers'],cross-encoder
Welche Hersteller haben mehr als 3 Automodelle entworfen? Geben Sie den vollständigen Namen und die ID an.,"SELECT T1.FullName ,  T1.Id FROM CAR_MAKERS AS T1 JOIN MODEL_LIST AS T2 ON T1.Id  =  T2.Maker GROUP BY T1.Id HAVING count(*)  >  3;",False,False,False,['manufacturer'],cross-encoder
Wie lauten die Namen und IDs aller Hersteller mit mehr als 3 Modellen?,"SELECT T1.FullName ,  T1.Id FROM CAR_MAKERS AS T1 JOIN MODEL_LIST AS T2 ON T1.Id  =  T2.Maker GROUP BY T1.Id HAVING count(*)  >  3;",False,False,False,['manufacturer'],cross-encoder
"Was sind die verschiedenen Modelle, die entweder vom Autohersteller General Motors hergestellt werden oder mehr als 3500 wiegen?",SELECT DISTINCT T2.Model FROM CAR_NAMES AS T1 JOIN MODEL_LIST AS T2 ON T1.Model  =  T2.Model JOIN CAR_MAKERS AS T3 ON T2.Maker  =  T3.Id JOIN CARS_DATA AS T4 ON T1.MakeId  =  T4.Id WHERE T3.FullName  =  'General Motors' OR T4.weight  >  3500;,True,False,False,['car_makers'],cross-encoder
Wie viele Autos haben eine größere Beschleunigung als das Auto mit der größten Pferdestärke?,SELECT COUNT(*) FROM CARS_DATA WHERE Accelerate  >  ( SELECT Accelerate FROM CARS_DATA ORDER BY Horsepower DESC LIMIT 1 );,False,False,False,['Sizes'],cross-encoder
Wie viele Autos haben eine größere Beschleunigung als das Auto mit den meisten Pferdestärken?,SELECT COUNT(*) FROM CARS_DATA WHERE Accelerate  >  ( SELECT Accelerate FROM CARS_DATA ORDER BY Horsepower DESC LIMIT 1 );,False,False,False,['Sizes'],cross-encoder
In wie vielen Ländern gibt es mehr als 2 Autohersteller?,select count(*) from countries as t1 join car_makers as t2 on t1.countryid  =  t2.country group by t1.countryid having count(*)  >  2,True,False,False,['car_makers'],cross-encoder
Wie hoch ist die Zahl der Länder mit mehr als 2 Autoherstellern ?,select count(*) from countries as t1 join car_makers as t2 on t1.countryid  =  t2.country group by t1.countryid having count(*)  >  2,True,False,False,['countries'],cross-encoder
"Welches sind die verschiedenen Modelle, die leichter als 3500 sind, aber nicht von der 'Ford Motor Company' gebaut wurden?",SELECT DISTINCT T1.model FROM MODEL_LIST AS T1 JOIN CAR_NAMES AS T2 ON T1.Model  =  T2.Model JOIN CARS_DATA AS T3 ON T2.MakeId  =  T3.Id JOIN CAR_MAKERS AS T4 ON T1.Maker  =  T4.Id WHERE T3.weight  <  3500 AND T4.FullName != 'Ford Motor Company';,False,False,False,['building'],cross-encoder
"Wie lauten die Namen der Länder, in denen es keinen einzigen Autohersteller gibt?",SELECT CountryName FROM countries EXCEPT SELECT T1.CountryName FROM countries AS T1 JOIN CAR_MAKERS AS T2 ON T1.countryId  =  T2.Country;,True,False,False,"['countries', 'car_makers']",cross-encoder
"Wie lauten die Namen der Länder, in denen es keine Autohersteller gibt?",SELECT CountryName FROM countries EXCEPT SELECT T1.CountryName FROM countries AS T1 JOIN CAR_MAKERS AS T2 ON T1.countryId  =  T2.Country;,True,False,False,"['countries', 'car_makers']",cross-encoder
"Welches sind die Autohersteller, die mindestens 2 Modelle und mehr als 3 Autohersteller produzieren? Führen Sie die ID und den Hersteller auf.","select t1.id ,  t1.maker from car_makers as t1 join model_list as t2 on t1.id  =  t2.maker group by t1.id having count(*)  >=  2 intersect select t1.id ,  t1.maker from car_makers as t1 join model_list as t2 on t1.id  =  t2.maker join car_names as t3 on t2.model  =  t3.model group by t1.id having count(*)  >  3;",False,False,False,"['car_makers', 'car_makers', 'manufacturer']",cross-encoder
"Welches sind die IDs und Hersteller aller Autohersteller, die mindestens 2 Modelle und mehr als 3 Autos herstellen?","SELECT T1.Id ,  T1.Maker FROM CAR_MAKERS AS T1 JOIN MODEL_LIST AS T2 ON T1.Id  =  T2.Maker GROUP BY T1.Id HAVING count(*)  >=  2 INTERSECT SELECT T1.Id ,  T1.Maker FROM CAR_MAKERS AS T1 JOIN MODEL_LIST AS T2 ON T1.Id  =  T2.Maker JOIN CAR_NAMES AS T3 ON T2.model  =  T3.model GROUP BY T1.Id HAVING count(*)  >  3;",False,False,False,"['manufacturer', 'car_makers']",cross-encoder
"Was sind die IDs und die Namen der Länder, die mehr als 3 Autohersteller haben oder das ""Fiat""-Modell produzieren?","SELECT T1.countryId ,  T1.CountryName FROM Countries AS T1 JOIN CAR_MAKERS AS T2 ON T1.CountryId  =  T2.Country GROUP BY T1.countryId HAVING count(*)  >  3 UNION SELECT T1.countryId ,  T1.CountryName FROM Countries AS T1 JOIN CAR_MAKERS AS T2 ON T1.CountryId  =  T2.Country JOIN MODEL_LIST AS T3 ON T2.Id  =  T3.Maker WHERE T3.Model  =  'fiat';",True,False,False,"['countries', 'car_makers']",cross-encoder
"Wie lauten die IDs und Namen aller Länder, die entweder mehr als 3 Autohersteller haben oder Fiat-Modelle herstellen?","select t1.countryid ,  t1.countryname from countries as t1 join car_makers as t2 on t1.countryid  =  t2.country group by t1.countryid having count(*)  >  3 union select t1.countryid ,  t1.countryname from countries as t1 join car_makers as t2 on t1.countryid  =  t2.country join model_list as t3 on t2.id  =  t3.maker where t3.model  =  'fiat';",True,False,False,"['countries', 'car_makers']",cross-encoder
"Zu welchem Land gehört die Fluggesellschaft ""JetBlue Airways""?","SELECT Country FROM AIRLINES WHERE Airline  =  ""JetBlue Airways""",True,False,False,"['country', 'airlines']",cross-encoder
"Zu welchem Land gehört die Fluggesellschaft ""JetBlue Airways""?","SELECT Country FROM AIRLINES WHERE Airline  =  ""JetBlue Airways""",True,False,False,"['country', 'airlines']",cross-encoder
"Wie lautet die Abkürzung der Fluggesellschaft ""JetBlue Airways""?","SELECT Abbreviation FROM AIRLINES WHERE Airline  =  ""JetBlue Airways""",True,False,False,['airlines'],cross-encoder
"Führen Sie alle Namen von Fluggesellschaften und ihre Abkürzungen in ""USA"" auf.","SELECT Airline ,  Abbreviation FROM AIRLINES WHERE Country  =  ""USA""",True,False,False,['airlines'],cross-encoder
Wie lauten die Namen und Abkürzungen der Fluggesellschaften in den USA?,"SELECT Airline ,  Abbreviation FROM AIRLINES WHERE Country  =  ""USA""",True,False,False,['airlines'],cross-encoder
Führen Sie den Flughafencode und -namen in der Stadt Anthony auf.,"SELECT AirportCode ,  AirportName FROM AIRPORTS WHERE city  =  ""Anthony""",True,False,False,['city'],cross-encoder
"Geben Sie den Flughafencode und den Namen des Flughafens an, der der Stadt Anthony entspricht.","SELECT AirportCode ,  AirportName FROM AIRPORTS WHERE city  =  ""Anthony""",True,False,False,"['airport', 'airports', 'city']",cross-encoder
Wie viele Fluggesellschaften haben wir?,SELECT count(*) FROM AIRLINES,True,False,False,['airlines'],cross-encoder
Wie hoch ist die Gesamtzahl der Fluggesellschaften?,SELECT count(*) FROM AIRLINES,True,False,False,['airlines'],cross-encoder
Wie viele Flughäfen haben wir?,SELECT count(*) FROM AIRPORTS,True,False,False,"['airport', 'airports']",cross-encoder
Geben Sie die Anzahl der Flughäfen zurück.,SELECT count(*) FROM AIRPORTS,True,False,False,"['airport', 'airports']",cross-encoder
Wie viele Flüge haben wir?,SELECT count(*) FROM FLIGHTS,True,False,False,['flights'],cross-encoder
Geben Sie die Anzahl der Flüge zurück.,SELECT count(*) FROM FLIGHTS,True,False,False,['flights'],cross-encoder
Welche Fluggesellschaft hat die Abkürzung 'UAL'?,"SELECT Airline FROM AIRLINES WHERE Abbreviation  =  ""UAL""",True,False,False,['airlines'],cross-encoder
Geben Sie die Fluggesellschaft mit der Abkürzung 'UAL' an.,"SELECT Airline FROM AIRLINES WHERE Abbreviation  =  ""UAL""",True,False,False,['airlines'],cross-encoder
Wie viele Fluggesellschaften kommen aus den USA?,"SELECT count(*) FROM AIRLINES WHERE Country  =  ""USA""",True,False,False,['airlines'],cross-encoder
Geben Sie die Anzahl der Fluggesellschaften in den USA zurück.,"SELECT count(*) FROM AIRLINES WHERE Country  =  ""USA""",True,False,False,['airlines'],cross-encoder
In welcher Stadt und in welchem Land befindet sich der Flughafen Alton?,"SELECT City ,  Country FROM AIRPORTS WHERE AirportName  =  ""Alton""",True,False,False,"['city', 'country', 'airport', 'airports']",cross-encoder
Geben Sie die Stadt und das Land für den Flughafen Alton an.,"SELECT City ,  Country FROM AIRPORTS WHERE AirportName  =  ""Alton""",True,False,False,"['city', 'country', 'airport', 'airports']",cross-encoder
Wie lautet der Flughafenname für den Flughafen 'AKO'?,"SELECT AirportName FROM AIRPORTS WHERE AirportCode  =  ""AKO""",True,False,False,"['airport', 'airports']",cross-encoder
Geben Sie den Namen des Flughafens mit dem Code 'AKO' zurück.,"SELECT AirportName FROM AIRPORTS WHERE AirportCode  =  ""AKO""",True,False,False,"['airport', 'airports']",cross-encoder
Wie lauten die Flughafennamen bei der Stadt 'Aberdeen'?,"SELECT AirportName FROM AIRPORTS WHERE City = ""Aberdeen""",True,False,False,['city'],cross-encoder
Wie lauten die Namen der Flughäfen in Aberdeen?,"SELECT AirportName FROM AIRPORTS WHERE City = ""Aberdeen""",True,False,False,"['airport', 'airports']",cross-encoder
Wie viele Flüge starten von 'APG'?,"SELECT count(*) FROM FLIGHTS WHERE SourceAirport  =  ""APG""",True,False,False,['flights'],cross-encoder
"Zählen Sie die Anzahl der Flüge, die von 'APG' abfliegen.","SELECT count(*) FROM FLIGHTS WHERE SourceAirport  =  ""APG""",True,False,False,['flights'],cross-encoder
Wie viele Flüge haben Zielflughafen ATO?,"SELECT count(*) FROM FLIGHTS WHERE DestAirport  =  ""ATO""",True,False,False,['flights'],cross-encoder
Zählen Sie die Anzahl der Flüge nach 'ATO'.,"SELECT count(*) FROM FLIGHTS WHERE DestAirport  =  ""ATO""",True,False,False,['flights'],cross-encoder
Wieviele Flüge starten von der Stadt Aberdeen?,"SELECT count(*) FROM FLIGHTS AS T1 JOIN AIRPORTS AS T2 ON T1.SourceAirport  =  T2.AirportCode WHERE T2.City  =  ""Aberdeen""",True,False,False,"['flights', 'city']",cross-encoder
"Geben Sie die Anzahl der Flüge zurück, die von Aberdeen abgeflogen sind.","SELECT count(*) FROM FLIGHTS AS T1 JOIN AIRPORTS AS T2 ON T1.SourceAirport  =  T2.AirportCode WHERE T2.City  =  ""Aberdeen""",True,False,False,['flights'],cross-encoder
Wie viele Flüge kommen in der Stadt Aberdeen an?,"SELECT count(*) FROM FLIGHTS AS T1 JOIN AIRPORTS AS T2 ON T1.DestAirport  =  T2.AirportCode WHERE T2.City  =  ""Aberdeen""",True,False,False,"['flights', 'city']",cross-encoder
"Geben Sie die Anzahl der Flüge zurück, die in Aberdeen ankommen.","SELECT count(*) FROM FLIGHTS AS T1 JOIN AIRPORTS AS T2 ON T1.DestAirport  =  T2.AirportCode WHERE T2.City  =  ""Aberdeen""",True,False,False,['flights'],cross-encoder
Wie viele Flüge gehen von der Stadt 'Aberdeen' ab und haben das Ziel Stadt 'Ashley'?,"SELECT count(*) FROM FLIGHTS AS T1 JOIN AIRPORTS AS T2 ON T1.DestAirport  =  T2.AirportCode JOIN AIRPORTS AS T3 ON T1.SourceAirport  =  T3.AirportCode WHERE T2.City  =  ""Ashley"" AND T3.City  =  ""Aberdeen""",True,False,False,"['flights', 'city', 'city']",cross-encoder
Wie viele Flüge fliegen von Aberdeen nach Ashley?,"SELECT count(*) FROM FLIGHTS AS T1 JOIN AIRPORTS AS T2 ON T1.DestAirport  =  T2.AirportCode JOIN AIRPORTS AS T3 ON T1.SourceAirport  =  T3.AirportCode WHERE T2.City  =  ""Ashley"" AND T3.City  =  ""Aberdeen""",True,False,False,['flights'],cross-encoder
Wie viele Flüge hat die Fluggesellschaft 'JetBlue Airways'?,"SELECT count(*) FROM FLIGHTS AS T1 JOIN AIRLINES AS T2 ON T1.Airline  =  T2.uid WHERE T2.Airline = ""JetBlue Airways""",True,False,False,"['flights', 'airlines']",cross-encoder
Geben Sie die Anzahl der Flüge der Fluggesellschaft 'JetBlue Airways' an.,"SELECT count(*) FROM FLIGHTS AS T1 JOIN AIRLINES AS T2 ON T1.Airline  =  T2.uid WHERE T2.Airline = ""JetBlue Airways""",True,False,False,"['flights', 'airlines']",cross-encoder
Wie viele Flüge der Fluggesellschaft 'United Airlines' gehen zum Flughafen 'ASY'?,"SELECT count(*) FROM AIRLINES AS T1 JOIN FLIGHTS AS T2 ON T2.Airline  =  T1.uid WHERE T1.Airline  =  ""United Airlines"" AND T2.DestAirport  =  ""ASY""",False,False,False,"['flights', 'airlines', 'airlines', 'airport', 'airports']",cross-encoder
"Zählen Sie die Anzahl der Flüge von United Airlines, die am Flughafen 'ASY' ankommen.","SELECT count(*) FROM AIRLINES AS T1 JOIN FLIGHTS AS T2 ON T2.Airline  =  T1.uid WHERE T1.Airline  =  ""United Airlines"" AND T2.DestAirport  =  ""ASY""",False,False,False,"['flights', 'airlines', 'airport', 'airports']",cross-encoder
Wie viele 'United Airlines'-Flüge gehen vom Flughafen 'AHD' ab?,"SELECT count(*) FROM AIRLINES AS T1 JOIN FLIGHTS AS T2 ON T2.Airline  =  T1.uid WHERE T1.Airline  =  ""United Airlines"" AND T2.SourceAirport  =  ""AHD""",False,False,False,"['airport', 'airports']",cross-encoder
"Geben Sie die Anzahl der United Airlines-Flüge zurück, die vom Flughafen 'AHD' abfliegen.","SELECT count(*) FROM AIRLINES AS T1 JOIN FLIGHTS AS T2 ON T2.Airline  =  T1.uid WHERE T1.Airline  =  ""United Airlines"" AND T2.SourceAirport  =  ""AHD""",False,False,False,"['airport', 'airports']",cross-encoder
Wie viele United Airlines-Flüge gehen in die Stadt 'Aberdeen'?,"SELECT count(*) FROM FLIGHTS AS T1 JOIN AIRPORTS AS T2 ON T1.DestAirport  =  T2.AirportCode JOIN AIRLINES AS T3 ON T3.uid  =  T1.Airline WHERE T2.City  =  ""Aberdeen"" AND T3.Airline  =  ""United Airlines""",True,False,False,['city'],cross-encoder
Welche Stadt hat die meisten ankommenden Flüge?,SELECT T1.City FROM AIRPORTS AS T1 JOIN FLIGHTS AS T2 ON T1.AirportCode  =  T2.DestAirport GROUP BY T1.City ORDER BY count(*) DESC LIMIT 1,True,False,False,"['city', 'flights']",cross-encoder
Welche Stadt hat den häufigsten Zielflughafen?,SELECT T1.City FROM AIRPORTS AS T1 JOIN FLIGHTS AS T2 ON T1.AirportCode  =  T2.DestAirport GROUP BY T1.City ORDER BY count(*) DESC LIMIT 1,True,False,False,['city'],cross-encoder
Welche Stadt hat die meisten abfliegenden Flüge?,SELECT T1.City FROM AIRPORTS AS T1 JOIN FLIGHTS AS T2 ON T1.AirportCode  =  T2.SourceAirport GROUP BY T1.City ORDER BY count(*) DESC LIMIT 1,True,False,False,"['city', 'flights']",cross-encoder
Welche Stadt ist der häufigste Ausgangsflughafen?,SELECT T1.City FROM AIRPORTS AS T1 JOIN FLIGHTS AS T2 ON T1.AirportCode  =  T2.SourceAirport GROUP BY T1.City ORDER BY count(*) DESC LIMIT 1,True,False,False,['city'],cross-encoder
Wie lautet der Code des Flughafens mit der höchsten Anzahl von Flügen?,SELECT T1.AirportCode FROM AIRPORTS AS T1 JOIN FLIGHTS AS T2 ON T1.AirportCode  =  T2.DestAirport OR T1.AirportCode  =  T2.SourceAirport GROUP BY T1.AirportCode ORDER BY count(*) DESC LIMIT 1,True,False,False,"['airport', 'airports']",cross-encoder
Wie lautet der Code des Flughafens mit den meisten Flügen?,SELECT T1.AirportCode FROM AIRPORTS AS T1 JOIN FLIGHTS AS T2 ON T1.AirportCode  =  T2.DestAirport OR T1.AirportCode  =  T2.SourceAirport GROUP BY T1.AirportCode ORDER BY count(*) DESC LIMIT 1,True,False,False,"['airport', 'airports']",cross-encoder
Wie lautet der Code des Flughafens mit der geringsten Anzahl von Flügen?,SELECT T1.AirportCode FROM AIRPORTS AS T1 JOIN FLIGHTS AS T2 ON T1.AirportCode  =  T2.DestAirport OR T1.AirportCode  =  T2.SourceAirport GROUP BY T1.AirportCode ORDER BY count(*) LIMIT 1,True,False,False,"['airport', 'airports']",cross-encoder
Geben Sie den Code des Flughafens mit den wenigsten Flügen an.,SELECT T1.AirportCode FROM AIRPORTS AS T1 JOIN FLIGHTS AS T2 ON T1.AirportCode  =  T2.DestAirport OR T1.AirportCode  =  T2.SourceAirport GROUP BY T1.AirportCode ORDER BY count(*) LIMIT 1,True,False,False,"['airport', 'airports']",cross-encoder
Welche Fluggesellschaft hat die meisten Flüge?,SELECT T1.Airline FROM AIRLINES AS T1 JOIN FLIGHTS AS T2 ON T1.uid  =  T2.Airline GROUP BY T1.Airline ORDER BY count(*) DESC LIMIT 1,True,False,False,"['airlines', 'flights']",cross-encoder
Welche Fluggesellschaft bedient die meisten Flüge?,SELECT T1.Airline FROM AIRLINES AS T1 JOIN FLIGHTS AS T2 ON T1.uid  =  T2.Airline GROUP BY T1.Airline ORDER BY count(*) DESC LIMIT 1,True,False,False,"['airlines', 'flights']",cross-encoder
Finden Sie die Abkürzung und das Land der Fluggesellschaft mit der geringsten Anzahl von Flügen?,"SELECT T1.Abbreviation ,  T1.Country FROM AIRLINES AS T1 JOIN FLIGHTS AS T2 ON T1.uid  =  T2.Airline GROUP BY T1.Airline ORDER BY count(*) LIMIT 1",True,False,False,"['country', 'airlines']",cross-encoder
Welches ist die Abkürzung der Fluggesellschaft mit den wenigsten Flügen und in welchem Land befindet sie sich?,"SELECT T1.Abbreviation ,  T1.Country FROM AIRLINES AS T1 JOIN FLIGHTS AS T2 ON T1.uid  =  T2.Airline GROUP BY T1.Airline ORDER BY count(*) LIMIT 1",True,False,False,"['airlines', 'country']",cross-encoder
"Welche Fluggesellschaften haben einige Flüge, die vom Flughafen 'AHD' abfliegen?","SELECT T1.Airline FROM AIRLINES AS T1 JOIN FLIGHTS AS T2 ON T1.uid  =  T2.Airline WHERE T2.SourceAirport  =  ""AHD""",False,False,False,"['airlines', 'flights', 'airport', 'airports']",cross-encoder
Welche Fluggesellschaften haben einen Flug mit dem Quellflughafen 'AHD'?,"SELECT T1.Airline FROM AIRLINES AS T1 JOIN FLIGHTS AS T2 ON T1.uid  =  T2.Airline WHERE T2.SourceAirport  =  ""AHD""",True,False,False,"['airlines', 'flight']",cross-encoder
"Welche Fluggesellschaften haben Flüge, die am Flughafen 'AHD' ankommen?","SELECT T1.Airline FROM AIRLINES AS T1 JOIN FLIGHTS AS T2 ON T1.uid  =  T2.Airline WHERE T2.DestAirport  =  ""AHD""",False,False,False,"['airlines', 'flights', 'airport', 'airports']",cross-encoder
Welche Fluggesellschaften haben einen Flug mit Zielflughafen 'AHD'?,"SELECT T1.Airline FROM AIRLINES AS T1 JOIN FLIGHTS AS T2 ON T1.uid  =  T2.Airline WHERE T2.DestAirport  =  ""AHD""",True,False,False,"['airlines', 'flight']",cross-encoder
"Finden Sie alle Fluggesellschaften, die Flüge von den beiden Flughäfen 'APG' und 'CVO' haben.","SELECT T1.Airline FROM AIRLINES AS T1 JOIN FLIGHTS AS T2 ON T1.uid  =  T2.Airline WHERE T2.SourceAirport  =  ""APG"" INTERSECT SELECT T1.Airline FROM AIRLINES AS T1 JOIN FLIGHTS AS T2 ON T1.uid  =  T2.Airline WHERE T2.SourceAirport  =  ""CVO""",False,False,False,"['airlines', 'flights', 'airport', 'airports']",cross-encoder
"Welche Fluggesellschaften haben Flüge, die sowohl vom Flughafen 'APG' als auch vom Flughafen 'CVO' abfliegen?","SELECT T1.Airline FROM AIRLINES AS T1 JOIN FLIGHTS AS T2 ON T1.uid  =  T2.Airline WHERE T2.SourceAirport  =  ""APG"" INTERSECT SELECT T1.Airline FROM AIRLINES AS T1 JOIN FLIGHTS AS T2 ON T1.uid  =  T2.Airline WHERE T2.SourceAirport  =  ""CVO""",False,False,False,"['airlines', 'flights', 'airport', 'airports', 'airport', 'airports']",cross-encoder
"Finden Sie alle Fluggesellschaften, die vom Flughafen 'CVO', aber nicht von der 'APG' abfliegen.","SELECT T1.Airline FROM AIRLINES AS T1 JOIN FLIGHTS AS T2 ON T1.uid  =  T2.Airline WHERE T2.SourceAirport  =  ""CVO"" EXCEPT SELECT T1.Airline FROM AIRLINES AS T1 JOIN FLIGHTS AS T2 ON T1.uid  =  T2.Airline WHERE T2.SourceAirport  =  ""APG""",False,False,False,"['airlines', 'airport', 'airports']",cross-encoder
"Welche Fluggesellschaften haben Abflüge vom Flughafen 'CVO', aber nicht von den Flughäfen 'APG'?","SELECT T1.Airline FROM AIRLINES AS T1 JOIN FLIGHTS AS T2 ON T1.uid  =  T2.Airline WHERE T2.SourceAirport  =  ""CVO"" EXCEPT SELECT T1.Airline FROM AIRLINES AS T1 JOIN FLIGHTS AS T2 ON T1.uid  =  T2.Airline WHERE T2.SourceAirport  =  ""APG""",False,False,False,"['airlines', 'airport', 'airports', 'airport', 'airports']",cross-encoder
"Finden Sie alle Fluggesellschaften, die mindestens 10 Flüge haben.",SELECT T1.Airline FROM AIRLINES AS T1 JOIN FLIGHTS AS T2 ON T1.uid  =  T2.Airline GROUP BY T1.Airline HAVING count(*)  >  10,True,False,False,"['airlines', 'flights']",cross-encoder
Welche Fluggesellschaften haben mindestens 10 Flüge?,SELECT T1.Airline FROM AIRLINES AS T1 JOIN FLIGHTS AS T2 ON T1.uid  =  T2.Airline GROUP BY T1.Airline HAVING count(*)  >  10,True,False,False,"['airlines', 'flights']",cross-encoder
"Finden Sie alle Fluggesellschaften, die weniger als 200 Flüge haben.",SELECT T1.Airline FROM AIRLINES AS T1 JOIN FLIGHTS AS T2 ON T1.uid  =  T2.Airline GROUP BY T1.Airline HAVING count(*)  <  200,True,False,False,"['airlines', 'flights']",cross-encoder
Welche Fluggesellschaften haben weniger als 200 Flüge?,SELECT T1.Airline FROM AIRLINES AS T1 JOIN FLIGHTS AS T2 ON T1.uid  =  T2.Airline GROUP BY T1.Airline HAVING count(*)  <  200,True,False,False,"['airlines', 'flights']",cross-encoder
"Was sind die Flugnummern der Fluggesellschaft ""United Airlines""?","SELECT T1.FlightNo FROM FLIGHTS AS T1 JOIN AIRLINES AS T2 ON T2.uid  =  T1.Airline WHERE T2.Airline  =  ""United Airlines""",True,False,False,['airlines'],cross-encoder
"Welche Flugnummern entsprechen den Flügen der Fluggesellschaft ""United Airlines""?","SELECT T1.FlightNo FROM FLIGHTS AS T1 JOIN AIRLINES AS T2 ON T2.uid  =  T1.Airline WHERE T2.Airline  =  ""United Airlines""",True,False,False,['airlines'],cross-encoder
"Wie sind die Flugnummern der Flüge, die vom Flughafen ""APG"" abfliegen?","SELECT FlightNo FROM FLIGHTS WHERE SourceAirport  =  ""APG""",False,False,False,"['flights', 'airport', 'airports']",cross-encoder
"Geben Sie die Flugnummern der Flüge an, die vom Flughafen ""APG"" abfliegen.","SELECT FlightNo FROM FLIGHTS WHERE SourceAirport  =  ""APG""",False,False,False,"['flights', 'airport', 'airports']",cross-encoder
"Wie sind die Flugnummern der am Flughafen ""APG"" ankommenden Flüge?","SELECT FlightNo FROM FLIGHTS WHERE DestAirport  =  ""APG""",False,False,False,"['airport', 'airports', 'flights']",cross-encoder
"Geben Sie die Flugnummern der Flüge an, die am Flughafen ""APG"" landen.","SELECT FlightNo FROM FLIGHTS WHERE DestAirport  =  ""APG""",False,False,False,"['flights', 'airport', 'airports']",cross-encoder
"Wie sind die Flugnummern der Flüge, die von der Stadt ""Aberdeen "" abfliegen?","SELECT T1.FlightNo FROM FLIGHTS AS T1 JOIN AIRPORTS AS T2 ON T1.SourceAirport   =  T2.AirportCode WHERE T2.City  =  ""Aberdeen""",True,False,False,"['flights', 'city']",cross-encoder
"Geben Sie die Flugnummern der Flüge an, die von Aberdeen abfliegen.","SELECT T1.FlightNo FROM FLIGHTS AS T1 JOIN AIRPORTS AS T2 ON T1.SourceAirport   =  T2.AirportCode WHERE T2.City  =  ""Aberdeen""",True,False,False,['flights'],cross-encoder
"Wie lauten die Flugnummern der Flüge, die in der Stadt ""Aberdeen"" ankommen?","SELECT T1.FlightNo FROM FLIGHTS AS T1 JOIN AIRPORTS AS T2 ON T1.DestAirport   =  T2.AirportCode WHERE T2.City  =  ""Aberdeen""",True,False,False,"['flights', 'city']",cross-encoder
"Geben Sie die Flugnummern der Flüge an, die in Aberdeen ankommen.","SELECT T1.FlightNo FROM FLIGHTS AS T1 JOIN AIRPORTS AS T2 ON T1.DestAirport   =  T2.AirportCode WHERE T2.City  =  ""Aberdeen""",True,False,False,['flights'],cross-encoder
"Geben Sie die Anzahl der Flüge an, die in Aberdeen oder in Abilene landen.","SELECT count(*) FROM Flights AS T1 JOIN Airports AS T2 ON T1.DestAirport  =  T2.AirportCode WHERE T2.city  =  ""Aberdeen"" OR T2.city  =  ""Abilene""",True,False,False,['flights'],cross-encoder
Wie viele Flüge landen in Aberdeen oder Abilene?,"SELECT count(*) FROM Flights AS T1 JOIN Airports AS T2 ON T1.DestAirport  =  T2.AirportCode WHERE T2.city  =  ""Aberdeen"" OR T2.city  =  ""Abilene""",True,False,False,['flights'],cross-encoder
"Finden Sie die Namen der Flughäfen, die keine Hin- und Rückflüge haben.",SELECT AirportName FROM Airports WHERE AirportCode NOT IN (SELECT SourceAirport FROM Flights UNION SELECT DestAirport FROM Flights),True,False,False,"['airport', 'airports']",cross-encoder
Welche Flughäfen haben keine abfliegenden oder ankommenden Flüge?,SELECT AirportName FROM Airports WHERE AirportCode NOT IN (SELECT SourceAirport FROM Flights UNION SELECT DestAirport FROM Flights),True,False,False,"['airport', 'airports', 'flights']",cross-encoder
Wie viele Mitarbeiter sind dort beschäftigt?,SELECT count(*) FROM employee,True,False,False,['employee'],cross-encoder
Zählen Sie die Anzahl der Mitarbeiter,SELECT count(*) FROM employee,True,False,False,['employee'],cross-encoder
Sortieren Sie die Namen der Mitarbeiter nach ihrem Alter in aufsteigender Reihenfolge.,SELECT name FROM employee ORDER BY age,True,False,False,['employee'],cross-encoder
Listen Sie die Namen der Mitarbeiter auf und sortieren Sie sie in aufsteigender Reihenfolge ihres Alters.,SELECT name FROM employee ORDER BY age,True,False,False,['employee'],cross-encoder
Wie hoch ist die Anzahl der Mitarbeiter aus jeder Stadt?,"SELECT count(*) ,  city FROM employee GROUP BY city",True,False,False,"['employee', 'city']",cross-encoder
Zählen Sie die MitarbeiterInnen für jede Stadt.,"SELECT count(*) ,  city FROM employee GROUP BY city",True,False,False,['city'],cross-encoder
Aus welchen Städten kommen mehr als ein Mitarbeiter unter 30 Jahren?,SELECT city FROM employee WHERE age  <  30 GROUP BY city HAVING count(*)  >  1,True,False,False,"['city', 'employee']",cross-encoder
"Suchen Sie die Städte, in denen mehr als ein Mitarbeiter unter 30 Jahren beschäftigt ist.",SELECT city FROM employee WHERE age  <  30 GROUP BY city HAVING count(*)  >  1,False,False,False,"['city', 'employee', 'employment']",cross-encoder
Ermitteln Sie die Anzahl der Geschäfte an jedem Standort.,"SELECT count(*) ,  LOCATION FROM shop GROUP BY LOCATION",False,False,False,"['store_district', 'Stores', 'Shops', 'LOCATION']",cross-encoder
Wie viele Geschäfte gibt es an jedem Standort?,"SELECT count(*) ,  LOCATION FROM shop GROUP BY LOCATION",False,False,False,"['store_district', 'Stores', 'Shops', 'LOCATION']",cross-encoder
"Finden Sie den Namen des Geschäftsleiters und den Bezirk des Geschäfts, in dem die Anzahl der Produkte am größten ist.","SELECT manager_name ,  district FROM shop ORDER BY number_products DESC LIMIT 1",False,False,False,"['district', 'Stores', 'Shops', 'Products', 'Product']",cross-encoder
"Wie lauten der Name des Geschäftsleiters und der Bezirk des Geschäfts, das die größte Anzahl von Produkten verkauft?","SELECT manager_name ,  district FROM shop ORDER BY number_products DESC LIMIT 1",False,False,False,"['district', 'Stores', 'Shops', 'Products', 'Product']",cross-encoder
Finden Sie die minimale und maximale Anzahl von Produkten aller Geschäfte.,"SELECT min(Number_products) ,  max(Number_products) FROM shop",False,False,False,"['Products', 'Product', 'Stores', 'Shops']",cross-encoder
Wie hoch ist die minimale und maximale Anzahl der Produkte aller Geschäfte?,"SELECT min(Number_products) ,  max(Number_products) FROM shop",False,False,False,"['Products', 'Product', 'Stores', 'Shops']",cross-encoder
"Geben Sie den Namen, den Standort und den Bezirk aller Geschäfte in absteigender Reihenfolge der Anzahl der Produkte an.","SELECT name ,  LOCATION ,  district FROM shop ORDER BY number_products DESC",False,False,False,"['Locations', 'LOCATION', 'district', 'store_district', 'Stores', 'Shops', 'Products', 'Product']",cross-encoder
"Sortieren Sie alle Geschäfte nach der Anzahl der Produkte in absteigender Reihenfolge, und geben Sie den Namen, den Standort und den Bezirk jedes Geschäfts zurück.","SELECT name ,  LOCATION ,  district FROM shop ORDER BY number_products DESC",False,False,False,"['store_district', 'Stores', 'Shops', 'Products', 'Product', 'Locations', 'LOCATION', 'district', 'store_district', 'Stores', 'Shops']",cross-encoder
"Finden Sie die Namen von Geschäften, deren Anzahl der Produkte die durchschnittliche Anzahl der Produkte übersteigt.",SELECT name FROM shop WHERE number_products  >  (SELECT avg(number_products) FROM shop),False,False,False,"['Stores', 'Shops', 'Products', 'Product', 'Products', 'Product']",cross-encoder
Bei welchen Geschäften liegt die Anzahl der Produkte über dem Durchschnitt? Geben Sie mir die Namen der Geschäfte.,SELECT name FROM shop WHERE number_products  >  (SELECT avg(number_products) FROM shop),False,False,False,"['store_district', 'Stores', 'Shops', 'Products', 'Product', 'Stores', 'Shops']",cross-encoder
"Finden Sie den Namen des Mitarbeiters, der bei der Bewertung am häufigsten ausgezeichnet wurde.",SELECT t1.name FROM employee AS t1 JOIN evaluation AS t2 ON t1.Employee_ID  =  t2.Employee_ID GROUP BY t2.Employee_ID ORDER BY count(*) DESC LIMIT 1,False,False,False,"['employee', 'Rating']",cross-encoder
Welcher Mitarbeiter hat bei der Bewertung die meisten Auszeichnungen erhalten? Geben Sie mir den Namen des Mitarbeiters.,SELECT t1.name FROM employee AS t1 JOIN evaluation AS t2 ON t1.Employee_ID  =  t2.Employee_ID GROUP BY t2.Employee_ID ORDER BY count(*) DESC LIMIT 1,False,False,False,"['employee', 'Rating', 'employee']",cross-encoder
"Finden Sie den Namen des Mitarbeiters, der den höchsten einmaligen Bonus erhalten hat.",SELECT t1.name FROM employee AS t1 JOIN evaluation AS t2 ON t1.Employee_ID  =  t2.Employee_ID ORDER BY t2.bonus DESC LIMIT 1,True,False,False,['employee'],cross-encoder
Welcher Mitarbeiter hat den höchsten Bonus erhalten? Geben Sie mir den Namen des Mitarbeiters.,SELECT t1.name FROM employee AS t1 JOIN evaluation AS t2 ON t1.Employee_ID  =  t2.Employee_ID ORDER BY t2.bonus DESC LIMIT 1,True,False,False,"['employee', 'employee']",cross-encoder
"Finden Sie die Namen der Mitarbeiter, die bei der Bewertung nie einen Preis gewonnen haben.",SELECT name FROM employee WHERE Employee_ID NOT IN (SELECT Employee_ID FROM evaluation),False,False,False,"['employee', 'Rating']",cross-encoder
"Wie lauten die Namen der Mitarbeiter, die bei der Bewertung nie eine Auszeichnung erhalten haben?",SELECT name FROM employee WHERE Employee_ID NOT IN (SELECT Employee_ID FROM evaluation),False,False,False,"['employee', 'Rating']",cross-encoder
"Wie lautet der Name des Geschäfts, das die größte Anzahl von Mitarbeitern einstellt?",SELECT t2.name FROM hiring AS t1 JOIN shop AS t2 ON t1.shop_id  =  t2.shop_id GROUP BY t1.shop_id ORDER BY count(*) DESC LIMIT 1,False,False,False,"['Stores', 'Shops']",cross-encoder
Welches Geschäft hat die meisten Mitarbeiter? Geben Sie mir den Namen des Geschäfts.,SELECT t2.name FROM hiring AS t1 JOIN shop AS t2 ON t1.shop_id  =  t2.shop_id GROUP BY t1.shop_id ORDER BY count(*) DESC LIMIT 1,False,False,False,"['Stores', 'Shops', 'employee', 'Stores', 'Shops']",cross-encoder
"Suchen Sie die Namen der Geschäfte, die keine Mitarbeiter einstellen.",SELECT name FROM shop WHERE shop_id NOT IN (SELECT shop_id FROM hiring),False,False,False,"['store_district', 'Stores', 'Shops', 'employee']",cross-encoder
Welche Geschäfte betreiben keine Mitarbeiter? Finden Sie die Namen der Geschäfte,SELECT name FROM shop WHERE shop_id NOT IN (SELECT shop_id FROM hiring),False,False,False,"['store_district', 'Stores', 'Shops', 'employee', 'store_district', 'Stores', 'Shops']",cross-encoder
Finden Sie die Anzahl der in jedem Geschäft eingestellten Mitarbeiter; zeigen Sie auch den Namen des Geschäfts an.,"SELECT count(*) ,  t2.name FROM hiring AS t1 JOIN shop AS t2 ON t1.shop_id  =  t2.shop_id GROUP BY t2.name",False,False,False,"['Stores', 'Shops', 'employee', 'store_district', 'Stores', 'Shops']",cross-encoder
Geben Sie für jedes Geschäft die Anzahl der dort beschäftigten Mitarbeiter und den Namen des Geschäfts an.,"SELECT count(*) ,  t2.name FROM hiring AS t1 JOIN shop AS t2 ON t1.shop_id  =  t2.shop_id GROUP BY t2.name",False,False,False,"['Stores', 'Shops', 'employment', 'employee', 'store_district', 'Stores', 'Shops']",cross-encoder
"Wie hoch ist der Gesamtbonus, der in allen Bewertungen angegeben wird?",SELECT sum(bonus) FROM evaluation,False,False,False,['Rating'],cross-encoder
"Ermitteln Sie den Gesamtbetrag des Bonus, der in allen Bewertungen angegeben ist.",SELECT sum(bonus) FROM evaluation,False,False,False,['Rating'],cross-encoder
Geben Sie mir alle Informationen über die Einstellung.,SELECT * FROM hiring,True,False,False,['hiring'],cross-encoder
Was sind alle Informationen über die Einstellung?,SELECT * FROM hiring,True,False,False,['hiring'],cross-encoder
In welchem Bezirk gibt es sowohl Geschäfte mit weniger als 3000 Produkten als auch Geschäfte mit mehr als 10000 Produkten?,SELECT district FROM shop WHERE Number_products  <  3000 INTERSECT SELECT district FROM shop WHERE Number_products  >  10000,False,False,False,"['district', 'store_district', 'Stores', 'Shops', 'Products', 'Product', 'store_district', 'Stores', 'Shops', 'Product']",cross-encoder
"Finden Sie die Bezirke, in denen es sowohl Geschäfte mit weniger als 3000 Produkten als auch Geschäfte mit mehr als 10000 Produkten gibt.",SELECT district FROM shop WHERE Number_products  <  3000 INTERSECT SELECT district FROM shop WHERE Number_products  >  10000,False,False,False,"['store_district', 'Stores', 'Shops', 'Products', 'Product', 'store_district', 'Stores', 'Shops', 'Products', 'Product']",cross-encoder
Wie viele verschiedene Standorte gibt es?,SELECT count(DISTINCT LOCATION) FROM shop,False,False,False,"['Locations', 'LOCATION']",cross-encoder
Zählen Sie die verschiedenen Standorte.,SELECT count(DISTINCT LOCATION) FROM shop,False,False,False,['Locations'],cross-encoder
Wie viele Dokumente haben wir?,SELECT count(*) FROM Documents,True,False,False,"['Documents', 'Documents']",cross-encoder
Zählen Sie die Dokumente.,SELECT count(*) FROM Documents,True,False,False,['Documents'],cross-encoder
"Listen Sie die IDs, Namen und Beschreibungen für alle Dokumente auf.","SELECT document_id ,  document_name ,  document_description FROM Documents",True,False,False,"['Documents', 'Documents']",cross-encoder
"Was sind die IDs, Namen und Beschreibungen für alle Dokumente?","SELECT document_id ,  document_name ,  document_description FROM Documents",True,False,False,['Documents'],cross-encoder
"Wie lauten der Dokumentname und die Vorlagen-ID für ein Dokument mit einer Beschreibung, in der 'w' vorkommt?","SELECT document_name ,  template_id FROM Documents WHERE Document_Description LIKE ""%w%""",True,False,False,"['Documents', 'Documents']",cross-encoder
"Geben Sie die Namen und Vorlagen-IDs für Dokumente zurück, die ""w"" in ihrer Beschreibung enthalten.","SELECT document_name ,  template_id FROM Documents WHERE Document_Description LIKE ""%w%""",True,False,False,"['Documents', 'Documents']",cross-encoder
"Wie lauten die Dokument-ID, die Vorlagen-ID und die Beschreibung für ein Dokument mit dem Namen ""Robbin CV""?","SELECT document_id ,  template_id ,  Document_Description FROM Documents WHERE document_name  =  ""Robbin CV""",True,False,False,"['Documents', 'Documents']",cross-encoder
"Geben Sie die Dokument-ID, die Vorlagen-ID und die Beschreibung für das Dokument mit dem Namen ""Robbin CV"" zurück.","SELECT document_id ,  template_id ,  Document_Description FROM Documents WHERE document_name  =  ""Robbin CV""",True,False,False,"['Documents', 'Documents']",cross-encoder
Wie viele verschiedene Vorlagen werden für alle Dokumente verwendet?,SELECT count(DISTINCT template_id) FROM Documents,False,False,False,"['Templates', 'Documents', 'Documents']",cross-encoder
"Zählen Sie die verschiedenen Vorlagen, die für Dokumente verwendet werden.",SELECT count(DISTINCT template_id) FROM Documents,False,False,False,"['Templates', 'Documents', 'Documents']",cross-encoder
"Wie viele Dokumente verwenden die Vorlage mit dem Typcode ""PPT""?",SELECT count(*) FROM Documents AS T1 JOIN Templates AS T2 ON T1.Template_ID  =  T2.Template_ID WHERE T2.Template_Type_Code  =  'PPT',True,False,False,"['Documents', 'Documents']",cross-encoder
"Zählen Sie die Dokumente, die den Vorlagentyp 'PPT' verwenden.",SELECT count(*) FROM Documents AS T1 JOIN Templates AS T2 ON T1.Template_ID  =  T2.Template_ID WHERE T2.Template_Type_Code  =  'PPT',True,False,False,['Documents'],cross-encoder
"Zeigen Sie alle Vorlagen-IDs und die Anzahl der Dokumente, die jede Vorlage verwenden.","SELECT template_id ,  count(*) FROM Documents GROUP BY template_id",True,False,False,['Documents'],cross-encoder
"Was sind die verschiedenen Vorlagen-IDs, die für Dokumente verwendet werden, und wie oft wurden sie jeweils verwendet?","SELECT template_id ,  count(*) FROM Documents GROUP BY template_id",True,False,False,"['Documents', 'Documents']",cross-encoder
"Welches ist der ID und Typcode für die Vorlage, die von den meisten Dokumenten verwendet wird?","SELECT T1.template_id ,  T2.Template_Type_Code FROM Documents AS T1 JOIN Templates AS T2 ON T1.template_id  =  T2.template_id GROUP BY T1.template_id ORDER BY count(*) DESC LIMIT 1",True,False,False,['Documents'],cross-encoder
"Geben Sie die ID und den Typcode der Vorlage zurück, die für die größte Anzahl von Dokumenten verwendet wird.","SELECT T1.template_id ,  T2.Template_Type_Code FROM Documents AS T1 JOIN Templates AS T2 ON T1.template_id  =  T2.template_id GROUP BY T1.template_id ORDER BY count(*) DESC LIMIT 1",True,False,False,['Documents'],cross-encoder
"Zeigen Sie die IDs für alle Vorlagen an, die von mehr als einem Dokument verwendet werden.",SELECT template_id FROM Documents GROUP BY template_id HAVING count(*)  >  1,False,False,False,"['Templates', 'Documents', 'Documents']",cross-encoder
"Wie lauten die Vorlagen-IDs aller Vorlagen, die in mehr als einem Dokument verwendet werden?",SELECT template_id FROM Documents GROUP BY template_id HAVING count(*)  >  1,False,False,False,"['Templates', 'Documents', 'Documents']",cross-encoder
"Zeigen Sie die IDs aller Vorlagen an, die von keinem Dokument verwendet werden.",SELECT template_id FROM Templates EXCEPT SELECT template_id FROM Documents,True,False,False,"['Templates', 'Documents', 'Documents']",cross-encoder
"Wie lauten die IDs von Vorlagen, die in keinem Dokument verwendet werden?",SELECT template_id FROM Templates EXCEPT SELECT template_id FROM Documents,True,False,False,"['Templates', 'Documents', 'Documents']",cross-encoder
Wie viele Vorlagen haben wir?,SELECT count(*) FROM Templates,True,False,False,['Templates'],cross-encoder
Zählen Sie die Vorlagen.,SELECT count(*) FROM Templates,True,False,False,['Templates'],cross-encoder
"Zeigen Sie die IDs, die Versionsnummern und die Typcodes für alle Vorlagen an.","SELECT template_id ,  version_number ,  template_type_code FROM Templates",True,False,False,['Templates'],cross-encoder
Alle verschiedenen Typcodes für alle Vorlagen anzeigen.,SELECT DISTINCT template_type_code FROM Templates,True,False,False,['Templates'],cross-encoder
Geben Sie die IDs von Vorlagen mit dem Code PP oder PPT zurück.,"SELECT template_id FROM Templates WHERE template_type_code  =  ""PP"" OR template_type_code  =  ""PPT""",True,False,False,['Templates'],cross-encoder
Wie viele Vorlagen haben den Typcode CV?,"SELECT count(*) FROM Templates WHERE template_type_code  =  ""CV""",True,False,False,['Templates'],cross-encoder
Zählen Sie die Anzahl der Vorlagen vom Typ CV.,"SELECT count(*) FROM Templates WHERE template_type_code  =  ""CV""",True,False,False,['Templates'],cross-encoder
Zählen Sie die Versionsnummern und Typcodes von Vorlagen mit einer Versionsnummer größer als 5.,"SELECT version_number ,  template_type_code FROM Templates WHERE version_number  >  5",False,False,False,"['Templates', 'Sizes']",cross-encoder
Zeigen Sie alle Vorlagentypcodes und die Anzahl der jeweiligen Vorlagen an.,"SELECT template_type_code ,  count(*) FROM Templates GROUP BY template_type_code",True,False,False,['Templates'],cross-encoder
"Welches sind die verschiedenen Vorlagentypcodes, und wie viele Vorlagen entsprechen ihnen jeweils?","SELECT template_type_code ,  count(*) FROM Templates GROUP BY template_type_code",True,False,False,['Templates'],cross-encoder
Welcher Typcode hat die meisten Vorlagen?,SELECT template_type_code FROM Templates GROUP BY template_type_code ORDER BY count(*) DESC LIMIT 1,True,False,False,['Templates'],cross-encoder
"Geben Sie den Typcode zurück, zu dem die meisten Vorlagen gehören.",SELECT template_type_code FROM Templates GROUP BY template_type_code ORDER BY count(*) DESC LIMIT 1,True,False,False,['Templates'],cross-encoder
Alle Vorlagentypcodes mit weniger als drei Vorlagen anzeigen.,SELECT template_type_code FROM Templates GROUP BY template_type_code HAVING count(*)  <  3,True,False,False,['Templates'],cross-encoder
"Was sind die Codes der Vorlagentypen, die weniger als 3 Vorlagen haben?",SELECT template_type_code FROM Templates GROUP BY template_type_code HAVING count(*)  <  3,True,False,False,['Templates'],cross-encoder
"Wie lautet der Typcode der Vorlage, die von einem Dokument mit dem Namen ""Datenbank"" verwendet wird?","SELECT T1.template_type_code FROM Templates AS T1 JOIN Documents AS T2 ON T1.template_id  =  T2.template_id WHERE T2.document_name  =  ""Data base""",True,False,False,"['Documents', 'Documents']",cross-encoder
"Geben Sie den Typcode der Vorlage zurück, die von einem Dokument mit dem Namen ""Datenbank"" verwendet wird.","SELECT T1.template_type_code FROM Templates AS T1 JOIN Documents AS T2 ON T1.template_id  =  T2.template_id WHERE T2.document_name  =  ""Data base""",True,False,False,"['Documents', 'Documents']",cross-encoder
"Zeigen Sie alle Dokumentnamen an, die Vorlagen mit dem Vorlagentypcode BK verwenden.","SELECT T2.document_name FROM Templates AS T1 JOIN Documents AS T2 ON T1.template_id  =  T2.template_id WHERE T1.template_type_code  =  ""BK""",True,False,False,['Templates'],cross-encoder
"Wie lauten die Namen von Dokumenten, die Vorlagen mit dem Code BK verwenden?","SELECT T2.document_name FROM Templates AS T1 JOIN Documents AS T2 ON T1.template_id  =  T2.template_id WHERE T1.template_type_code  =  ""BK""",True,False,False,"['Documents', 'Templates']",cross-encoder
"Zeigen Sie alle Vorlagentypcodes und die Anzahl der Dokumente an, die jeden Typ verwenden.","SELECT T1.template_type_code ,  count(*) FROM Templates AS T1 JOIN Documents AS T2 ON T1.template_id  =  T2.template_id GROUP BY T1.template_type_code",True,False,False,"['Documents', 'Documents']",cross-encoder
"Was sind die verschiedenen Vorlagentypcodes, und wie viele Dokumente verwenden jeden Typ?","SELECT T1.template_type_code ,  count(*) FROM Templates AS T1 JOIN Documents AS T2 ON T1.template_id  =  T2.template_id GROUP BY T1.template_type_code",True,False,False,"['Documents', 'Documents']",cross-encoder
Welcher Vorlagentypcode wird von der meisten Anzahl von Dokumenten verwendet?,SELECT T1.template_type_code FROM Templates AS T1 JOIN Documents AS T2 ON T1.template_id  =  T2.template_id GROUP BY T1.template_type_code ORDER BY count(*) DESC LIMIT 1,True,False,False,['Documents'],cross-encoder
"Geben Sie den Code des Vorlagentyps zurück, der am häufigsten in Dokumenten verwendet wird.",SELECT T1.template_type_code FROM Templates AS T1 JOIN Documents AS T2 ON T1.template_id  =  T2.template_id GROUP BY T1.template_type_code ORDER BY count(*) DESC LIMIT 1,True,False,False,['Documents'],cross-encoder
"Zeigen Sie alle Typcodes der Vorlagen an, die von keinem Dokument verwendet werden.",SELECT template_type_code FROM Templates EXCEPT SELECT template_type_code FROM Templates AS T1 JOIN Documents AS T2 ON T1.template_id  =  T2.template_id,True,False,False,"['Templates', 'Documents', 'Documents']",cross-encoder
"Welches sind die Typcodes der Vorlagen, die von keinem Dokument verwendet werden?",SELECT template_type_code FROM Templates EXCEPT SELECT template_type_code FROM Templates AS T1 JOIN Documents AS T2 ON T1.template_id  =  T2.template_id,True,False,False,"['Templates', 'Documents', 'Documents']",cross-encoder
Zeigen Sie alle Typcodes und Beschreibungen der Vorlagen an.,"SELECT template_type_code ,  template_type_description FROM Ref_template_types",False,False,False,['Templates'],cross-encoder
Wie lauten die Typencodes und Beschreibungen für alle Vorlagen?,"SELECT template_type_code ,  template_type_description FROM Ref_template_types",False,False,False,['Templates'],cross-encoder
"Geben Sie den Typcode der Vorlagen mit der Beschreibung ""Buch"" zurück.","SELECT template_type_code FROM Ref_template_types WHERE template_type_description  =  ""Book""",False,False,False,['Templates'],cross-encoder
"Welches sind die verschiedenen Beschreibungen für die Vorlagen, die jemals von einem Dokument verwendet wurden?",SELECT DISTINCT T1.template_type_description FROM Ref_template_types AS T1 JOIN Templates AS T2 ON T1.template_type_code  = T2.template_type_code JOIN Documents AS T3 ON T2.Template_ID  =  T3.template_ID,True,False,False,"['Templates', 'Documents', 'Documents']",cross-encoder
"Geben Sie die verschiedenen Beschreibungen für Vorlagen zurück, die in einem Dokument verwendet worden sind.",SELECT DISTINCT T1.template_type_description FROM Ref_template_types AS T1 JOIN Templates AS T2 ON T1.template_type_code  = T2.template_type_code JOIN Documents AS T3 ON T2.Template_ID  =  T3.template_ID,True,False,False,"['Templates', 'Documents', 'Documents']",cross-encoder
"Geben Sie die IDs zurück, die den Vorlagen mit der Beschreibung ""Präsentation"" entsprechen.","SELECT T2.template_id FROM Ref_template_types AS T1 JOIN Templates AS T2 ON T1.template_type_code  = T2.template_type_code WHERE T1.template_type_description  =  ""Presentation""",True,False,False,['Templates'],cross-encoder
Wie viele Absätze insgesamt?,SELECT count(*) FROM Paragraphs,True,False,False,['Paragraphs'],cross-encoder
Zählen Sie die Absätze.,SELECT count(*) FROM Paragraphs,True,False,False,['Paragraphs'],cross-encoder
"Wie viele Absätze für das Dokument mit dem Namen ""Summer Show""?",SELECT count(*) FROM Paragraphs AS T1 JOIN Documents AS T2 ON T1.document_ID  =  T2.document_ID WHERE T2.document_name  =  'Summer Show',True,False,False,"['Paragraphs', 'Documents', 'Documents']",cross-encoder
"Zählen Sie die Anzahl der Absätze für das Dokument mit dem Namen ""Summer Show"".",SELECT count(*) FROM Paragraphs AS T1 JOIN Documents AS T2 ON T1.document_ID  =  T2.document_ID WHERE T2.document_name  =  'Summer Show',True,False,False,"['Paragraphs', 'Documents', 'Documents']",cross-encoder
"Zeige Details für den Absatz mit dem Text ""Korea ' .",select other_details from paragraphs where paragraph_text like 'korea',True,False,False,['Paragraphs'],cross-encoder
Wie lauten die Details für den Absatz mit dem Text 'Korea ' ?,select other_details from paragraphs where paragraph_text like 'korea',True,False,False,['Paragraphs'],cross-encoder
Alle Absatz-IDs und Texte für das Dokument mit dem Namen 'Welcome to NY' anzeigen.,"SELECT T1.paragraph_id ,   T1.paragraph_text FROM Paragraphs AS T1 JOIN Documents AS T2 ON T1.document_id  =  T2.document_id WHERE T2.Document_Name  =  'Welcome to NY'",True,False,False,"['Documents', 'Documents']",cross-encoder
"Was sind die IDs und Texte von Absätzen in dem Dokument mit dem Namen ""Welcome to NY""?","SELECT T1.paragraph_id ,   T1.paragraph_text FROM Paragraphs AS T1 JOIN Documents AS T2 ON T1.document_id  =  T2.document_id WHERE T2.Document_Name  =  'Welcome to NY'",True,False,False,"['Paragraphs', 'Documents', 'Documents']",cross-encoder
"Alle Absatztexte für das Dokument mit dem Namen ""Customer reviews"" anzeigen.","SELECT T1.paragraph_text FROM Paragraphs AS T1 JOIN Documents AS T2 ON T1.document_id  =  T2.document_id WHERE T2.document_name  =  ""Customer reviews""",True,False,False,"['Documents', 'Documents']",cross-encoder
"Was sind die Absatztexte für das Dokument mit dem Namen ""Customer reviews""?","SELECT T1.paragraph_text FROM Paragraphs AS T1 JOIN Documents AS T2 ON T1.document_id  =  T2.document_id WHERE T2.document_name  =  ""Customer reviews""",True,False,False,"['Documents', 'Documents']",cross-encoder
Alle Dokument-IDs und die Anzahl der Absätze in jedem Dokument anzeigen. Nach Dokument-ID geordnet.,"SELECT document_id ,  count(*) FROM Paragraphs GROUP BY document_id ORDER BY document_id",False,False,False,"['Paragraphs', 'Documents', 'Documents']",cross-encoder
"Geben Sie die verschiedenen Dokument-IDs zusammen mit der Anzahl der entsprechenden Absätze, geordnet nach ID, zurück.","SELECT document_id ,  count(*) FROM Paragraphs GROUP BY document_id ORDER BY document_id",True,False,False,['Paragraphs'],cross-encoder
"Alle Dokument-IDs, Namen und die Anzahl der Absätze in jedem Dokument anzeigen.","SELECT T1.document_id ,  T2.document_name ,  count(*) FROM Paragraphs AS T1 JOIN Documents AS T2 ON T1.document_id  =  T2.document_id GROUP BY T1.document_id",True,False,False,"['Paragraphs', 'Documents', 'Documents']",cross-encoder
Was sind die IDs und Namen der einzelnen Dokumente sowie die Anzahl der Absätze in jedem Dokument?,"SELECT T1.document_id ,  T2.document_name ,  count(*) FROM Paragraphs AS T1 JOIN Documents AS T2 ON T1.document_id  =  T2.document_id GROUP BY T1.document_id",True,False,False,"['Documents', 'Documents', 'Paragraphs', 'Documents']",cross-encoder
Alle Dokument-IDs mit mindestens zwei Absätzen auflisten.,SELECT document_id FROM Paragraphs GROUP BY document_id HAVING count(*)  >=  2,True,False,False,['Paragraphs'],cross-encoder
Wie lauten die IDs von Dokumenten mit 2 oder mehr Absätzen?,SELECT document_id FROM Paragraphs GROUP BY document_id HAVING count(*)  >=  2,False,False,False,['Documents'],cross-encoder
Geben Sie die ID und den Namen des Dokuments mit den meisten Absätzen zurück.,"SELECT T1.document_id ,  T2.document_name FROM Paragraphs AS T1 JOIN Documents AS T2 ON T1.document_id  =  T2.document_id GROUP BY T1.document_id ORDER BY count(*) DESC LIMIT 1",True,False,False,['Paragraphs'],cross-encoder
Geben Sie die Dokument-ID mit den wenigsten Absätzen zurück.,SELECT document_id FROM Paragraphs GROUP BY document_id ORDER BY count(*) ASC LIMIT 1,True,False,False,['Paragraphs'],cross-encoder
"Geben Sie die IDs von Dokumenten an, die zwischen einem und zwei Absätzen haben.",SELECT document_id FROM Paragraphs GROUP BY document_id HAVING count(*) BETWEEN 1 AND 2,False,False,False,"['Documents', 'Paragraphs']",cross-encoder
Geben Sie die Dokument-ID mit den Absätzen 'Brasilien' und 'Irland' an.,SELECT document_id FROM Paragraphs WHERE paragraph_text  =  'Brazil' INTERSECT SELECT document_id FROM Paragraphs WHERE paragraph_text  =  'Ireland',True,False,False,['Paragraphs'],cross-encoder
"Wie lauten die IDs von Dokumenten, die den Absatztext 'Brasilien' und 'Irland' enthalten?",SELECT document_id FROM Paragraphs WHERE paragraph_text  =  'Brazil' INTERSECT SELECT document_id FROM Paragraphs WHERE paragraph_text  =  'Ireland',False,False,False,['Documents'],cross-encoder
Aus welchen Städten kommen mindestens zwei Lehrenden?,SELECT Hometown FROM teacher GROUP BY Hometown HAVING COUNT(*)  >=  2,False,False,False,['city'],cross-encoder
"Zeigen Sie die Namen der Lehrenden und die Kurse, die sie unterrichten sollen.","SELECT T3.Name ,  T2.Course FROM course_arrange AS T1 JOIN course AS T2 ON T1.Course_ID  =  T2.Course_ID JOIN teacher AS T3 ON T1.Teacher_ID  =  T3.Teacher_ID",False,False,False,"['Courses', 'Lessons']",cross-encoder
Wie lauten die Namen der/des einzelnen Lehrenden und welchen Kurs sie unterrichten?,"SELECT T3.Name ,  T2.Course FROM course_arrange AS T1 JOIN course AS T2 ON T1.Course_ID  =  T2.Course_ID JOIN teacher AS T3 ON T1.Teacher_ID  =  T3.Teacher_ID",False,False,False,"['course', 'Lessons']",cross-encoder
"Zeigen Sie die Namen der Lehrenden und die Kurse, die sie unterrichten, in aufsteigender alphabetischer Reihenfolge des Namens der Lehrenden an.","SELECT T3.Name ,  T2.Course FROM course_arrange AS T1 JOIN course AS T2 ON T1.Course_ID  =  T2.Course_ID JOIN teacher AS T3 ON T1.Teacher_ID  =  T3.Teacher_ID ORDER BY T3.Name",False,False,False,"['Courses', 'Lessons']",cross-encoder
"Wie lauten die Namen der Lehrenden und der Kurse, die sie unterrichten, in aufsteigender alphabetischer Reihenfolge nach dem Namen der Lehrenden?","SELECT T3.Name ,  T2.Course FROM course_arrange AS T1 JOIN course AS T2 ON T1.Course_ID  =  T2.Course_ID JOIN teacher AS T3 ON T1.Teacher_ID  =  T3.Teacher_ID ORDER BY T3.Name",False,False,False,"['Courses', 'Lessons']",cross-encoder
"Wie lauten die Namen der Personen, die Mathekurse unterrichten?","SELECT T3.Name FROM course_arrange AS T1 JOIN course AS T2 ON T1.Course_ID  =  T2.Course_ID JOIN teacher AS T3 ON T1.Teacher_ID  =  T3.Teacher_ID WHERE T2.Course  =  ""Math""",False,False,False,"['people', 'Lessons']",cross-encoder
"Zeigen Sie die Namen der Lehrenden und die Anzahl der Kurse, die sie unterrichten.","SELECT T2.Name ,  COUNT(*) FROM course_arrange AS T1 JOIN teacher AS T2 ON T1.Teacher_ID  =  T2.Teacher_ID GROUP BY T2.Name",False,False,False,"['Courses', 'Lessons']",cross-encoder
"Wie lauten die Namen der Lehrenden und die Anzahl der Kurse, die sie unterrichten?","SELECT T2.Name ,  COUNT(*) FROM course_arrange AS T1 JOIN teacher AS T2 ON T1.Teacher_ID  =  T2.Teacher_ID GROUP BY T2.Name",False,False,False,"['Courses', 'Lessons']",cross-encoder
"Zeigen Sie die Namen der Lehrenden, die mindestens zwei Kurse unterrichten.",SELECT T2.Name FROM course_arrange AS T1 JOIN teacher AS T2 ON T1.Teacher_ID  =  T2.Teacher_ID GROUP BY T2.Name HAVING COUNT(*)  >=  2,False,False,False,"['Courses', 'Lessons']",cross-encoder
"Wie lauten die Namen der Lehrenden, die mindestens zwei Kurse unterrichten?",SELECT T2.Name FROM course_arrange AS T1 JOIN teacher AS T2 ON T1.Teacher_ID  =  T2.Teacher_ID GROUP BY T2.Name HAVING COUNT(*)  >=  2,False,False,False,"['Courses', 'Lessons']",cross-encoder
"Geben Sie die Namen der Lehrenden an, die nicht für das Unterrichten von Kursen vorgesehen sind.",SELECT Name FROM teacher WHERE Teacher_id NOT IN (SELECT Teacher_id FROM course_arrange),False,False,False,"['Lessons', 'Courses']",cross-encoder
"Wie lauten die Namen der Lehrenden, deren Kurse nicht vereinbart wurden?",SELECT Name FROM teacher WHERE Teacher_id NOT IN (SELECT Teacher_id FROM course_arrange),False,False,False,['Courses'],cross-encoder
Wie viele Besucher unter 30 Jahren gibt es?,SELECT count(*) FROM visitor WHERE age  <  30,False,False,False,['Visitors'],cross-encoder
"Finden Sie die Namen der Besucher, deren Mitgliedsstufe höher als 4 ist, und ordnen Sie die Ergebnisse nach der Stufe von hoch nach niedrig.",SELECT name FROM visitor WHERE Level_of_membership  >  4 ORDER BY Level_of_membership DESC,False,False,False,"['Visitors', 'results']",cross-encoder
"Wie hoch ist das Durchschnittsalter der Besucher, deren Mitgliedsstufe nicht höher als 4 ist?",SELECT avg(age) FROM visitor WHERE Level_of_membership  <=  4,False,False,False,['Visitors'],cross-encoder
"Finden Sie den Namen und die Mitgliedsstufe der Besucher, deren Mitgliedsstufe höher als 4 ist, und ordnen Sie die Ergebnisse nach ihrem Alter von alt bis jung.","SELECT name ,  Level_of_membership FROM visitor WHERE Level_of_membership  >  4 ORDER BY age DESC",False,False,False,"['Visitors', 'results']",cross-encoder
"Finden Sie die ID und den Namen des Museums, das die meisten Mitarbeiter hat?","SELECT museum_id ,  name FROM museum ORDER BY num_of_staff DESC LIMIT 1",False,False,False,"['museum', 'employee']",cross-encoder
"Finden Sie die durchschnittliche Anzahl der Mitarbeiter der Museen, die vor 2009 eröffnet wurden.",SELECT avg(num_of_staff) FROM museum WHERE open_year  <  2009,False,False,False,"['employee', 'Museums']",cross-encoder
Welches sind das Eröffnungsjahr und die Mitarbeiterzahl des Museums mit dem Namen Plaza Museum?,"SELECT Num_of_Staff ,  Open_Year FROM museum WHERE name  =  'Plaza Museum'",True,False,False,"['museum', 'museum']",cross-encoder
"Finden Sie die Namen der Museen, die mehr Mitarbeiter haben als die Mindestmitarbeitlzahl aller nach 2010 eröffneten Museen.",SELECT name FROM museum WHERE num_of_staff  >  (SELECT min(num_of_staff) FROM museum WHERE open_year  >  2010),False,False,False,"['Museums', 'employee', 'Museums']",cross-encoder
"Finden Sie die ID, den Namen und das Alter von Besuchern, die einige Museen mehr als einmal besucht haben.","SELECT t1.id ,  t1.name ,  t1.age FROM visitor AS t1 JOIN visit AS t2 ON t1.id  =  t2.visitor_id GROUP BY t1.id HAVING count(*)  >  1",False,False,False,['Museums'],cross-encoder
"Welches sind die ID, der Name und die Mitgliedsstufe der Besucher, die insgesamt den größten Geldbetrag für alle Museumstickets ausgegeben haben?","SELECT t2.visitor_id ,  t1.name ,  t1.Level_of_membership FROM visitor AS t1 JOIN visit AS t2 ON t1.id  =  t2.visitor_id GROUP BY t2.visitor_id ORDER BY sum(t2.Total_spent) DESC LIMIT 1",False,False,False,['Visitors'],cross-encoder
"Wie lauten ID und Name des Museums, das am häufigsten besucht wurde?","SELECT t2.Museum_ID ,  t1.name FROM museum AS t1 JOIN visit AS t2 ON t1.Museum_ID  =  t2.Museum_ID GROUP BY t2.Museum_ID ORDER BY count(*) DESC LIMIT 1",True,False,False,['museum'],cross-encoder
"Wie lautet der Name des Museums, das noch keinen Besucher hatte?",SELECT name FROM museum WHERE Museum_ID NOT IN (SELECT museum_id FROM visit),False,False,False,"['museum', 'Visitors']",cross-encoder
"Wie hoch sind die Gesamtkosten für die Eintrittskarten der Besucher, deren Mitgliedsstufe 1 ist?",SELECT sum(t2.Total_spent) FROM visitor AS t1 JOIN visit AS t2 ON t1.id  =  t2.visitor_id WHERE t1.Level_of_membership  =  1,False,False,False,['Visitors'],cross-encoder
"Wie lautet der Name des Besuchers, der sowohl ein vor 2009 eröffnetes Museum als auch ein nach 2011 eröffnetes Museum besucht hat?",SELECT t1.name FROM visitor AS t1 JOIN visit AS t2 ON t1.id  =  t2.visitor_id JOIN museum AS t3 ON t3.Museum_ID  =  t2.Museum_ID WHERE t3.open_year  <  2009 INTERSECT SELECT t1.name FROM visitor AS t1 JOIN visit AS t2 ON t1.id  =  t2.visitor_id JOIN museum AS t3 ON t3.Museum_ID  =  t2.Museum_ID WHERE t3.open_year  >  2011,True,False,False,"['museum', 'museum']",cross-encoder
"Ermitteln Sie die Anzahl der Besucher, die kein nach 2010 eröffnetes Museum besucht haben.",SELECT count(*) FROM visitor WHERE id NOT IN (SELECT t2.visitor_id FROM museum AS t1 JOIN visit AS t2 ON t1.Museum_ID  =  t2.Museum_ID WHERE t1.open_year  >  2010),False,False,False,"['Visitors', 'museum']",cross-encoder
Wie viele Museen wurden nach 2013 oder vor 2008 eröffnet?,SELECT count(*) FROM museum WHERE open_year  >  2013 OR open_year  <  2008,False,False,False,['Museums'],cross-encoder
Finden Sie die Gesamtzahl der Spieler.,SELECT count(*) FROM players,False,False,False,"['player', 'matches']",cross-encoder
Wie viele Spieler gibt es?,SELECT count(*) FROM players,False,False,False,"['player', 'matches']",cross-encoder
Finden Sie die Gesamtzahl der Spiele.,SELECT count(*) FROM matches,False,False,False,"['game', 'player', 'matches', 'Plays_Games']",cross-encoder
Zählen Sie die Spiele.,SELECT count(*) FROM matches,False,False,False,"['game', 'player', 'matches', 'Plays_Games']",cross-encoder
Geben Sie den Vornamen und das Geburtsdaten aller Spieler aus dem Land mit dem Code USA an.,"SELECT first_name ,  birth_date FROM players WHERE country_code  =  'USA'",False,False,False,"['player', 'matches', 'country']",cross-encoder
Wie lauten die Vornamen und Geburtsdaten der Spieler aus den USA?,"SELECT first_name ,  birth_date FROM players WHERE country_code  =  'USA'",False,False,False,"['player', 'matches']",cross-encoder
Finden Sie das Durchschnittsalter der Verlierer und Gewinner aller Spiele.,"SELECT avg(loser_age) ,  avg(winner_age) FROM matches",False,False,False,"['game', 'player', 'matches', 'Plays_Games']",cross-encoder
Wie sind die Durchschnittsalter der Verlierer und Gewinner aller Spiele?,"SELECT avg(loser_age) ,  avg(winner_age) FROM matches",True,False,False,['matches'],cross-encoder
Welches ist der beste Rang der Verlierer über alle Spiele hinweg?,SELECT min(loser_rank) FROM matches,False,False,False,"['game', 'player', 'matches', 'Plays_Games']",cross-encoder
Finden Sie die Anzahl der verschiedenen Ländercodes aller Spieler.,SELECT count(DISTINCT country_code) FROM players,False,False,False,"['player', 'matches']",cross-encoder
Aus wie vielen verschiedenen Ländern kommen die Spieler?,SELECT count(DISTINCT country_code) FROM players,True,False,False,['player'],cross-encoder
"Finden Sie den Namen eines Turniers, das mehr als 10 Spiele hat.",SELECT tourney_name FROM matches GROUP BY tourney_name HAVING count(*)  >  10,False,False,False,"['game', 'player', 'matches', 'Plays_Games']",cross-encoder
"Wie lauten die Namen von Turnieren, die mehr als 10 Spiele haben?",SELECT tourney_name FROM matches GROUP BY tourney_name HAVING count(*)  >  10,False,False,False,"['game', 'player', 'matches', 'Plays_Games']",cross-encoder
"Wie lauten die Namen der Spieler, die sowohl im Jahr 2013 als auch im Jahr 2016 gewonnen haben?",SELECT winner_name FROM matches WHERE YEAR  =  2013 INTERSECT SELECT winner_name FROM matches WHERE YEAR  =  2016,False,False,False,"['player', 'matches']",cross-encoder
"Geben Sie die Anzahl aller Spiele an, die 2013 oder 2016 stattgefunden haben.",SELECT count(*) FROM matches WHERE YEAR  =  2013 OR YEAR  =  2016,False,False,False,"['game', 'player', 'matches', 'Plays_Games']",cross-encoder
Wie viele Spiele wurden 2013 oder 2016 ausgetragen?,SELECT count(*) FROM matches WHERE YEAR  =  2013 OR YEAR  =  2016,False,False,False,"['game', 'player', 'matches', 'Plays_Games']",cross-encoder
"Wie lauten Ländercode und Vorname der Spieler, die sowohl bei den WTA-Meisterschaften als auch bei den Australian Open gewonnen haben?","SELECT T1.country_code ,  T1.first_name FROM players AS T1 JOIN matches AS T2 ON T1.player_id  =  T2.winner_id WHERE T2.tourney_name  =  'WTA Championships' INTERSECT SELECT T1.country_code ,  T1.first_name FROM players AS T1 JOIN matches AS T2 ON T1.player_id  =  T2.winner_id WHERE T2.tourney_name  =  'Australian Open'",True,False,False,"['player', 'matches']",cross-encoder
"Wie lauten die Vornamen und Ländercodes der Spieler, die sowohl die WTA-Meisterschaften als auch die Australian Open gewonnen haben?","SELECT T1.country_code ,  T1.first_name FROM players AS T1 JOIN matches AS T2 ON T1.player_id  =  T2.winner_id WHERE T2.tourney_name  =  'WTA Championships' INTERSECT SELECT T1.country_code ,  T1.first_name FROM players AS T1 JOIN matches AS T2 ON T1.player_id  =  T2.winner_id WHERE T2.tourney_name  =  'Australian Open'",True,False,False,"['player', 'matches']",cross-encoder
Finden Sie den Vornamen und den Ländercode des ältesten Spielers.,"SELECT first_name ,  country_code FROM players ORDER BY birth_date LIMIT 1",True,False,False,['player'],cross-encoder
Listen Sie den Vor- und Nachnamen aller Spieler in der Reihenfolge ihres Geburtsdatums auf.,"SELECT first_name ,  last_name FROM players ORDER BY birth_date",False,False,False,"['player', 'matches']",cross-encoder
Wie lauten die vollständigen Namen aller Spieler in der Reihenfolge ihres Geburtsdatums?,"SELECT first_name ,  last_name FROM players ORDER BY birth_date",False,False,False,"['player', 'matches']",cross-encoder
"Listen Sie den Vor- und Nachnamen aller Spieler, die Linkshänder verwenden, in der Reihenfolge ihres Geburtsdatums auf.","SELECT first_name ,  last_name FROM players WHERE hand  =  'L' ORDER BY birth_date",False,False,False,"['player', 'matches']",cross-encoder
Wie lauten die vollständigen Namen aller linkshändigen Spieler in der Reihenfolge ihres Geburtsdatums?,"SELECT first_name ,  last_name FROM players WHERE hand  =  'L' ORDER BY birth_date",False,False,False,"['player', 'matches']",cross-encoder
"Finden Sie den Vornamen und den Ländercode des Spielers, der die meisten Touren absolviert hat.","SELECT T1.country_code ,  T1.first_name FROM players AS T1 JOIN rankings AS T2 ON T1.player_id  =  T2.player_id ORDER BY T2.tours DESC LIMIT 1",True,False,False,['player'],cross-encoder
Wie lauten der Vorname und der Ländercode des Spielers mit den meisten Tourneen?,"SELECT T1.country_code ,  T1.first_name FROM players AS T1 JOIN rankings AS T2 ON T1.player_id  =  T2.player_id ORDER BY T2.tours DESC LIMIT 1",True,False,False,['player'],cross-encoder
Welches Jahr hatte die meisten Spiele?,SELECT YEAR FROM matches GROUP BY YEAR ORDER BY count(*) DESC LIMIT 1,True,False,False,['matches'],cross-encoder
"Finden Sie den Namen und die Ranglistenpunkte des Gewinners, der die meisten Spiele gewonnen hat.","SELECT winner_name ,  winner_rank_points FROM matches GROUP BY winner_name ORDER BY count(*) DESC LIMIT 1",False,False,False,"['game', 'player', 'matches', 'Plays_Games']",cross-encoder
"Wie lautet der Name des Gewinners, der die meisten Spiele gewonnen hat, und wie viele Ranglistenpunkte hat dieser Spieler?","SELECT winner_name ,  winner_rank_points FROM matches GROUP BY winner_name ORDER BY count(*) DESC LIMIT 1",False,False,False,"['game', 'player', 'matches', 'Plays_Games', 'player']",cross-encoder
"Finden Sie die Namen des Verlierers und des Gewinners, der an dem Spiel mit der größten Anzahl von Minuten teilgenommen hat.","SELECT winner_name ,  loser_name FROM matches ORDER BY minutes DESC LIMIT 1",False,False,False,"['game', 'matches', 'Plays_Games']",cross-encoder
"Wie lauten die Namen des Gewinners und des Verlierers, die am längsten an den Spielen teilgenommen haben?","SELECT winner_name ,  loser_name FROM matches ORDER BY minutes DESC LIMIT 1",True,False,False,['matches'],cross-encoder
Finden Sie den durchschnittlichen Rang für jeden Spieler und seinen Vornamen.,"SELECT avg(ranking) ,  T1.first_name FROM players AS T1 JOIN rankings AS T2 ON T1.player_id  =  T2.player_id GROUP BY T1.first_name",False,False,False,"['player', 'matches']",cross-encoder
Wie lauten die Vornamen aller Spieler und ihr durchschnittlicher Rang?,"SELECT avg(ranking) ,  T1.first_name FROM players AS T1 JOIN rankings AS T2 ON T1.player_id  =  T2.player_id GROUP BY T1.first_name",False,False,False,"['player', 'matches']",cross-encoder
Finden Sie die Gesamtpunktzahl für jeden Spieler und seinen Vornamen.,"SELECT sum(ranking_points) ,  T1.first_name FROM players AS T1 JOIN rankings AS T2 ON T1.player_id  =  T2.player_id GROUP BY T1.first_name",False,False,False,"['player', 'matches']",cross-encoder
Wie lauten die Vornamen aller Spieler und ihre Gesamtpunktzahl der Ranglistenpunkte?,"SELECT sum(ranking_points) ,  T1.first_name FROM players AS T1 JOIN rankings AS T2 ON T1.player_id  =  T2.player_id GROUP BY T1.first_name",False,False,False,"['player', 'matches']",cross-encoder
Finden Sie die Anzahl der Spieler für jedes Land.,"SELECT count(*) ,  country_code FROM players GROUP BY country_code",False,False,False,"['player', 'matches', 'country']",cross-encoder
Wie viele Spieler kommen aus jedem Land?,"SELECT count(*) ,  country_code FROM players GROUP BY country_code",False,False,False,"['player', 'matches', 'country']",cross-encoder
"Finden Sie den Code des Landes, in dem die meisten Spieler leben.",SELECT country_code FROM players GROUP BY country_code ORDER BY count(*) DESC LIMIT 1,False,False,False,"['player', 'matches']",cross-encoder
"Finden Sie die Codes der Länder, die mehr als 50 Spieler haben.",SELECT country_code FROM players GROUP BY country_code HAVING count(*)  >  50,False,False,False,"['countries', 'player', 'matches']",cross-encoder
Wie lauten die Codes der Länder mit mehr als 50 Spielern?,SELECT country_code FROM players GROUP BY country_code HAVING count(*)  >  50,False,False,False,['countries'],cross-encoder
"Finden Sie die Anzahl der Spiele, die in jedem Jahr stattgefunden haben.","SELECT count(*) ,  YEAR FROM matches GROUP BY YEAR",False,False,False,"['game', 'player', 'matches', 'Plays_Games']",cross-encoder
Wie viele Spiele wurden in jedem Jahr ausgetragen?,"SELECT count(*) ,  YEAR FROM matches GROUP BY YEAR",False,False,False,"['game', 'player', 'matches', 'Plays_Games']",cross-encoder
Finden Sie den Namen und Rang der 3 jüngsten Gewinner über alle Spiele hinweg.,"SELECT DISTINCT winner_name ,  winner_rank FROM matches ORDER BY winner_age LIMIT 3",False,False,False,"['game', 'player', 'matches', 'Plays_Games']",cross-encoder
Wie lauten die Namen und Ränge der drei jüngsten Gewinner über alle Spiele hinweg?,"SELECT DISTINCT winner_name ,  winner_rank FROM matches ORDER BY winner_age LIMIT 3",False,False,False,"['game', 'player', 'matches', 'Plays_Games']",cross-encoder
"Finden Sie den Vornamen, den Ländercode und das Geburtsdatum des Gewinners, der in allen Spielen die höchsten Ranglistenpunkte erzielt hat.","SELECT T1.first_name ,  T1.country_code ,  T1.birth_date FROM players AS T1 JOIN matches AS T2 ON T1.player_id  =  T2.winner_id ORDER BY T2.winner_rank_points DESC LIMIT 1",True,False,False,['matches'],cross-encoder
"Wie lauten der Vorname, der Ländercode und das Geburtsdatum des Spielers mit den meisten Ranglistenpunkten in allen Spielen?","SELECT T1.first_name ,  T1.country_code ,  T1.birth_date FROM players AS T1 JOIN matches AS T2 ON T1.player_id  =  T2.winner_id ORDER BY T2.winner_rank_points DESC LIMIT 1",True,False,False,['player'],cross-encoder
Finden Sie die Anzahl der Spieler für jeden Handtyp.,"SELECT count(*) ,  hand FROM players GROUP BY hand",False,False,False,"['player', 'matches']",cross-encoder
Wie viele Spieler gibt es für jeden Handtyp?,"SELECT count(*) ,  hand FROM players GROUP BY hand",False,False,False,"['player', 'matches']",cross-encoder
"Wie viele Schiffe wurden am Ende ""gekapert""?",SELECT count(*) FROM ship WHERE disposition_of_ship  =  'Captured',True,False,False,['ship'],cross-encoder
"Listen Sie den Namen, das Datum und das Ergebnis jeder Schlacht auf.","SELECT name ,  date FROM battle",True,False,False,['battle'],cross-encoder
Welche Situationen mit Toten und Verletzten wurden durch das Schiff mit der Tonnage 't' verursacht?,"SELECT T1.killed ,  T1.injured FROM death AS T1 JOIN ship AS t2 ON T1.caused_by_ship_id  =  T2.id WHERE T2.tonnage  =  't'",True,False,False,['ship'],cross-encoder
"Wie lauten der Name und die Ergebnisse der Kämpfe, wenn der bulgarische Kommandeur nicht ""Boril"" ist?","SELECT name ,  RESULT FROM battle WHERE bulgarian_commander != 'Boril'",False,False,False,['results'],cross-encoder
"Wie lauten die verschiedenen IDs und Namen der Kämpfe, in denen Schiffe des Typs ""Brig"" verloren gingen?","SELECT DISTINCT T1.id ,  T1.name FROM battle AS T1 JOIN ship AS T2 ON T1.id  =  T2.lost_in_battle WHERE T2.ship_type  =  'Brig'",True,False,False,['ship'],cross-encoder
Wie viele verschiedene Ergebnisse gibt es bei den Kämpfen?,SELECT count(DISTINCT RESULT) FROM battle,False,False,False,['results'],cross-encoder
In wie vielen Kämpfen hat kein Schiff mit der Tonnage '225' verloren?,SELECT count(*) FROM battle WHERE id NOT IN ( SELECT lost_in_battle FROM ship WHERE tonnage  =  '225' );,True,False,False,['ship'],cross-encoder
"Nennen Sie den Namen und das Datum der Kämpfe, die das Schiff mit dem Namen ""Lettice"" und das Schiff mit dem Namen ""HMS Atalanta"" verloren haben.","SELECT T1.name ,  T1.date FROM battle AS T1 JOIN ship AS T2 ON T1.id  =  T2.lost_in_battle WHERE T2.name  =  'Lettice' INTERSECT SELECT T1.name ,  T1.date FROM battle AS T1 JOIN ship AS T2 ON T1.id  =  T2.lost_in_battle WHERE T2.name  =  'HMS Atalanta'",True,False,False,"['ship', 'ship']",cross-encoder
"Zeigen Sie Namen, Ergebnisse und bulgarische Kommandeure der Kämpfe ohne verlorene Schiffe im ""Ärmelkanal"".","SELECT name ,  RESULT ,  bulgarian_commander FROM battle EXCEPT SELECT T1.name ,  T1.result ,  T1.bulgarian_commander FROM battle AS T1 JOIN ship AS T2 ON T1.id  =  T2.lost_in_battle WHERE T2.location  =  'English Channel'",False,False,False,"['results', 'ship']",cross-encoder
"Was sind die Aufzeichnungen der Todesfälle, die die Teilzeichenfolge 'Ost' haben?",SELECT note FROM death WHERE note LIKE '%East%',False,False,False,['record'],cross-encoder
Was sind alle Adressen einschließlich Zeile 1 und Zeile 2?,"SELECT line_1 ,  line_2 FROM addresses",True,False,False,"['Addresses', 'address']",cross-encoder
Was ist die erste und zweite Zeile für alle Adressen?,"SELECT line_1 ,  line_2 FROM addresses",True,False,False,['Addresses'],cross-encoder
Wie viele Kurse sind insgesamt aufgeführt?,SELECT count(*) FROM Courses,True,False,False,['Courses'],cross-encoder
Wie viele Kurse gibt es?,SELECT count(*) FROM Courses,True,False,False,['Courses'],cross-encoder
Wie lautet die Postleitzahl der Adresse in der Stadt Port Chelsea?,SELECT zip_postcode FROM Addresses WHERE city  =  'Port Chelsea',True,False,False,"['Addresses', 'address', 'city']",cross-encoder
Wie lautet die Postleitzahl der Stadt Port Chelsea?,SELECT zip_postcode FROM Addresses WHERE city  =  'Port Chelsea',True,False,False,['city'],cross-encoder
Welche Abteilung bietet die meisten Abschlüsse an? Geben Sie den Namen und die ID der Abteilung an.,"SELECT T2.department_name ,  T1.department_id FROM Degree_Programs AS T1 JOIN Departments AS T2 ON T1.department_id  =  T2.department_id GROUP BY T1.department_id ORDER BY count(*) DESC LIMIT 1",True,False,False,"['department', 'department']",cross-encoder
Wie lautet der Name und die ID der Abteilung mit den meisten Abschlüssen?,"select t2.department_name ,  t1.department_id from degree_programs as t1 join departments as t2 on t1.department_id  =  t2.department_id group by t1.department_id order by count(*) desc limit 1",True,False,False,['department'],cross-encoder
Wie viele Abteilungen bieten die meisten Abschlüsse an?,SELECT count(DISTINCT department_id) FROM Degree_Programs,False,False,False,['departments'],cross-encoder
Wie viele verschiedene Abteilungen bieten Abschlüsse an?,SELECT count(DISTINCT department_id) FROM Degree_Programs,False,False,False,['departments'],cross-encoder
Wie viele Abschlüsse bietet die Abteilung für Ingenieurwissenschaften an?,SELECT count(*) FROM Departments AS T1 JOIN Degree_Programs AS T2 ON T1.department_id  =  T2.department_id WHERE T1.department_name  =  'engineer',True,False,False,['department'],cross-encoder
Wie viele Abschlüsse hat die Abteilung für Ingenieurwissenschaften?,SELECT count(*) FROM Departments AS T1 JOIN Degree_Programs AS T2 ON T1.department_id  =  T2.department_id WHERE T1.department_name  =  'engineer',True,False,False,['department'],cross-encoder
Wie lauten die Bezeichnungen und Beschreibungen aller Sektionen?,"SELECT section_name ,  section_description FROM Sections",False,False,False,['appellations'],cross-encoder
Wie lauten die Namen und IDs von Kursen mit höchstens 2 Sektionen?,"SELECT T1.course_name ,  T1.course_id FROM Courses AS T1 JOIN Sections AS T2 ON T1.course_id  =  T2.course_id GROUP BY T1.course_id HAVING count(*)  <=  2",True,False,False,['Courses'],cross-encoder
Wie lauten die Namen und IDs aller Kurse mit weniger als 2 Sektionen?,"SELECT T1.course_name ,  T1.course_id FROM Courses AS T1 JOIN Sections AS T2 ON T1.course_id  =  T2.course_id GROUP BY T1.course_id HAVING count(*)  <=  2",True,False,False,['Courses'],cross-encoder
In welchem Semester sind die meisten Studierenden eingeschrieben? Zeigen Sie sowohl den Namen als auch die ID an.,"SELECT T1.semester_name ,  T1.semester_id FROM Semesters AS T1 JOIN Student_Enrolment AS T2 ON T1.semester_id  =  T2.semester_id GROUP BY T1.semester_id ORDER BY count(*) DESC LIMIT 1",True,False,False,['Semesters'],cross-encoder
"Wie lauten für jedes Semester der Name und die ID des Semesters, in dem die meisten Studierenden eingeschrieben sind?","SELECT T1.semester_name ,  T1.semester_id FROM Semesters AS T1 JOIN Student_Enrolment AS T2 ON T1.semester_id  =  T2.semester_id GROUP BY T1.semester_id ORDER BY count(*) DESC LIMIT 1",True,False,False,"['Semesters', 'Semesters']",cross-encoder
"Wie lautet die Beschreibung der Abteilung, deren Name die Teilzeichenfolge des Computers enthält?",SELECT department_description FROM Departments WHERE department_name LIKE '%computer%',True,False,False,['department'],cross-encoder
"Wie lautet die Beschreibung der Abteilung, in deren Namen das Wort Computer vorkommt?",SELECT department_description FROM Departments WHERE department_name LIKE '%computer%',True,False,False,['department'],cross-encoder
"Wer ist in einem Semester in 2 Studiengängen eingeschrieben? Führen Sie den Vornamen, den Mittel- und Nachnamen und die ID auf.","SELECT T1.first_name ,  T1.middle_name ,  T1.last_name ,  T1.student_id FROM Students AS T1 JOIN Student_Enrolment AS T2 ON T1.student_id  =  T2.student_id GROUP BY T1.student_id HAVING count(*)  =  2",False,False,False,"['Semesters', 'Degree_Programs']",cross-encoder
"Wie lauten die Vor-, Mittel- und Nachnamen sowie die Kennungen aller Studierenden, die sich in einem Semester in 2 Studiengängen eingeschrieben haben?","SELECT T1.first_name ,  T1.middle_name ,  T1.last_name ,  T1.student_id FROM Students AS T1 JOIN Student_Enrolment AS T2 ON T1.student_id  =  T2.student_id GROUP BY T1.student_id HAVING count(*)  =  2",False,False,False,"['Semesters', 'Degree_Programs']",cross-encoder
"Wie lauten die Vor-, Mittel- und Nachnamen aller an einem Bachelor-Studiengang eingeschriebenen Personen?","SELECT DISTINCT T1.first_name ,  T1.middle_name ,  T1.last_name FROM Students AS T1 JOIN Student_Enrolment AS T2 ON T1.student_id  =  T2.student_id JOIN Degree_Programs AS T3 ON T2.degree_program_id  =  T3.degree_program_id WHERE T3.degree_summary_name  =  'Bachelor'",False,False,False,['people'],cross-encoder
"Finden Sie das Studiengang, in dem die meisten Studierenden eingeschrieben sind. Listen Sie sowohl die ID als auch die Zusammenfassung auf.","SELECT T1.degree_program_id ,  T1.degree_summary_name FROM Degree_Programs AS T1 JOIN Student_Enrolment AS T2 ON T1.degree_program_id  =  T2.degree_program_id GROUP BY T1.degree_program_id ORDER BY count(*) DESC LIMIT 1",True,False,False,['Degree_Programs'],cross-encoder
"Welcher Student hat sich am häufigsten für einen Studiengang eingeschrieben? Geben Sie die ID, den Vornamen, den Mittelnamen, den Nachnamen, die Anzahl der Einschreibungen und die Studenten-ID an.","SELECT T1.student_id ,  T1.first_name ,  T1.middle_name ,  T1.last_name ,  count(*) ,  T1.student_id FROM Students AS T1 JOIN Student_Enrolment AS T2 ON T1.student_id  =  T2.student_id GROUP BY T1.student_id ORDER BY count(*) DESC LIMIT 1",False,False,False,"['Student', 'Degree_Programs', 'enrollments']",cross-encoder
"Wie lauten Vor-, Mittel- und Nachname sowie die ID und die Anzahl der Einschreibungen für den Studierenden, der sich am häufigsten in einen Studiengang eingeschrieben hat?","SELECT T1.student_id ,  T1.first_name ,  T1.middle_name ,  T1.last_name ,  count(*) ,  T1.student_id FROM Students AS T1 JOIN Student_Enrolment AS T2 ON T1.student_id  =  T2.student_id GROUP BY T1.student_id ORDER BY count(*) DESC LIMIT 1",False,False,False,"['enrollments', 'Degree_Programs']",cross-encoder
"Wie lautet der Name des Semesters, in dem keine Studierenden eingeschrieben sind?",SELECT semester_name FROM Semesters WHERE semester_id NOT IN( SELECT semester_id FROM Student_Enrolment ),True,False,False,['Semesters'],cross-encoder
"Wie lauten die Namen aller Kurse, in die jemals Studierende eingeschrieben waren?",SELECT DISTINCT T1.course_name FROM Courses AS T1 JOIN Student_Enrolment_Courses AS T2 ON T1.course_id  =  T2.course_id,True,False,False,['Courses'],cross-encoder
"Wie lauten die Namen aller Kurse, für die sich jemals Studierende eingeschrieben haben?",SELECT DISTINCT T1.course_name FROM Courses AS T1 JOIN Student_Enrolment_Courses AS T2 ON T1.course_id  =  T2.course_id,True,False,False,['Courses'],cross-encoder
Wie lautet der Name des Kurses mit den meisten Einschreibungen?,SELECT  T1.course_name FROM Courses AS T1 JOIN Student_Enrolment_Courses AS T2 ON T1.course_id  =  T2.course_id GROUP BY T1.course_name ORDER BY count(*) DESC LIMIT 1,False,False,False,"['Courses', 'enrollments']",cross-encoder
"Wie heißt der Kurs, für den sich die meisten Studierenden eingeschrieben haben?",SELECT  T1.course_name FROM Courses AS T1 JOIN Student_Enrolment_Courses AS T2 ON T1.course_id  =  T2.course_id GROUP BY T1.course_name ORDER BY count(*) DESC LIMIT 1,True,False,False,['course'],cross-encoder
"Finden Sie den Nachnamen der Studierenden, die derzeit im Staat North Carolina leben, aber in keinem Studiengang eingeschrieben sind.",SELECT T1.last_name FROM Students AS T1 JOIN Addresses AS T2 ON T1.current_address_id  =  T2.address_id WHERE T2.state_province_county  =  'NorthCarolina' EXCEPT SELECT DISTINCT T3.last_name FROM Students AS T3 JOIN Student_Enrolment AS T4 ON T3.student_id  =  T4.student_id,False,False,False,['Degree_Programs'],cross-encoder
"Wie lauten die Nachnamen der Studenten, die derzeit im Staat North Carolina leben, aber in keinem Studiengang eingeschrieben sind?",SELECT T1.last_name FROM Students AS T1 JOIN Addresses AS T2 ON T1.current_address_id  =  T2.address_id WHERE T2.state_province_county  =  'NorthCarolina' EXCEPT SELECT DISTINCT T3.last_name FROM Students AS T3 JOIN Student_Enrolment AS T4 ON T3.student_id  =  T4.student_id,False,False,False,"['Students', 'Degree_Programs']",cross-encoder
Zeigen Sie das Datum und die ID der Abschrift mit mindestens 2 Ergebnissen des Kurses an.,"SELECT T2.transcript_date ,  T1.transcript_id FROM Transcript_Contents AS T1 JOIN Transcripts AS T2 ON T1.transcript_id  =  T2.transcript_id GROUP BY T1.transcript_id HAVING count(*)  >=  2",False,False,False,"['results', 'Courses']",cross-encoder
"Wie lautet das Datum und die ID der Abschrift, in dem mindestens 2 Kurse aufgeführt sind?","SELECT T2.transcript_date ,  T1.transcript_id FROM Transcript_Contents AS T1 JOIN Transcripts AS T2 ON T1.transcript_id  =  T2.transcript_id GROUP BY T1.transcript_id HAVING count(*)  >=  2",False,False,False,['Courses'],cross-encoder
Wie lautet die Mobiltelefonnummer des Studenten mit dem Namen Timmothy Ward?,select cell_mobile_number from students where first_name  =  'timmothy' and last_name  =  'ward',True,False,False,['Students'],cross-encoder
"Wer ist der früheste Absolvent der Schule? Geben Sie den Vornamen, den Mittelnamen und den Nachnamen an.","SELECT first_name ,  middle_name ,  last_name FROM Students ORDER BY date_left ASC LIMIT 1",False,False,False,['school'],cross-encoder
Wessen ständige Adresse unterscheidet sich von seiner aktuellen Adresse? Geben Sie seinen oder ihren Vornamen an.,SELECT first_name FROM Students WHERE current_address_id != permanent_address_id,False,False,False,"['Addresses', 'address']",cross-encoder
"Wie lautet der Vorname des/der Studierenden, dessen/deren ständige Adresse sich von seiner/ihrer derzeitigen Adresse unterscheidet?",SELECT first_name FROM Students WHERE current_address_id != permanent_address_id,False,False,False,"['Addresses', 'address', 'Addresses', 'address']",cross-encoder
An welcher Adresse befinden sich derzeit die meisten Studierenden? Geben Sie die ID der Adresse und alle Zeilen an.,"SELECT T1.address_id ,  T1.line_1 ,  T1.line_2 FROM Addresses AS T1 JOIN Students AS T2 ON T1.address_id  =  T2.current_address_id GROUP BY T1.address_id ORDER BY count(*) DESC LIMIT 1",True,False,False,"['Addresses', 'address', 'Addresses', 'address']",cross-encoder
"Wie lautet die ID, Zeile 1 und Zeile 2 der Adresse mit den meisten Studierenden?","SELECT T1.address_id ,  T1.line_1 ,  T1.line_2 FROM Addresses AS T1 JOIN Students AS T2 ON T1.address_id  =  T2.current_address_id GROUP BY T1.address_id ORDER BY count(*) DESC LIMIT 1",True,False,False,"['Addresses', 'address']",cross-encoder
"Wie oft kann ein Kurs maximal in verschiedenen Abschriften angezeigt werden, und wie lautet die ID der Kursanmeldung?","SELECT count(*) ,  student_course_id FROM Transcript_Contents GROUP BY student_course_id ORDER BY count(*) DESC LIMIT 1",True,False,False,['course'],cross-encoder
"Zeigen Sie das Datum der Abschrift an, das die geringste Anzahl von Ergebnissen zeigt, und geben Sie auch die ID an.","SELECT T2.transcript_date ,  T1.transcript_id FROM Transcript_Contents AS T1 JOIN Transcripts AS T2 ON T1.transcript_id  =  T2.transcript_id GROUP BY T1.transcript_id ORDER BY count(*) ASC LIMIT 1",False,False,False,['results'],cross-encoder
Was ist das Datum und die ID der Abschrift mit der geringsten Anzahl von Ergebnissen?,"SELECT T2.transcript_date ,  T1.transcript_id FROM Transcript_Contents AS T1 JOIN Transcripts AS T2 ON T1.transcript_id  =  T2.transcript_id GROUP BY T1.transcript_id ORDER BY count(*) ASC LIMIT 1",False,False,False,['results'],cross-encoder
"Finden Sie das Semester, in dem sowohl Master- als auch Bachelor-Studierende eingeschrieben waren.",SELECT DISTINCT T2.semester_id FROM Degree_Programs AS T1 JOIN Student_Enrolment AS T2 ON T1.degree_program_id  =  T2.degree_program_id WHERE degree_summary_name  =  'Master' INTERSECT SELECT DISTINCT T2.semester_id FROM Degree_Programs AS T1 JOIN Student_Enrolment AS T2 ON T1.degree_program_id  =  T2.degree_program_id WHERE degree_summary_name  =  'Bachelor',False,False,False,['Semesters'],cross-encoder
"Was ist die ID des Semesters, in dem sowohl Master- als auch Bachelor-Studierende eingeschrieben waren?",SELECT DISTINCT T2.semester_id FROM Degree_Programs AS T1 JOIN Student_Enrolment AS T2 ON T1.degree_program_id  =  T2.degree_program_id WHERE degree_summary_name  =  'Master' INTERSECT SELECT DISTINCT T2.semester_id FROM Degree_Programs AS T1 JOIN Student_Enrolment AS T2 ON T1.degree_program_id  =  T2.degree_program_id WHERE degree_summary_name  =  'Bachelor',False,False,False,['Semesters'],cross-encoder
Wie viele verschiedene Adressen haben die Studierenden derzeit?,SELECT count(DISTINCT current_address_id) FROM Students,False,False,False,"['Addresses', 'address']",cross-encoder
"Welche verschiedenen Adressen haben Studierende, die dort wohnen?",SELECT count(DISTINCT current_address_id) FROM Students,False,False,False,"['Addresses', 'address']",cross-encoder
Führen Sie alle Details der Studenten in umgekehrter lexikographischer Reihenfolge auf.,SELECT other_student_details FROM Students ORDER BY other_student_details DESC,True,False,False,['Students'],cross-encoder
"Finden Sie den Vornamen der Studierenden, die dauerhaft in dem Land Haiti wohnen oder die Handynummer 09700166582 haben.",select t1.first_name from students as t1 join addresses as t2 on t1.permanent_address_id  =  t2.address_id where t2.country  =  'haiti' or t1.cell_mobile_number  =  '09700166582',True,False,False,['country'],cross-encoder
"Welches Land hat die meisten Fernsehsender? Führen Sie das Land und die Anzahl der Fernsehsender auf, die es hat.","SELECT Country ,  count(*) FROM TV_Channel GROUP BY Country ORDER BY count(*) DESC LIMIT 1;",False,False,False,"['country', 'country', 'tv_series']",cross-encoder
Welches ist das Land mit den meisten Fernsehsendern und wie viele hat es?,"SELECT Country ,  count(*) FROM TV_Channel GROUP BY Country ORDER BY count(*) DESC LIMIT 1;",True,False,False,['country'],cross-encoder
Führen Sie die Anzahl der verschiedenen Seriennamen und Inhalte in der Tabelle der Fernsehsender auf.,"SELECT count(DISTINCT series_name) ,  count(DISTINCT content) FROM TV_Channel;",False,False,False,['tv_series'],cross-encoder
Wie viele verschiedene Serien und Inhalte sind in der Tabelle der Fernsehsender aufgeführt?,"SELECT count(DISTINCT series_name) ,  count(DISTINCT content) FROM TV_Channel;",False,False,False,['tv_series'],cross-encoder
"Was sind die Paketoptionen der Fernsehsender mit dem Seriennamen ""Sky Radio""?","SELECT Package_Option FROM TV_Channel WHERE series_name = ""Sky Radio"";",False,False,False,['tv_series'],cross-encoder
Wie viele Fernsehsender verwenden die Sprache Englisch?,"SELECT count(*) FROM TV_Channel WHERE LANGUAGE = ""English"";",False,False,False,"['tv_series', 'language']",cross-encoder
Wie viele Fernsehsender verwenden die englische Sprache?,"SELECT count(*) FROM TV_Channel WHERE LANGUAGE = ""English"";",False,False,False,"['tv_series', 'language']",cross-encoder
"Führen Sie die Sprache auf, die die geringste Anzahl von Fernsehsendern verwendet. Listen Sie die Sprache und die Anzahl der Fernsehsender auf.","SELECT LANGUAGE ,  count(*) FROM TV_Channel GROUP BY LANGUAGE ORDER BY count(*) ASC LIMIT 1;",False,False,False,"['language', 'language', 'tv_series']",cross-encoder
"Führen Sie jede Sprache und die Anzahl der Fernsehsender auf, die sie verwenden.","SELECT LANGUAGE ,  count(*) FROM TV_Channel GROUP BY LANGUAGE",False,False,False,"['language', 'tv_series']",cross-encoder
"Geben Sie für jede Sprache die Anzahl der Fernsehsender an, die sie verwenden.","SELECT LANGUAGE ,  count(*) FROM TV_Channel GROUP BY LANGUAGE",False,False,False,"['language', 'tv_series']",cross-encoder
"Welcher Fernsehsender zeigt den Cartoon ""The Rise of the Blue Beetle"" (Der Aufstieg des Blauen Käfers)? Geben Sie den Namen der Serie des Fernsehsenders an.","SELECT T1.series_name FROM TV_Channel AS T1 JOIN Cartoon AS T2 ON T1.id = T2.Channel WHERE T2.Title = ""The Rise of the Blue Beetle!"";",False,False,False,['tv_series'],cross-encoder
"Führen Sie den Titel aller im Fernsehsender gezeigten Cartoons mit dem Seriennamen ""Sky Radio"" auf.","SELECT T2.Title FROM TV_Channel AS T1 JOIN Cartoon AS T2 ON T1.id = T2.Channel WHERE T1.series_name = ""Sky Radio"";",False,False,False,['tv_series'],cross-encoder
"Wie lautet der Titel aller Cartoons, die auf dem Fernsehsender mit dem Seriennamen ""Sky Radio"" ausgestrahlt werden?","SELECT T2.Title FROM TV_Channel AS T1 JOIN Cartoon AS T2 ON T1.id = T2.Channel WHERE T1.series_name = ""Sky Radio"";",False,False,False,['tv_series'],cross-encoder
Listen Sie die Episode aller Fernsehserien nach Bewertung sortiert auf.,SELECT Episode FROM TV_series ORDER BY rating,True,False,False,"['tv_series', 'TV_series', 'Rating']",cross-encoder
Wie sind alle Episoden nach Bewertungen geordnet?,SELECT Episode FROM TV_series ORDER BY rating,True,False,False,['Rating'],cross-encoder
Führen Sie die 3 Fernsehserie mit der höchsten Bewertung auf. Listen Sie die Episode und die Bewertung der Fernsehserie auf.,"SELECT Episode ,  Rating FROM TV_series ORDER BY Rating DESC LIMIT 3;",True,False,False,"['tv_series', 'TV_series', 'Rating', 'Rating', 'tv_series', 'TV_series']",cross-encoder
Welches sind die 3 am höchsten bewerteten Episoden in der Tabelle der Fernsehserien und wie hoch waren diese Bewertungen?,"SELECT Episode ,  Rating FROM TV_series ORDER BY Rating DESC LIMIT 3;",True,False,False,"['tv_series', 'TV_series', 'Rating']",cross-encoder
Was ist der minimale und maximale Anteil der Fernsehserien?,"SELECT max(SHARE) , min(SHARE) FROM TV_series;",True,False,False,['TV_series'],cross-encoder
Wie hoch ist der maximale und minimale Anteil der Fernsehserien?,"SELECT max(SHARE) , min(SHARE) FROM TV_series;",True,False,False,['TV_series'],cross-encoder
"Wann wird eine Fernsehserie mit der Episode "" Die Liebe eines Lebens"" ausgestrahlt?","SELECT Air_Date FROM TV_series WHERE Episode = ""A Love of a Lifetime"";",True,False,False,"['tv_series', 'TV_series']",cross-encoder
"Wie hoch ist der wöchentliche Rang von Fernsehserien mit der Episode ""Die Liebe meines Lebens""?","SELECT Weekly_Rank FROM TV_series WHERE Episode = ""A Love of a Lifetime"";",True,False,False,"['tv_series', 'TV_series']",cross-encoder
"Was ist der Fernsehsender von Fernsehserien mit der Episode ""Die Liebe eines Lebens""? Führen Sie den Namen des Fernsehsenders der Fernsehserie auf.","SELECT T1.series_name FROM TV_Channel AS T1 JOIN TV_series AS T2 ON T1.id = T2.Channel WHERE T2.Episode = ""A Love of a Lifetime"";",True,False,False,"['tv_series', 'tv_series', 'TV_series', 'tv_series', 'TV_series']",cross-encoder
"Führen Sie die Episode aller im Fernsehsender gezeigten Fernsehserien mit dem Seriennamen ""Sky Radio"" auf.","SELECT T2.Episode FROM TV_Channel AS T1 JOIN TV_series AS T2 ON T1.id = T2.Channel WHERE T1.series_name = ""Sky Radio"";",True,False,False,"['tv_series', 'tv_series', 'TV_series']",cross-encoder
"Wie lautet die Episode der Fernsehserie mit dem Seriennamen ""Sky Radio""?","SELECT T2.Episode FROM TV_Channel AS T1 JOIN TV_series AS T2 ON T1.id = T2.Channel WHERE T1.series_name = ""Sky Radio"";",True,False,False,"['tv_series', 'TV_series']",cross-encoder
Wie viele Cartoons hat jeder Regisseur erstellt?,"SELECT count(*) ,  Directed_by FROM cartoon GROUP BY Directed_by",False,False,False,['director'],cross-encoder
"Finden Sie die Paketauswahl und den Namen der Fernsehserie des Fernsehsenders, der über hochauflösendes Fernsehen verfügt.","SELECT package_option ,  series_name FROM TV_Channel WHERE hight_definition_TV  =  ""yes""",False,False,False,"['tv_series', 'TV_series', 'tv_series']",cross-encoder
"Was sind die Paketoptionen und der Name der Serie für den Fernsehsender, der hochauflösendes Fernsehen unterstützt?","SELECT package_option ,  series_name FROM TV_Channel WHERE hight_definition_TV  =  ""yes""",False,False,False,['tv_series'],cross-encoder
Welche Fernsehsender in welchen Ländern spielen einen von Todd Casey geschriebenen Cartoon?,SELECT T1.country FROM TV_Channel AS T1 JOIN cartoon AS T2 ON T1.id = T2.Channel WHERE T2.written_by  =  'Todd Casey',False,False,False,"['tv_series', 'matches']",cross-encoder
"In welchen Ländern gibt es im Fernsehen Cartoons, die von Todd Casey geschrieben wurden?",SELECT T1.country FROM TV_Channel AS T1 JOIN cartoon AS T2 ON T1.id = T2.Channel WHERE T2.written_by  =  'Todd Casey',False,False,False,['tv_series'],cross-encoder
Welche Fernsehsender in welchen Ländern spielen keine von Todd Casey geschriebenen Cartoons?,SELECT country FROM TV_Channel EXCEPT SELECT T1.country FROM TV_Channel AS T1 JOIN cartoon AS T2 ON T1.id = T2.Channel WHERE T2.written_by  =  'Todd Casey',False,False,False,"['tv_series', 'matches']",cross-encoder
"Finden Sie den Namen der Fernsehserie und das Land des Fernsehsenders, der einige Cartoons von Ben Jones und Michael Chang abspielt?","SELECT T1.series_name ,  T1.country FROM TV_Channel AS T1 JOIN cartoon AS T2 ON T1.id = T2.Channel WHERE T2.directed_by  =  'Michael Chang' INTERSECT SELECT T1.series_name ,  T1.country FROM TV_Channel AS T1 JOIN cartoon AS T2 ON T1.id = T2.Channel WHERE T2.directed_by  =  'Ben Jones'",False,False,False,"['tv_series', 'TV_series', 'country']",cross-encoder
"Wie lauten der Serienname und das Land aller Fernsehsender, die Cartoons unter der Regie von Ben Jones und Cartoons unter der Regie von Michael Chang abspielen?","SELECT T1.series_name ,  T1.country FROM TV_Channel AS T1 JOIN cartoon AS T2 ON T1.id = T2.Channel WHERE T2.directed_by  =  'Michael Chang' INTERSECT SELECT T1.series_name ,  T1.country FROM TV_Channel AS T1 JOIN cartoon AS T2 ON T1.id = T2.Channel WHERE T2.directed_by  =  'Ben Jones'",True,False,False,['country'],cross-encoder
"Finden Sie die ID der Fernsehsender aus den Ländern, in denen es mehr als zwei Fernsehsender gibt.",SELECT id FROM tv_channel GROUP BY country HAVING count(*)  >  2,False,False,False,"['tv_series', 'tv_series']",cross-encoder
"Wie lauten die IDs aller Fernsehsender, die mehr als 2 Fernsehsender haben?",SELECT id FROM tv_channel GROUP BY country HAVING count(*)  >  2,False,False,False,['tv_series'],cross-encoder
Wie viele Pokerspieler gibt es?,SELECT count(*) FROM poker_player,True,False,False,['poker_player'],cross-encoder
Zählen Sie die Anzahl der Pokerspieler.,SELECT count(*) FROM poker_player,True,False,False,['poker_player'],cross-encoder
Listen Sie die Einkommen der Pokerspieler in absteigender Reihenfolge auf.,SELECT Earnings FROM poker_player ORDER BY Earnings DESC,True,False,False,['poker_player'],cross-encoder
Was sind die erreichten Finaltische und die besten Platzierungen aller Pokerspieler?,"SELECT Final_Table_Made ,  Best_Finish FROM poker_player",True,False,False,['poker_player'],cross-encoder
Geben Sie das durchschnittliche Einkommen aller Pokerspieler an.,SELECT avg(Earnings) FROM poker_player,True,False,False,['poker_player'],cross-encoder
Was ist der Geldrang des Pokerspielers mit dem höchsten Einkommen?,SELECT Money_Rank FROM poker_player ORDER BY Earnings DESC LIMIT 1,True,False,False,['poker_player'],cross-encoder
Geben Sie den Geldrang des Spielers mit dem höchsten Einkommen zurück.,SELECT Money_Rank FROM poker_player ORDER BY Earnings DESC LIMIT 1,True,False,False,['player'],cross-encoder
Wie lauten die Namen der Pokerspieler?,SELECT T1.Name FROM people AS T1 JOIN poker_player AS T2 ON T1.People_ID  =  T2.People_ID,True,False,False,['poker_player'],cross-encoder
Geben Sie die Namen aller Pokerspieler zurück.,SELECT T1.Name FROM people AS T1 JOIN poker_player AS T2 ON T1.People_ID  =  T2.People_ID,True,False,False,['poker_player'],cross-encoder
Geben Sie die Namen der Pokerspieler in aufsteigender Reihenfolge nach den Finaltischen geordnet an.,SELECT T1.Name FROM people AS T1 JOIN poker_player AS T2 ON T1.People_ID  =  T2.People_ID ORDER BY T2.Final_Table_Made,True,False,False,['poker_player'],cross-encoder
Welches ist das Geburtsdatum des Pokerspielers mit dem niedrigsten Einkommen?,SELECT T1.Birth_Date FROM people AS T1 JOIN poker_player AS T2 ON T1.People_ID  =  T2.People_ID ORDER BY T2.Earnings ASC LIMIT 1,True,False,False,['poker_player'],cross-encoder
Geben Sie das Geburtsdatum des Pokerspielers mit dem niedrigsten Einkommen an.,SELECT T1.Birth_Date FROM people AS T1 JOIN poker_player AS T2 ON T1.People_ID  =  T2.People_ID ORDER BY T2.Earnings ASC LIMIT 1,True,False,False,['poker_player'],cross-encoder
Geben Sie den Geldrang des Pokerspielers mit der größten Höhe zurück.,SELECT T2.Money_Rank FROM people AS T1 JOIN poker_player AS T2 ON T1.People_ID  =  T2.People_ID ORDER BY T1.Height DESC LIMIT 1,True,False,False,['poker_player'],cross-encoder
Wie lauten die Namen der Pokerspieler in absteigender Reihenfolge der Einkommen?,SELECT T1.Name FROM people AS T1 JOIN poker_player AS T2 ON T1.People_ID  =  T2.People_ID ORDER BY T2.Earnings DESC,True,False,False,['poker_player'],cross-encoder
Wie viele Personen gibt es von jeder Nationalität?,"SELECT Nationality ,  COUNT(*) FROM people GROUP BY Nationality",True,False,False,['people'],cross-encoder
"Geben Sie die Nationalitäten an, für die es zwei oder mehr Personen gibt.",SELECT Nationality FROM people GROUP BY Nationality HAVING COUNT(*)  >=  2,True,False,False,['people'],cross-encoder
Geben Sie die Namen und Geburtsdaten der Personen in aufsteigender alphabetischer Reihenfolge der Namen an.,"SELECT Name ,  Birth_Date FROM people ORDER BY Name ASC",True,False,False,['people'],cross-encoder
"Wie lauten die Namen und Geburtsdaten von Personen, geordnet nach ihren Namen in alphabetischer Reihenfolge?","SELECT Name ,  Birth_Date FROM people ORDER BY Name ASC",True,False,False,['people'],cross-encoder
"Zeigen Sie die Namen von Personen an, deren Nationalität nicht ""Russland"" ist.","SELECT Name FROM people WHERE Nationality != ""Russia""",True,False,False,['people'],cross-encoder
"Wie lauten die Namen von Personen, die nicht aus Russland stammen?","SELECT Name FROM people WHERE Nationality != ""Russia""",True,False,False,['people'],cross-encoder
"Listen Sie die Namen von Personen auf, die keine Pokerspieler sind.",SELECT Name FROM people WHERE People_ID NOT IN (SELECT People_ID FROM poker_player),True,False,False,"['people', 'poker_player']",cross-encoder
"Wie lauten die Namen von Personen, die nicht Poker spielen?",SELECT Name FROM people WHERE People_ID NOT IN (SELECT People_ID FROM poker_player),True,False,False,['people'],cross-encoder
"Listen Sie die Nummern und Namen der Kandidaten auf, absteigend geordnet nach den Namen der Kandidaten.","SELECT contestant_number ,  contestant_name FROM contestants ORDER BY contestant_name DESC",True,False,False,"['CONTESTANTS', 'CONTESTANTS']",cross-encoder
"Listen Sie die IDs, Telefonnummern und Staaten aller Stimmen auf.","SELECT vote_id ,  phone_number ,  state FROM votes",True,False,False,['VOTES'],cross-encoder
Was ist das letzte Erstellungsdatum der Stimmen aus dem Staat 'CA'?,SELECT max(created) FROM votes WHERE state  =  'CA',True,False,False,['VOTES'],cross-encoder
Was sind die einzelnen Staaten und schaffen die Zeit aller Stimmen?,"SELECT DISTINCT state ,  created FROM votes",True,False,False,['VOTES'],cross-encoder
"Wie sind die Nummern der Kandidaten und die Namen der Kandidaten, die mindestens zwei Stimmen hatten?","SELECT T1.contestant_number , T1.contestant_name FROM contestants AS T1 JOIN votes AS T2 ON T1.contestant_number  =  T2.contestant_number GROUP BY T1.contestant_number HAVING count(*)  >=  2",True,False,False,"['CONTESTANTS', 'CONTESTANTS', 'VOTES']",cross-encoder
"Wie lauten die Kandidatennummern und Namen, die von allen Kandidaten, die eine Stimme erhalten haben, am wenigsten Stimmen erhalten haben?","SELECT T1.contestant_number , T1.contestant_name FROM contestants AS T1 JOIN votes AS T2 ON T1.contestant_number  =  T2.contestant_number GROUP BY T1.contestant_number ORDER BY count(*) ASC LIMIT 1",True,False,False,"['CONTESTANTS', 'CONTESTANTS', 'VOTES']",cross-encoder
Wie viele Stimmen hat der Staat 'NY' oder 'CA' abgegeben?,SELECT count(*) FROM votes WHERE state  =  'NY' OR state  =  'CA',True,False,False,['VOTES'],cross-encoder
Wie viele Kandidaten wurden nicht gewählt?,SELECT count(*) FROM contestants WHERE contestant_number NOT IN ( SELECT contestant_number FROM votes ),True,False,False,['CONTESTANTS'],cross-encoder
"Was sind die Erstellungsdaten, Staaten und Telefonnummern der Stimmen, die für die Kandidatin mit dem Namen 'Tabatha Gehling' abgegeben wurden?","SELECT T2.created ,  T2.state ,  T2.phone_number FROM contestants AS T1 JOIN votes AS T2 ON T1.contestant_number  =  T2.contestant_number WHERE T1.contestant_name  =  'Tabatha Gehling'",True,False,False,['VOTES'],cross-encoder
"Wie lauten die Namen aller Länder, die nach 1950 unabhängig wurden?",SELECT Name FROM country WHERE IndepYear  >  1950,False,False,False,['countries'],cross-encoder
"Geben Sie die Namen der Länder zurück, die nach 1950 gegründet wurden.",SELECT Name FROM country WHERE IndepYear  >  1950,False,False,False,['countries'],cross-encoder
Wie viele Länder haben eine Republik als Regierungsform?,"SELECT count(*) FROM country WHERE GovernmentForm  =  ""Republic""",False,False,False,['countries'],cross-encoder
"Wie viele Länder haben Regierungen, die Republiken sind?","SELECT count(*) FROM country WHERE GovernmentForm  =  ""Republic""",False,False,False,['countries'],cross-encoder
Wie groß ist die Gesamtfläche der Länder in der Karibik?,"SELECT sum(SurfaceArea) FROM country WHERE Region  =  ""Caribbean""",False,False,False,['countries'],cross-encoder
Wie viel Fläche bedecken die Länder in der Karibik zusammen?,"SELECT sum(SurfaceArea) FROM country WHERE Region  =  ""Caribbean""",False,False,False,['countries'],cross-encoder
Zu welchem Kontinent gehört Anguilla?,"SELECT Continent FROM country WHERE Name  =  ""Anguilla""",False,False,False,['continents'],cross-encoder
In welcher Region liegt die Stadt Kabul?,"SELECT Region FROM country AS T1 JOIN city AS T2 ON T1.Code  =  T2.CountryCode WHERE T2.Name  =  ""Kabul""",True,False,False,"['region', 'city']",cross-encoder
In welcher Region liegt Kabul?,"SELECT Region FROM country AS T1 JOIN city AS T2 ON T1.Code  =  T2.CountryCode WHERE T2.Name  =  ""Kabul""",True,False,False,['region'],cross-encoder
Welche Sprache ist die beliebteste in Aruba?,"SELECT T2.Language FROM country AS T1 JOIN countrylanguage AS T2 ON T1.Code  =  T2.CountryCode WHERE T1.Name  =  ""Aruba"" ORDER BY Percentage DESC LIMIT 1",True,False,False,['language'],cross-encoder
Welche Sprache wird in Aruba überwiegend gesprochen?,"SELECT T2.Language FROM country AS T1 JOIN countrylanguage AS T2 ON T1.Code  =  T2.CountryCode WHERE T1.Name  =  ""Aruba"" ORDER BY Percentage DESC LIMIT 1",True,False,False,['language'],cross-encoder
Welche Region und Bevölkerung gibt es in Angola?,"SELECT Population ,  Region FROM country WHERE Name  =  ""Angola""",True,False,False,['region'],cross-encoder
Zu welcher Region gehört Angola und wie groß ist seine Bevölkerung?,"SELECT Population ,  Region FROM country WHERE Name  =  ""Angola""",True,False,False,['region'],cross-encoder
Wie hoch ist die durchschnittliche Lebenserwartung der Länder in der Region Zentralafrika?,"SELECT avg(LifeExpectancy) FROM country WHERE Region  =  ""Central Africa""",False,False,False,"['countries', 'region']",cross-encoder
Wie heißt das Land mit der kürzesten Lebenserwartung in Asien?,"SELECT Name FROM country WHERE Continent  =  ""Asia"" ORDER BY LifeExpectancy LIMIT 1",True,False,False,['country'],cross-encoder
"Geben Sie die durchschnittliche Lebenserwartung für Länder in Afrika an, die Republiken sind?","SELECT avg(LifeExpectancy) FROM country WHERE Continent  =  ""Africa"" AND GovernmentForm  =  ""Republic""",False,False,False,['countries'],cross-encoder
Wie groß ist die Gesamtfläche der Kontinente Asien und Europa?,"SELECT sum(SurfaceArea) FROM country WHERE Continent  =  ""Asia"" OR Continent  =  ""Europe""",False,False,False,['continents'],cross-encoder
Geben Sie die Gesamtfläche der Länder in Asien oder Europa an.,"SELECT sum(SurfaceArea) FROM country WHERE Continent  =  ""Asia"" OR Continent  =  ""Europe""",False,False,False,['countries'],cross-encoder
Wie viele Menschen leben im Bezirk Gelderland?,"SELECT sum(Population) FROM city WHERE District  =  ""Gelderland""",True,False,False,['district'],cross-encoder
Wie hoch ist die Gesamtbevölkerung des Bezirks Gelderland?,"SELECT sum(Population) FROM city WHERE District  =  ""Gelderland""",True,False,False,['district'],cross-encoder
"Wie heißt das Land, in dem die meisten Sprachen gesprochen werden?",SELECT T1.Name FROM country AS T1 JOIN countrylanguage AS T2 ON T1.Code  =  T2.CountryCode GROUP BY T1.Name ORDER BY COUNT(*) DESC LIMIT 1,True,False,False,['country'],cross-encoder
Welcher Kontinent hat die meisten verschiedenen Sprachen?,SELECT T1.Continent FROM country AS T1 JOIN countrylanguage AS T2 ON T1.Code  =  T2.CountryCode GROUP BY T1.Continent ORDER BY COUNT(*) DESC LIMIT 1,False,False,False,['continents'],cross-encoder
Auf welchem Kontinent werden die meisten Sprachen gesprochen?,SELECT T1.Continent FROM country AS T1 JOIN countrylanguage AS T2 ON T1.Code  =  T2.CountryCode GROUP BY T1.Continent ORDER BY COUNT(*) DESC LIMIT 1,False,False,False,['continents'],cross-encoder
Wie viele Länder sprechen sowohl Englisch als auch Niederländisch?,"SELECT COUNT(*) FROM (SELECT T1.Name FROM country AS T1 JOIN countrylanguage AS T2 ON T1.Code  =  T2.CountryCode WHERE T2.Language  =  ""English"" INTERSECT SELECT T1.Name FROM country AS T1 JOIN countrylanguage AS T2 ON T1.Code  =  T2.CountryCode WHERE T2.Language  =  ""Dutch"")",False,False,False,['countries'],cross-encoder
Wie viele Länder verwenden sowohl Englisch als auch Niederländisch?,"SELECT COUNT(*) FROM (SELECT T1.Name FROM country AS T1 JOIN countrylanguage AS T2 ON T1.Code  =  T2.CountryCode WHERE T2.Language  =  ""English"" INTERSECT SELECT T1.Name FROM country AS T1 JOIN countrylanguage AS T2 ON T1.Code  =  T2.CountryCode WHERE T2.Language  =  ""Dutch"")",False,False,False,['countries'],cross-encoder
"Wie lauten die Namen der Länder, die sowohl Englisch als auch Französisch sprechen?","SELECT T1.Name FROM country AS T1 JOIN countrylanguage AS T2 ON T1.Code  =  T2.CountryCode WHERE T2.Language  =  ""English"" INTERSECT SELECT T1.Name FROM country AS T1 JOIN countrylanguage AS T2 ON T1.Code  =  T2.CountryCode WHERE T2.Language  =  ""French""",False,False,False,['countries'],cross-encoder
"Geben Sie die Namen der Länder an, die sowohl Englisch als auch Französisch sprechen.","SELECT T1.Name FROM country AS T1 JOIN countrylanguage AS T2 ON T1.Code  =  T2.CountryCode WHERE T2.Language  =  ""English"" INTERSECT SELECT T1.Name FROM country AS T1 JOIN countrylanguage AS T2 ON T1.Code  =  T2.CountryCode WHERE T2.Language  =  ""French""",False,False,False,['countries'],cross-encoder
Nennen Sie die Namen der Länder mit Englisch und Französisch als offizielle Sprachen.,"SELECT T1.Name FROM country AS T1 JOIN countrylanguage AS T2 ON T1.Code  =  T2.CountryCode WHERE T2.Language  =  ""English"" AND T2.IsOfficial  =  ""T"" INTERSECT SELECT T1.Name FROM country AS T1 JOIN countrylanguage AS T2 ON T1.Code  =  T2.CountryCode WHERE T2.Language  =  ""French"" AND T2.IsOfficial  =  ""T""",False,False,False,['countries'],cross-encoder
"Wie viele verschiedene Kontinente gibt es, auf denen Chinesisch gesprochen wird?","SELECT COUNT( DISTINCT Continent) FROM country AS T1 JOIN countrylanguage AS T2 ON T1.Code  =  T2.CountryCode WHERE T2.Language  =  ""Chinese""",False,False,False,['continents'],cross-encoder
Auf wie vielen Kontinenten wird Chinesisch gesprochen?,"SELECT COUNT( DISTINCT Continent) FROM country AS T1 JOIN countrylanguage AS T2 ON T1.Code  =  T2.CountryCode WHERE T2.Language  =  ""Chinese""",False,False,False,['continents'],cross-encoder
"Welches sind die Regionen, in denen Englisch oder Niederländisch gesprochen wird?","SELECT DISTINCT T1.Region FROM country AS T1 JOIN countrylanguage AS T2 ON T1.Code  =  T2.CountryCode WHERE T2.Language  =  ""English"" OR T2.Language  =  ""Dutch""",False,False,False,['regions'],cross-encoder
In welchen Regionen wird Niederländisch oder Englisch gesprochen?,"SELECT DISTINCT T1.Region FROM country AS T1 JOIN countrylanguage AS T2 ON T1.Code  =  T2.CountryCode WHERE T2.Language  =  ""English"" OR T2.Language  =  ""Dutch""",False,False,False,['regions'],cross-encoder
"Welches sind die Länder, in denen entweder Englisch oder Niederländisch die offizielle Sprache ist?","select t1.name from country as t1 join countrylanguage as t2 on t1.code  =  t2.countrycode where t2.language  =  ""english"" and isofficial  =  ""t"" union select t1.name from country as t1 join countrylanguage as t2 on t1.code  =  t2.countrycode where t2.language  =  ""dutch"" and isofficial  =  ""t""",False,False,False,"['countries', 'language']",cross-encoder
In welchen Ländern ist entweder Englisch oder Niederländisch die offizielle Sprache?,"SELECT * FROM country AS T1 JOIN countrylanguage AS T2 ON T1.Code  =  T2.CountryCode WHERE T2.Language  =  ""English"" AND IsOfficial  =  ""T"" UNION SELECT * FROM country AS T1 JOIN countrylanguage AS T2 ON T1.Code  =  T2.CountryCode WHERE T2.Language  =  ""Dutch"" AND IsOfficial  =  ""T""",True,False,False,['language'],cross-encoder
Welche Sprache ist die beliebteste auf dem asiatischen Kontinent?,"SELECT T2.Language FROM country AS T1 JOIN countrylanguage AS T2 ON T1.Code  =  T2.CountryCode WHERE T1.Continent  =  ""Asia"" GROUP BY T2.Language ORDER BY COUNT (*) DESC LIMIT 1",True,False,False,['language'],cross-encoder
"Welche ist die Sprache, die von der größten Anzahl asiatischer Nationen verwendet wird?","SELECT T2.Language FROM country AS T1 JOIN countrylanguage AS T2 ON T1.Code  =  T2.CountryCode WHERE T1.Continent  =  ""Asia"" GROUP BY T2.Language ORDER BY COUNT (*) DESC LIMIT 1",True,False,False,['language'],cross-encoder
Welche Sprachen werden in den Regierungen der Republiken nur von einem Land gesprochen?,"SELECT T2.Language FROM country AS T1 JOIN countrylanguage AS T2 ON T1.Code  =  T2.CountryCode WHERE T1.GovernmentForm  =  ""Republic"" GROUP BY T2.Language HAVING COUNT(*)  =  1",True,False,False,['country'],cross-encoder
Welche Sprachen werden nur von einem einzigen Land mit einer Republiksregierung gesprochen?,"SELECT T2.Language FROM country AS T1 JOIN countrylanguage AS T2 ON T1.Code  =  T2.CountryCode WHERE T1.GovernmentForm  =  ""Republic"" GROUP BY T2.Language HAVING COUNT(*)  =  1",True,False,False,['country'],cross-encoder
"Finden Sie die Stadt mit der größten Bevölkerung, die Englisch verwendet.","SELECT T1.Name ,  T1.Population FROM city AS T1 JOIN countrylanguage AS T2 ON T1.CountryCode  =  T2.CountryCode WHERE T2.Language  =  ""English"" ORDER BY T1.Population DESC LIMIT 1",True,False,False,['city'],cross-encoder
"Welches ist die bevölkerungsreichste Stadt, die Englisch spricht?","SELECT T1.Name ,  T1.Population FROM city AS T1 JOIN countrylanguage AS T2 ON T1.CountryCode  =  T2.CountryCode WHERE T2.Language  =  ""English"" ORDER BY T1.Population DESC LIMIT 1",True,False,False,['city'],cross-encoder
"Wie hoch ist die durchschnittliche Lebenserwartung in den Ländern, in denen Englisch nicht die offizielle Sprache ist?","SELECT avg(LifeExpectancy) FROM country WHERE Name NOT IN (SELECT T1.Name FROM country AS T1 JOIN countrylanguage AS T2 ON T1.Code  =  T2.CountryCode WHERE T2.Language  =  ""English"" AND T2.IsOfficial  =  ""T"")",True,False,False,['language'],cross-encoder
"Geben Sie die durchschnittliche Lebenserwartung in den Ländern an, in denen Englisch nicht die offizielle Sprache ist.","SELECT avg(LifeExpectancy) FROM country WHERE Name NOT IN (SELECT T1.Name FROM country AS T1 JOIN countrylanguage AS T2 ON T1.Code  =  T2.CountryCode WHERE T2.Language  =  ""English"" AND T2.IsOfficial  =  ""T"")",True,False,False,['language'],cross-encoder
"Wie hoch ist die Gesamtzahl der Menschen, die in den Ländern leben, in denen Englisch nicht die offizielle Sprache ist?","SELECT sum(Population) FROM country WHERE Name NOT IN (SELECT T1.Name FROM country AS T1 JOIN countrylanguage AS T2 ON T1.Code  =  T2.CountryCode WHERE T2.Language  =  ""English"")",True,False,False,['language'],cross-encoder
"Was ist die offizielle Sprache, die in dem Land gesprochen wird, dessen Staatsoberhaupt Beatrix ist?","SELECT T2.Language FROM country AS T1 JOIN countrylanguage AS T2 ON T1.Code  =  T2.CountryCode WHERE T1.HeadOfState  =  ""Beatrix"" AND T2.IsOfficial  =  ""T""",True,False,False,"['language', 'country']",cross-encoder
"Was ist die offizielle Sprache, die in dem Land gesprochen wird, dessen Staatsoberhaupt Beatrix ist?","SELECT T2.Language FROM country AS T1 JOIN countrylanguage AS T2 ON T1.Code  =  T2.CountryCode WHERE T1.HeadOfState  =  ""Beatrix"" AND T2.IsOfficial  =  ""T""",True,False,False,"['language', 'country']",cross-encoder
"Welches sind die Länder, die eine größere Fläche als jedes andere Land in Europa haben?","SELECT Name FROM country WHERE SurfaceArea  >  (SELECT min(SurfaceArea) FROM country WHERE Continent  =  ""Europe"")",False,False,False,"['countries', 'Sizes', 'country']",cross-encoder
Welche Länder haben eine größere Fläche als jedes andere Land in Europa?,"SELECT Name FROM country WHERE SurfaceArea  >  (SELECT min(SurfaceArea) FROM country WHERE Continent  =  ""Europe"")",False,False,False,"['countries', 'Sizes', 'country']",cross-encoder
"Welches sind die afrikanischen Länder, die eine geringere Bevölkerung haben als jedes andere Land in Asien?","SELECT Name FROM country WHERE Continent  =  ""Africa""  AND population  <  (SELECT max(population) FROM country WHERE Continent  =  ""Asia"")",False,False,False,"['countries', 'country']",cross-encoder
Welche afrikanischen Länder haben eine geringere Bevölkerung als jedes andere Land in Asien?,"SELECT Name FROM country WHERE Continent  =  ""Africa""  AND population  <  (SELECT min(population) FROM country WHERE Continent  =  ""Asia"")",False,False,False,"['countries', 'country']",cross-encoder
"Welche asiatischen Länder haben eine Bevölkerung, die größer als die jedes Landes in Afrika ist?","SELECT Name FROM country WHERE Continent  =  ""Asia""  AND population  >  (SELECT max(population) FROM country WHERE Continent  =  ""Africa"")",False,False,False,"['countries', 'Sizes']",cross-encoder
"Welches sind die asiatischen Länder, deren Bevölkerung größer als die jedes anderen Landes in Afrika ist?","SELECT Name FROM country WHERE Continent  =  ""Asia""  AND population  >  (SELECT min(population) FROM country WHERE Continent  =  ""Africa"")",False,False,False,"['countries', 'Sizes']",cross-encoder
"Wie lauten die Ländercodes für Länder, die kein Englisch sprechen?","SELECT CountryCode FROM countrylanguage EXCEPT SELECT CountryCode FROM countrylanguage WHERE LANGUAGE  =  ""English""",False,False,False,['countries'],cross-encoder
"Geben Sie die Ländercodes für Länder, die kein Englisch sprechen, zurück.","SELECT CountryCode FROM countrylanguage EXCEPT SELECT CountryCode FROM countrylanguage WHERE LANGUAGE  =  ""English""",False,False,False,['countries'],cross-encoder
"Wie lauten die Ländercodes der Länder, in denen kein Englisch gesprochen wird und deren Regierungsformen nicht Republik sind?","SELECT Code FROM country WHERE GovernmentForm != ""Republic"" EXCEPT SELECT CountryCode FROM countrylanguage WHERE LANGUAGE  =  ""English""",False,False,False,['countries'],cross-encoder
"Geben Sie die Ländercodes der Länder an, in denen kein Englisch gesprochen wird und deren Regierungsformen nicht Republik sind.","SELECT Code FROM country WHERE GovernmentForm != ""Republic"" EXCEPT SELECT CountryCode FROM countrylanguage WHERE LANGUAGE  =  ""English""",False,False,False,['countries'],cross-encoder
"Welche Städte liegen in europäischen Ländern, in denen Englisch nicht die offizielle Sprache ist?",SELECT DISTINCT T2.Name FROM country AS T1 JOIN city AS T2 ON T2.CountryCode  =  T1.Code WHERE T1.Continent  =  'Europe' AND T1.Name NOT IN (SELECT T3.Name FROM country AS T3 JOIN countrylanguage AS T4 ON T3.Code  =  T4.CountryCode WHERE T4.IsOfficial  =  'T' AND T4.Language  =  'English'),True,False,False,"['city', 'language']",cross-encoder
"Wie lauten die Namen der Städte in Europa, für die Englisch nicht die offizielle Sprache ist?",SELECT DISTINCT T2.Name FROM country AS T1 JOIN city AS T2 ON T2.CountryCode  =  T1.Code WHERE T1.Continent  =  'Europe' AND T1.Name NOT IN (SELECT T3.Name FROM country AS T3 JOIN countrylanguage AS T4 ON T3.Code  =  T4.CountryCode WHERE T4.IsOfficial  =  'T' AND T4.Language  =  'English'),True,False,False,"['city', 'language']",cross-encoder
"Welche einzigartigen Städte gibt es in asiatischen Ländern, in denen Chinesisch die offizielle Sprache ist?","select distinct t3.name from country as t1 join countrylanguage as t2 on t1.code  =  t2.countrycode join city as t3 on t1.code  =  t3.countrycode where t2.isofficial  =  't' and t2.language  =  'chinese' and t1.continent  =  ""asia""",True,False,False,"['city', 'language']",cross-encoder
"Geben Sie die verschiedenen Namen von Städten in Asien zurück, für die Chinesisch die offizielle Sprache ist.","SELECT DISTINCT T3.Name FROM country AS T1 JOIN countrylanguage AS T2 ON T1.Code  =  T2.CountryCode JOIN city AS T3 ON T1.Code  =  T3.CountryCode WHERE T2.IsOfficial  =  'T' AND T2.Language  =  'Chinese' AND T1.Continent  =  ""Asia""",True,False,False,"['city', 'language']",cross-encoder
"Geben Sie den Namen des Landes und die Anzahl der gesprochenen Sprachen für jedes Land an, das mindestens 3 Sprachen spricht.","SELECT COUNT(T2.Language) ,  T1.Name FROM country AS T1 JOIN countrylanguage AS T2 ON T1.Code  =  T2.CountryCode GROUP BY T1.Name HAVING COUNT(*)  >  2",True,False,False,['country'],cross-encoder
"Wie lauten die Namen der Länder, die mehr als 2 Sprachen sprechen, sowie die Anzahl der Sprachen, die sie sprechen?","SELECT COUNT(T2.Language) ,  T1.Name FROM country AS T1 JOIN countrylanguage AS T2 ON T1.Code  =  T2.CountryCode GROUP BY T1.Name HAVING COUNT(*)  >  2",False,False,False,['countries'],cross-encoder
"Ermitteln Sie die Anzahl der Städte in jedem Bezirk, deren Bevölkerung größer ist als die durchschnittliche Einwohnerzahl der Städte?","SELECT count(*) ,  District FROM city WHERE Population  >  (SELECT avg(Population) FROM city) GROUP BY District",False,False,False,"['city', 'district', 'Sizes', 'city']",cross-encoder
"Wie viele Städte in jedem Bezirk haben eine Bevölkerung, die über der durchschnittlichen Bevölkerung aller Städte liegt?","SELECT count(*) ,  District FROM city WHERE Population  >  (SELECT avg(Population) FROM city) GROUP BY District",True,False,False,"['city', 'district', 'city']",cross-encoder
"Was sind die verschiedenen Regierungsformen und wie hoch ist die Gesamtbevölkerung fürdie Regierungsformen, deren durchschnittliche Lebenserwartung größer als 72 ist?","SELECT sum(Population) ,  GovernmentForm FROM country GROUP BY GovernmentForm HAVING avg(LifeExpectancy)  >  72",False,False,False,['Sizes'],cross-encoder
"Finden Sie die durchschnittliche Lebenserwartung und die Gesamtbevölkerung für jeden Kontinent, dessen durchschnittliche Lebenserwartung weniger als 72 Jahre beträgt.","SELECT sum(Population) ,  avg(LifeExpectancy) ,  Continent FROM country GROUP BY Continent HAVING avg(LifeExpectancy)  <  72",False,False,False,['continents'],cross-encoder
"Welches sind die verschiedenen Kontinente und die entsprechende Gesamtbevölkerung und durchschnittliche Lebenserwartung für Kontinente, die eine durchschnittliche Lebenserwartung von weniger als 72 Jahren haben?","SELECT sum(Population) ,  avg(LifeExpectancy) ,  Continent FROM country GROUP BY Continent HAVING avg(LifeExpectancy)  <  72",False,False,False,"['continents', 'continents']",cross-encoder
Wie lauten die Namen und Gebiete der Länder mit den 5 größten Gebieten?,"SELECT Name ,  SurfaceArea FROM country ORDER BY SurfaceArea DESC LIMIT 5",False,False,False,['countries'],cross-encoder
Geben Sie die Namen und Flächen der 5 größten Länder zurück.,"SELECT Name ,  SurfaceArea FROM country ORDER BY SurfaceArea DESC LIMIT 5",False,False,False,['countries'],cross-encoder
Wie lauten die Namen der Länder mit den 3 bevölkerungsreichsten Ländern?,SELECT Name FROM country ORDER BY Population DESC LIMIT 3,False,False,False,['countries'],cross-encoder
Geben Sie die Namen der 3 bevölkerungsreichsten Länder zurück.,SELECT Name FROM country ORDER BY Population DESC LIMIT 3,False,False,False,['countries'],cross-encoder
Geben Sie die Namen der 3 Länder mit den wenigsten Einwohnern zurück.,SELECT Name FROM country ORDER BY Population ASC LIMIT 3,False,False,False,['countries'],cross-encoder
Wie viele Länder gibt es in Asien?,"SELECT count(*) FROM country WHERE continent  =  ""Asia""",False,False,False,['countries'],cross-encoder
Zählen Sie die Anzahl der Länder in Asien.,"SELECT count(*) FROM country WHERE continent  =  ""Asia""",False,False,False,['countries'],cross-encoder
"Wie lauten die Namen der Länder, die auf dem europäischen Kontinent liegen und eine Bevölkerung von 80000 Menschen haben?","SELECT Name FROM country WHERE continent  =  ""Europe"" AND Population  =  ""80000""",False,False,False,"['countries', 'continents']",cross-encoder
"Nennen Sie die Namen der Länder, die sich auf dem europäischen Kontinent befinden und eine Bevölkerung von 80000 Einwohnern haben.","SELECT Name FROM country WHERE continent  =  ""Europe"" AND Population  =  ""80000""",False,False,False,"['countries', 'continents']",cross-encoder
"Wie hoch ist die Gesamtbevölkerung und die durchschnittliche Fläche der Länder auf dem nordamerikanischen Kontinent, deren Fläche größer als 3000 ist?","select sum(population) ,  avg(surfacearea) from country where continent  =  ""north america"" and surfacearea  >  3000",False,False,False,"['countries', 'continents', 'Sizes']",cross-encoder
"Geben Sie die Gesamtbevölkerung und die durchschnittliche Fläche der Länder Nordamerikas an, die eine Fläche von mehr als 3000 Einwohnern haben.","select sum(population) ,  avg(surfacearea) from country where continent  =  ""north america"" and surfacearea  >  3000",False,False,False,['countries'],cross-encoder
"Welches sind die Städte, deren Einwohnerzahl zwischen 160000 und 900000 liegt?",SELECT name FROM city WHERE Population BETWEEN 160000 AND 900000,True,False,False,['city'],cross-encoder
"Geben Sie die Namen der Städte an, die zwischen 160000 und 900000 Einwohner haben.",select name from city where population between 160000 and 900000,True,False,False,['city'],cross-encoder
Welche Sprache wird von der größten Anzahl von Ländern gesprochen?,SELECT LANGUAGE FROM countrylanguage GROUP BY LANGUAGE ORDER BY count(*) DESC LIMIT 1,True,False,False,['language'],cross-encoder
"Geben Sie die Sprache an, die in den meisten Ländern gesprochen wird.",SELECT LANGUAGE FROM countrylanguage GROUP BY LANGUAGE ORDER BY count(*) DESC LIMIT 1,True,False,False,['language'],cross-encoder
"Welches ist die Sprache, die in jedem Land vom größten Prozentsatz der Bevölkerung gesprochen wird?","SELECT LANGUAGE ,  CountryCode ,  max(Percentage) FROM countrylanguage GROUP BY CountryCode",True,False,False,"['language', 'country']",cross-encoder
"Wie lauten die Ländercodes der verschiedenen Länder, und welche Sprachen werden in jedem Land vom größten Prozentsatz der Menschen gesprochen?","SELECT LANGUAGE ,  CountryCode ,  max(Percentage) FROM countrylanguage GROUP BY CountryCode",False,False,False,"['countries', 'country']",cross-encoder
"Wie hoch ist die Gesamtzahl der Länder, in denen Spanisch vom größten Prozentsatz der Menschen gesprochen wird?","SELECT count(*) ,   max(Percentage) FROM countrylanguage WHERE LANGUAGE  =  ""Spanish"" GROUP BY CountryCode",False,False,False,['countries'],cross-encoder
"Zählen Sie die Anzahl der Länder, in denen Spanisch die am meisten gesprochene Sprache ist.","SELECT count(*) ,   max(Percentage) FROM countrylanguage WHERE LANGUAGE  =  ""Spanish"" GROUP BY CountryCode",False,False,False,"['countries', 'language']",cross-encoder
"Wie lauten die Codes der Länder, in denen Spanisch vom größten Prozentsatz der Menschen gesprochen wird?","SELECT CountryCode ,  max(Percentage) FROM countrylanguage WHERE LANGUAGE  =  ""Spanish"" GROUP BY CountryCode",False,False,False,['countries'],cross-encoder
"Geben Sie die Codes der Länder zurück, in denen Spanisch die am meisten gesprochene Sprache ist.","SELECT CountryCode ,  max(Percentage) FROM countrylanguage WHERE LANGUAGE  =  ""Spanish"" GROUP BY CountryCode",False,False,False,"['countries', 'language']",cross-encoder
Wie viele Dirigenten gibt es?,SELECT count(*) FROM conductor,True,False,False,['conductor'],cross-encoder
Geben Sie die Namen der Dirigenten in aufsteigender Reihenfolge ihres Alters an.,SELECT Name FROM conductor ORDER BY Age ASC,True,False,False,['conductor'],cross-encoder
Wie lauten die Namen der Dirigenten in aufsteigender Reihenfolge ihres Alters?,SELECT Name FROM conductor ORDER BY Age ASC,True,False,False,['conductor'],cross-encoder
"Wie lauten die Namen von Dirigenten, deren Nationalität nicht ""USA"" ist?",SELECT Name FROM conductor WHERE Nationality != 'USA',True,False,False,['conductor'],cross-encoder
"Geben Sie die Namen von Dirigenten zurück, die nicht die Nationalität ""USA"" haben.",SELECT Name FROM conductor WHERE Nationality != 'USA',True,False,False,['conductor'],cross-encoder
Wie lauten die Plattenfirmen von Orchestern in absteigender Reihenfolge der Gründungsjahre?,SELECT Record_Company FROM orchestra ORDER BY Year_of_Founded DESC,True,False,False,['orchestra'],cross-encoder
"Geben Sie die Plattenfirmen von Orchestern zurück, absteigend sortiert nach den Jahren ihrer Gründung.",SELECT Record_Company FROM orchestra ORDER BY Year_of_Founded DESC,True,False,False,['orchestra'],cross-encoder
Führen Sie die Namen der Dirigenten in absteigender Reihenfolge der Arbeitsjahre auf.,SELECT Name FROM conductor ORDER BY Year_of_Work DESC,True,False,False,['conductor'],cross-encoder
"Wie lauten die Namen der Dirigenten, absteigend sortiert nach der Anzahl der Jahre, in denen sie gearbeitet haben?",SELECT Name FROM conductor ORDER BY Year_of_Work DESC,True,False,False,['conductor'],cross-encoder
Führen Sie den Namen des Dirigenten mit den meisten Arbeitsjahren auf.,SELECT Name FROM conductor ORDER BY Year_of_Work DESC LIMIT 1,True,False,False,['conductor'],cross-encoder
"Wie lautet der Name des Dirigenten, der die meisten Jahre gearbeitet hat?",SELECT Name FROM conductor ORDER BY Year_of_Work DESC LIMIT 1,True,False,False,['conductor'],cross-encoder
"Geben Sie die Namen der Dirigenten und der Orchester an, die sie dirigiert haben.","SELECT T1.Name ,  T2.Orchestra FROM conductor AS T1 JOIN orchestra AS T2 ON T1.Conductor_ID  =  T2.Conductor_ID",True,False,False,"['conductor', 'orchestra']",cross-encoder
"Wie lauten die Namen der Dirigenten sowie der entsprechenden Orchester, die sie dirigiert haben?","SELECT T1.Name ,  T2.Orchestra FROM conductor AS T1 JOIN orchestra AS T2 ON T1.Conductor_ID  =  T2.Conductor_ID",True,False,False,"['conductor', 'orchestra']",cross-encoder
"Zeigen Sie die Namen der Dirigenten an, die mehr als ein Orchester dirigiert haben.",SELECT T1.Name FROM conductor AS T1 JOIN orchestra AS T2 ON T1.Conductor_ID  =  T2.Conductor_ID GROUP BY T2.Conductor_ID HAVING COUNT(*)  >  1,True,False,False,"['conductor', 'orchestra']",cross-encoder
"Wie lauten die Namen von Dirigenten, die in mehr als einem Orchester dirigiert haben?",SELECT T1.Name FROM conductor AS T1 JOIN orchestra AS T2 ON T1.Conductor_ID  =  T2.Conductor_ID GROUP BY T2.Conductor_ID HAVING COUNT(*)  >  1,True,False,False,"['conductor', 'orchestra']",cross-encoder
"Zeigen Sie den Namen des Dirigenten an, der die meisten Orchester dirigiert hat.",SELECT T1.Name FROM conductor AS T1 JOIN orchestra AS T2 ON T1.Conductor_ID  =  T2.Conductor_ID GROUP BY T2.Conductor_ID ORDER BY COUNT(*) DESC LIMIT 1,True,False,False,"['conductor', 'orchestra']",cross-encoder
"Wie lautet der Name des Dirigenten, der die meisten Orchester dirigiert hat?",SELECT T1.Name FROM conductor AS T1 JOIN orchestra AS T2 ON T1.Conductor_ID  =  T2.Conductor_ID GROUP BY T2.Conductor_ID ORDER BY COUNT(*) DESC LIMIT 1,True,False,False,"['conductor', 'orchestra']",cross-encoder
"Bitte geben Sie den Namen des Dirigenten an, der nach 2008 gegründete Orchester dirigiert hat.",SELECT T1.Name FROM conductor AS T1 JOIN orchestra AS T2 ON T1.Conductor_ID  =  T2.Conductor_ID WHERE Year_of_Founded  >  2008,True,False,False,"['conductor', 'orchestra']",cross-encoder
"Wie lauten die Namen der Dirigenten, die nach dem Jahr 2008 gegründete Orchester dirigiert haben?",SELECT T1.Name FROM conductor AS T1 JOIN orchestra AS T2 ON T1.Conductor_ID  =  T2.Conductor_ID WHERE Year_of_Founded  >  2008,True,False,False,"['conductor', 'orchestra']",cross-encoder
Bitte geben Sie die verschiedenen Plattenfirmen und die entsprechende Anzahl von Orchestern an.,"SELECT Record_Company ,  COUNT(*) FROM orchestra GROUP BY Record_Company",True,False,False,['orchestra'],cross-encoder
Wie viele Orchester verwaltet jede Plattenfirma?,"SELECT Record_Company ,  COUNT(*) FROM orchestra GROUP BY Record_Company",True,False,False,['orchestra'],cross-encoder
Bitte zeigen Sie die Plattenformate von Orchestern in aufsteigender Reihenfolge der Zählung an.,SELECT Major_Record_Format FROM orchestra GROUP BY Major_Record_Format ORDER BY COUNT(*) ASC,False,False,False,"['orchestra', 'payment']",cross-encoder
"Welches sind die wichtigsten Plattenformate von Orchestern, sortiert nach ihrer Häufigkeit?",SELECT Major_Record_Format FROM orchestra GROUP BY Major_Record_Format ORDER BY COUNT(*) ASC,True,False,False,['orchestra'],cross-encoder
"Führen Sie die Plattenfirma auf, die von der größten Anzahl von Orchestern gemeinsam genutzt wird.",SELECT Record_Company FROM orchestra GROUP BY Record_Company ORDER BY COUNT(*) DESC LIMIT 1,True,False,False,['orchestra'],cross-encoder
"Welches ist die Plattenfirma, die von der größten Anzahl von Orchestern genutzt wird?",SELECT Record_Company FROM orchestra GROUP BY Record_Company ORDER BY COUNT(*) DESC LIMIT 1,True,False,False,['orchestra'],cross-encoder
"Nennen Sie die Namen der Orchester, die keine Aufführungen haben.",SELECT Orchestra FROM orchestra WHERE Orchestra_ID NOT IN (SELECT Orchestra_ID FROM performance),True,False,False,['orchestra'],cross-encoder
"Welches sind die Orchester, die keine Aufführungen haben?",SELECT Orchestra FROM orchestra WHERE Orchestra_ID NOT IN (SELECT Orchestra_ID FROM performance),True,False,False,['orchestra'],cross-encoder
"Geben Sie die Plattenfirmen an, die sich die vor 2003 und nach 2003 gegründeten Orchester teilen.",SELECT Record_Company FROM orchestra WHERE Year_of_Founded  <  2003 INTERSECT SELECT Record_Company FROM orchestra WHERE Year_of_Founded  >  2003,True,False,False,['orchestra'],cross-encoder
"Welches sind die Plattenfirmen, die sowohl von den vor 2003 gegründeten Orchestern als auch von den nach 2003 gegründeten Orchestern genutzt werden?",SELECT Record_Company FROM orchestra WHERE Year_of_Founded  <  2003 INTERSECT SELECT Record_Company FROM orchestra WHERE Year_of_Founded  >  2003,True,False,False,"['orchestra', 'orchestra']",cross-encoder
"Finden Sie die Anzahl der Orchester, deren Plattenformat ""CD"" oder ""DVD"" ist.","SELECT COUNT(*) FROM orchestra WHERE Major_Record_Format  =  ""CD"" OR Major_Record_Format  =  ""DVD""",True,False,False,['orchestra'],cross-encoder
"Zählen Sie die Anzahl der Orchester, deren Plattenformat ""CD"" oder ""DVD"" ist.","SELECT COUNT(*) FROM orchestra WHERE Major_Record_Format  =  ""CD"" OR Major_Record_Format  =  ""DVD""",True,False,False,['orchestra'],cross-encoder
"Zeigen Sie die Gründungsjahre von Orchestern an, die mehr als eine Aufführung gegeben haben.",SELECT Year_of_Founded FROM orchestra AS T1 JOIN performance AS T2 ON T1.Orchestra_ID  =  T2.Orchestra_ID GROUP BY T2.Orchestra_ID HAVING COUNT(*)  >  1,True,False,False,"['orchestra', 'performance']",cross-encoder
"Was sind Gründungsjahre für Orchester, die mehr als eine Aufführung gegeben haben?",SELECT Year_of_Founded FROM orchestra AS T1 JOIN performance AS T2 ON T1.Orchestra_ID  =  T2.Orchestra_ID GROUP BY T2.Orchestra_ID HAVING COUNT(*)  >  1,True,False,False,"['orchestra', 'performance']",cross-encoder
Wie viele Gymnasiasten gibt es?,SELECT count(*) FROM Highschooler,True,False,False,['Highschooler'],cross-encoder
Zählen Sie die Anzahl der Gymnasiasten.,SELECT count(*) FROM Highschooler,True,False,False,['Highschooler'],cross-encoder
Zeigen Sie die Namen und Klassen der einzelnen Gymnasiasten an.,"SELECT name ,  grade FROM Highschooler",True,False,False,['Highschooler'],cross-encoder
Wie lauten die Namen und die Klassen der einzelnen Gymnasiasten und Gymnasiastinnen?,"SELECT name ,  grade FROM Highschooler",True,False,False,['Highschooler'],cross-encoder
Zeigen Sie alle Klassen der Gymnasiasten an.,SELECT grade FROM Highschooler,True,False,False,['Highschooler'],cross-encoder
In welcher Klasse ist Kyle?,"SELECT grade FROM Highschooler WHERE name  =  ""Kyle""",False,False,False,['CLASS'],cross-encoder
Geben Sie die Klasse für den Gymnasiasten namens Kyle zurück.,"SELECT grade FROM Highschooler WHERE name  =  ""Kyle""",False,False,False,"['CLASS', 'Highschooler']",cross-encoder
Zeigen Sie die Namen aller Gymnasiasten in Klasse 10 an.,SELECT name FROM Highschooler WHERE grade  =  10,False,False,False,"['Highschooler', 'CLASS']",cross-encoder
Wie lauten die Namen aller Gymnasiasten in Klasse 10?,SELECT name FROM Highschooler WHERE grade  =  10,False,False,False,"['Highschooler', 'CLASS']",cross-encoder
Zeigen Sie die ID des Gymnasiasten namens Kyle an.,"SELECT ID FROM Highschooler WHERE name  =  ""Kyle""",True,False,False,['Highschooler'],cross-encoder
Wie viele Gymnasiasten gibt es in Klasse 9 oder 10?,SELECT count(*) FROM Highschooler WHERE grade  =  9 OR grade  =  10,False,False,False,"['Highschooler', 'CLASS']",cross-encoder
Zählen Sie die Anzahl der Gymnasiasten in den Klassen 9 oder 10.,SELECT count(*) FROM Highschooler WHERE grade  =  9 OR grade  =  10,True,False,False,['Highschooler'],cross-encoder
Zeigen Sie die Anzahl der Gymnasiasten für jede Klasse an.,"SELECT grade ,  count(*) FROM Highschooler GROUP BY grade",False,False,False,"['Highschooler', 'CLASS']",cross-encoder
Wie viele Gymnasiasten gibt es in jeder Klasse?,"SELECT grade ,  count(*) FROM Highschooler GROUP BY grade",False,False,False,"['Highschooler', 'CLASS']",cross-encoder
Welche Klasse hat die meisten Gymnasiasten?,SELECT grade FROM Highschooler GROUP BY grade ORDER BY count(*) DESC LIMIT 1,False,False,False,['CLASS'],cross-encoder
Geben Sie die Klasse mit der höchsten Anzahl von Gymnasiasten an.,SELECT grade FROM Highschooler GROUP BY grade ORDER BY count(*) DESC LIMIT 1,False,False,False,"['CLASS', 'Highschooler']",cross-encoder
"Zeigen Sie mir alle Klassen, die mindestens 4 Schüler haben.",SELECT grade FROM Highschooler GROUP BY grade HAVING count(*)  >=  4,True,False,False,['school'],cross-encoder
Zeigen Sie die entsprechenden IDs der Schüler und die Anzahl ihrer Freunde.,"SELECT student_id ,  count(*) FROM Friend GROUP BY student_id",False,False,False,['school'],cross-encoder
Zeigen Sie die Namen der Gymnasiasten und die entsprechende Anzahl ihrer Freunde.,"SELECT T2.name ,  count(*) FROM Friend AS T1 JOIN Highschooler AS T2 ON T1.student_id  =  T2.id GROUP BY T1.student_id",True,False,False,['Highschooler'],cross-encoder
Wie lauten die Namen der Gymnasiasten und wie viele Freunde hat jeder von ihnen?,"SELECT T2.name ,  count(*) FROM Friend AS T1 JOIN Highschooler AS T2 ON T1.student_id  =  T2.id GROUP BY T1.student_id",True,False,False,['Highschooler'],cross-encoder
"Wie lautet der Name des Gymnasiasten, der die meisten Freunde hat?",SELECT T2.name FROM Friend AS T1 JOIN Highschooler AS T2 ON T1.student_id  =  T2.id GROUP BY T1.student_id ORDER BY count(*) DESC LIMIT 1,True,False,False,['Highschooler'],cross-encoder
Geben Sie den Namen des Gymnasiasten mit den meisten Freunden zurück.,SELECT T2.name FROM Friend AS T1 JOIN Highschooler AS T2 ON T1.student_id  =  T2.id GROUP BY T1.student_id ORDER BY count(*) DESC LIMIT 1,True,False,False,['Highschooler'],cross-encoder
"Zeigen Sie die Namen der Gymnasiasten, die mindestens 3 Freunde haben.",SELECT T2.name FROM Friend AS T1 JOIN Highschooler AS T2 ON T1.student_id  =  T2.id GROUP BY T1.student_id HAVING count(*)  >=  3,True,False,False,['Highschooler'],cross-encoder
"Wie lauten die Namen der Gymnasiasten, die 3 oder mehr Freunde haben?",SELECT T2.name FROM Friend AS T1 JOIN Highschooler AS T2 ON T1.student_id  =  T2.id GROUP BY T1.student_id HAVING count(*)  >=  3,True,False,False,['Highschooler'],cross-encoder
Zeigen Sie die Namen aller Freunde des Gymnasiasten Kyle.,"SELECT T3.name FROM Friend AS T1 JOIN Highschooler AS T2 ON T1.student_id  =  T2.id JOIN Highschooler AS T3 ON T1.friend_id  =  T3.id WHERE T2.name  =  ""Kyle""",True,False,False,['Highschooler'],cross-encoder
Wie viele Freunde hat des Gymnasiasten Kyle?,"SELECT count(*) FROM Friend AS T1 JOIN Highschooler AS T2 ON T1.student_id  =  T2.id WHERE T2.name  =  ""Kyle""",True,False,False,['Highschooler'],cross-encoder
"Zeigen Sie die IDs aller Schüler an, die keine Freunde haben.",SELECT id FROM Highschooler EXCEPT SELECT student_id FROM Friend,True,False,False,['school'],cross-encoder
"Zeigen Sie die Namen aller Schüler des Gymnasiums, die keine Freunde haben.",SELECT name FROM Highschooler EXCEPT SELECT T2.name FROM Friend AS T1 JOIN Highschooler AS T2 ON T1.student_id  =  T2.id,True,False,False,['school'],cross-encoder
"Zeigen Sie die IDs von Gymnasiasten, die Freunde haben und auch von jemand anderem gemocht werden.",SELECT student_id FROM Friend INTERSECT SELECT liked_id FROM Likes,False,False,False,['Highschooler'],cross-encoder
"Wie lauten die Namen von Gymnasiasten, die sowohl Freunde haben als auch gemocht werden?",SELECT T2.name FROM Friend AS T1 JOIN Highschooler AS T2 ON T1.student_id  =  T2.id INTERSECT SELECT T2.name FROM Likes AS T1 JOIN Highschooler AS T2 ON T1.liked_id  =  T2.id,True,False,False,['Highschooler'],cross-encoder
"Zeigen Sie die Namen der Gymnasiasten, die Vorlieben haben, und die Anzahl der Vorlieben für jede.","SELECT T2.name ,  count(*) FROM Likes AS T1 JOIN Highschooler AS T2 ON T1.student_id  =  T2.id GROUP BY T1.student_id",True,False,False,['Highschooler'],cross-encoder
"Was sind die Namen der Gymnasiasten, die Vorlieben haben, und wie viele Vorlieben hat jeder von ihnen?","SELECT T2.name ,  count(*) FROM Likes AS T1 JOIN Highschooler AS T2 ON T1.student_id  =  T2.id GROUP BY T1.student_id",True,False,False,['Highschooler'],cross-encoder
"Wie lautet der Name des Gymnasiasten, der die meisten Vorlieben hat?",SELECT T2.name FROM Likes AS T1 JOIN Highschooler AS T2 ON T1.student_id  =  T2.id GROUP BY T1.student_id ORDER BY count(*) DESC LIMIT 1,True,False,False,['Highschooler'],cross-encoder
"Wie lauten die Namen von Gymnasiasten, die eine Klasse über 5 haben, und zwei oder mehr Freunde haben?",SELECT T2.name FROM Friend AS T1 JOIN Highschooler AS T2 ON T1.student_id  =  T2.id WHERE T2.grade  >  5 GROUP BY T1.student_id HAVING count(*)  >=  2,False,False,False,"['Highschooler', 'CLASS']",cross-encoder
"Geben Sie die Anzahl der Vorlieben zurück, die der Gymnasiast mit dem Namen Kyle hat.","SELECT count(*) FROM Likes AS T1 JOIN Highschooler AS T2 ON T1.student_id  =  T2.id WHERE T2.name  =  ""Kyle""",True,False,False,['Highschooler'],cross-encoder
In welchen Bundsstaaten leben sowohl Besitzer als auch Fachleute?,SELECT state FROM Owners INTERSECT SELECT state FROM Professionals,True,False,False,['Owners'],cross-encoder
"Finden Sie die Bundesstaaten, in denen sowohl Besitzer als auch Fachleute wohnen.",SELECT state FROM Owners INTERSECT SELECT state FROM Professionals,True,False,False,['Owners'],cross-encoder
"Wie ist das Durchschnittsalter der Hunde, die einer Behandlung unterzogen wurden?",SELECT avg(age) FROM Dogs WHERE dog_id IN ( SELECT dog_id FROM Treatments ),False,False,False,"['Dogs', 'Treatments', 'Undergoes']",cross-encoder
"Ermitteln Sie das Durchschnittsalter der Hunde, die behandelt wurden.",SELECT avg(age) FROM Dogs WHERE dog_id IN ( SELECT dog_id FROM Treatments ),True,False,False,['Dogs'],cross-encoder
"Welche Fachleute leben im Bundesstaat Indiana oder haben mehr als 2 Behandlungen hinter sich? Geben Sie seine ID, seinen Nachnamen und sein Mobiltelefon an.","SELECT professional_id ,  last_name ,  cell_number FROM Professionals WHERE state  =  'Indiana' UNION SELECT T1.professional_id ,  T1.last_name ,  T1.cell_number FROM Professionals AS T1 JOIN Treatments AS T2 ON T1.professional_id  =  T2.professional_id GROUP BY T1.professional_id HAVING count(*)  >  2",False,False,False,"['Treatments', 'Undergoes']",cross-encoder
"Finden Sie ID, Nachname und Mobiltelefon der Fachleute, die im Bundesstaat Indiana leben oder mehr als zwei Behandlungen durchgeführt haben.","SELECT professional_id ,  last_name ,  cell_number FROM Professionals WHERE state  =  'Indiana' UNION SELECT T1.professional_id ,  T1.last_name ,  T1.cell_number FROM Professionals AS T1 JOIN Treatments AS T2 ON T1.professional_id  =  T2.professional_id GROUP BY T1.professional_id HAVING count(*)  >  2",False,False,False,"['Treatments', 'Undergoes']",cross-encoder
Welche Hunde haben ihren Besitzer nicht mehr als 1000 für die Behandlung gekostet ? Listen Sie die Namen der Hunde auf.,select name from dogs where dog_id not in ( select dog_id from treatments group by dog_id having sum(cost_of_treatment)  >  1000 ),False,False,False,"['Dogs', 'Owners', 'Treatments', 'Undergoes', 'Dogs']",cross-encoder
"Wie lauten die Namen der Hunde, für die der Besitzer nicht mehr als 1000 für die Behandlung ausgegeben hat ?",select name from dogs where dog_id not in ( select dog_id from treatments group by dog_id having sum(cost_of_treatment)  >  1000 ),False,False,False,"['Dogs', 'Owners', 'Treatments', 'Undergoes']",cross-encoder
"Welche Vornamen werden für Fachleute oder Besitzer verwendet, aber nicht als Hundenamen verwendet ?",SELECT first_name FROM Professionals UNION SELECT first_name FROM Owners EXCEPT SELECT name FROM Dogs,True,False,False,['Owners'],cross-encoder
"Finden Sie die Vornamen, die für Fachleute oder Besitzer verwendet werden, aber nicht als Hundenamen verwendet werden.",SELECT first_name FROM Professionals UNION SELECT first_name FROM Owners EXCEPT SELECT name FROM Dogs,True,False,False,['Owners'],cross-encoder
"Welcher Fachmann hat keine Behandlung bei Hunden durchgeführt? Führen Sie die ID, Rolle und E-Mail des Fachmanns auf.","SELECT professional_id ,  role_code ,  email_address FROM Professionals EXCEPT SELECT T1.professional_id ,  T1.role_code ,  T1.email_address FROM Professionals AS T1 JOIN Treatments AS T2 ON T1.professional_id  =  T2.professional_id",False,False,False,"['Treatments', 'Undergoes']",cross-encoder
"Geben Sie mir die ID, Rolle und E-Mail der Fachleute an, die keine Behandlung an Hunden durchgeführt haben.","SELECT professional_id ,  role_code ,  email_address FROM Professionals EXCEPT SELECT T1.professional_id ,  T1.role_code ,  T1.email_address FROM Professionals AS T1 JOIN Treatments AS T2 ON T1.professional_id  =  T2.professional_id",False,False,False,"['Treatments', 'Undergoes']",cross-encoder
"Wer besitzt die meisten Hunde? Führen Sie die Besitzer-ID, den Vornamen und den Nachnamen auf.","SELECT T1.owner_id ,  T2.first_name ,  T2.last_name FROM Dogs AS T1 JOIN Owners AS T2 ON T1.owner_id  =  T2.owner_id GROUP BY T1.owner_id ORDER BY count(*) DESC LIMIT 1",True,False,False,['Dogs'],cross-encoder
"Welche Fachleute haben mindestens zwei Behandlungen durchgeführt? Geben Sie die ID, die Rolle und den Vornamen des Fachmanns an.","SELECT T1.professional_id ,  T1.role_code ,  T1.first_name FROM Professionals AS T1 JOIN Treatments AS T2 ON T1.professional_id  =  T2.professional_id GROUP BY T1.professional_id HAVING count(*)  >=  2",False,False,False,"['Treatments', 'Undergoes']",cross-encoder
"Wie lauten ID, Rolle und Vorname der Fachleute, die zwei oder mehr Behandlungen durchgeführt haben?","SELECT T1.professional_id ,  T1.role_code ,  T1.first_name FROM Professionals AS T1 JOIN Treatments AS T2 ON T1.professional_id  =  T2.professional_id GROUP BY T1.professional_id HAVING count(*)  >=  2",False,False,False,"['Treatments', 'Undergoes']",cross-encoder
Welcher Besitzer hat für die meisten Behandlungen seiner Hunde bezahlt? Nennen Sie die Besitzer-ID und den Nachnamen.,"SELECT T1.owner_id ,  T1.last_name FROM Owners AS T1 JOIN Dogs AS T2 ON T1.owner_id  =  T2.owner_id JOIN Treatments AS T3 ON T2.dog_id  =  T3.dog_id GROUP BY T1.owner_id ORDER BY count(*) DESC LIMIT 1",False,False,False,"['Owners', 'Treatments', 'Undergoes', 'Dogs']",cross-encoder
"Nennen Sie mir die ID und den Nachnamen des Besitzers, der für die Behandlung seiner Hunde am meisten ausgegeben hat.","SELECT T1.owner_id ,  T1.last_name FROM Owners AS T1 JOIN Dogs AS T2 ON T1.owner_id  =  T2.owner_id JOIN Treatments AS T3 ON T2.dog_id  =  T3.dog_id GROUP BY T1.owner_id ORDER BY count(*) DESC LIMIT 1",False,False,False,"['Treatments', 'Undergoes', 'Dogs']",cross-encoder
Welcher Besitzer hat insgesamt am meisten Geld für seine Hunde bezahlt? Geben Sie die ID und Postleitzahl des Besitzers an.,"SELECT T1.owner_id ,  T1.zip_code FROM Owners AS T1 JOIN Dogs AS T2 ON T1.owner_id  =  T2.owner_id JOIN Treatments AS T3 ON T2.dog_id  =  T3.dog_id GROUP BY T1.owner_id ORDER BY sum(T3.cost_of_treatment) DESC LIMIT 1",True,False,False,"['Owners', 'Dogs']",cross-encoder
"Suchen Sie die ID und Postleitzahl des Besitzers, der insgesamt am meisten Geld für seine Hunde ausgegeben hat.","SELECT T1.owner_id ,  T1.zip_code FROM Owners AS T1 JOIN Dogs AS T2 ON T1.owner_id  =  T2.owner_id JOIN Treatments AS T3 ON T2.dog_id  =  T3.dog_id GROUP BY T1.owner_id ORDER BY sum(T3.cost_of_treatment) DESC LIMIT 1",True,False,False,['Dogs'],cross-encoder
Welche Fachleute haben mindestens zwei Arten von Behandlungen durchgeführt? Geben Sie die ID und das Mobiltelefon des Fachmanns an.,"SELECT T1.professional_id ,  T1.cell_number FROM Professionals AS T1 JOIN Treatments AS T2 ON T1.professional_id  =  T2.professional_id GROUP BY T1.professional_id HAVING count(*)  >=  2",False,False,False,"['Treatments', 'Undergoes']",cross-encoder
"Finden Sie die ID und das Mobiltelefon des Fachmanns, der zwei oder mehr Arten von Behandlungen durchgeführt hat.","SELECT T1.professional_id ,  T1.cell_number FROM Professionals AS T1 JOIN Treatments AS T2 ON T1.professional_id  =  T2.professional_id GROUP BY T1.professional_id HAVING count(*)  >=  2",False,False,False,"['Treatments', 'Undergoes']",cross-encoder
"Wie lauten Vor- und Nachname der Fachleute, die Behandlungen mit unterdurchschnittlichen Kosten durchgeführt haben?","SELECT DISTINCT T1.first_name ,  T1.last_name FROM Professionals AS T1 JOIN Treatments AS T2 WHERE cost_of_treatment  <  ( SELECT avg(cost_of_treatment) FROM Treatments )",False,False,False,"['Treatments', 'Undergoes']",cross-encoder
"Welche Fachleute haben eine Behandlung durchgeführt, die weniger als der Durchschnitt kostet? Nennen Sie mir die Vor- und Nachnamen des Fachmanns.","SELECT DISTINCT T1.first_name ,  T1.last_name FROM Professionals AS T1 JOIN Treatments AS T2 WHERE cost_of_treatment  <  ( SELECT avg(cost_of_treatment) FROM Treatments )",False,False,False,"['Treatments', 'Undergoes']",cross-encoder
"Geben Sie das Datum jeder Behandlung an, zusammen mit dem Vornamen des Fachmanns, der die Behandlung durchgeführt hat.","SELECT T1.date_of_treatment ,  T2.first_name FROM Treatments AS T1 JOIN Professionals AS T2 ON T1.professional_id  =  T2.professional_id",False,False,False,"['Treatments', 'Undergoes', 'Treatments', 'Undergoes']",cross-encoder
Wie lauten das Datum und der Vorname des operierenden Fachmanns für jede Behandlung?,"SELECT T1.date_of_treatment ,  T2.first_name FROM Treatments AS T1 JOIN Professionals AS T2 ON T1.professional_id  =  T2.professional_id",False,False,False,['Undergoes'],cross-encoder
Nennen Sie die Kosten jeder Behandlung und die entsprechende Beschreibung der Behandlungsart.,"SELECT T1.cost_of_treatment ,  T2.treatment_type_description FROM Treatments AS T1 JOIN treatment_types AS T2 ON T1.treatment_type_code  =  T2.treatment_type_code",False,False,False,"['Treatments', 'Undergoes']",cross-encoder
Wie lauten die Kosten und die Beschreibung der Behandlungsart für jede Behandlung?,"SELECT T1.cost_of_treatment ,  T2.treatment_type_description FROM Treatments AS T1 JOIN treatment_types AS T2 ON T1.treatment_type_code  =  T2.treatment_type_code",False,False,False,"['Undergoes', 'Undergoes']",cross-encoder
"Geben Sie den Vornamen, den Nachnamen und die Größe ihres oder seines Hundes.","SELECT T1.first_name ,  T1.last_name ,  T2.size_code FROM Owners AS T1 JOIN Dogs AS T2 ON T1.owner_id  =  T2.owner_id",False,False,False,['Sizes'],cross-encoder
"Wie lauten der Vorname, der Nachname und die Größe des Hundes jedes Besitzers?","SELECT T1.first_name ,  T1.last_name ,  T2.size_code FROM Owners AS T1 JOIN Dogs AS T2 ON T1.owner_id  =  T2.owner_id",False,False,False,['Sizes'],cross-encoder
Führen Sie die Namen der Hunde der seltensten Rasse und die Behandlungsdaten der Hunde auf.,"SELECT T1.name ,  T2.date_of_treatment FROM Dogs AS T1 JOIN Treatments AS T2 ON T1.dog_id  =  T2.dog_id WHERE T1.breed_code  =  ( SELECT breed_code FROM Dogs GROUP BY breed_code ORDER BY count(*) ASC LIMIT 1 )",True,False,False,"['Dogs', 'Dogs']",cross-encoder
Welche Hunde gehören der seltensten Rasse an? Geben Sie deren Namen und Behandlungsdaten an.,"SELECT T1.name ,  T2.date_of_treatment FROM Dogs AS T1 JOIN Treatments AS T2 ON T1.dog_id  =  T2.dog_id WHERE T1.breed_code  =  ( SELECT breed_code FROM Dogs GROUP BY breed_code ORDER BY count(*) ASC LIMIT 1 )",True,False,False,['Dogs'],cross-encoder
"Welche Hunde gehören jemandem, der in Virginia lebt? Geben Sie den Vornamen des Besitzers und den Namen des Hundes an.","SELECT T1.first_name ,  T2.name FROM Owners AS T1 JOIN Dogs AS T2 ON T1.owner_id  =  T2.owner_id WHERE T1.state  =  'Virginia'",False,False,False,"['Dogs', 'Lives_in']",cross-encoder
"Finden Sie die Vornamen der Besitzer, die in Virginia leben, und die Namen der Hunde, die sie besitzen.","SELECT T1.first_name ,  T2.name FROM Owners AS T1 JOIN Dogs AS T2 ON T1.owner_id  =  T2.owner_id WHERE T1.state  =  'Virginia'",True,False,False,"['Owners', 'Dogs']",cross-encoder
"Was sind das Ankunftsdatum und das Abreisedatum der Hunde, die einer Behandlung unterzogen wurden?","SELECT DISTINCT T1.date_arrived ,  T1.date_departed FROM Dogs AS T1 JOIN Treatments AS T2 ON T1.dog_id  =  T2.dog_id",False,False,False,"['Dogs', 'Treatments', 'Undergoes']",cross-encoder
"Finden Sie das Ankunftsdatum und das Abreisedatum der Hunde, die eine Behandlung erhalten haben.","SELECT DISTINCT T1.date_arrived ,  T1.date_departed FROM Dogs AS T1 JOIN Treatments AS T2 ON T1.dog_id  =  T2.dog_id",False,False,False,"['Dogs', 'Treatments', 'Undergoes']",cross-encoder
Geben Sie den Nachnamen des Besitzers oder der Besitzerin des jüngsten Hundes an.,SELECT T1.last_name FROM Owners AS T1 JOIN Dogs AS T2 ON T1.owner_id  =  T2.owner_id WHERE T2.age  =  ( SELECT max(age) FROM Dogs ),True,False,False,['Owners'],cross-encoder
Was sind das Ankunftsdatum und das Abreisedatum aller Hunde?,"SELECT date_arrived ,  date_departed FROM Dogs",True,False,False,['Dogs'],cross-encoder
Geben Sie das Ankunftsdatum und das Abreisedatum für alle Hunde an.,"SELECT date_arrived ,  date_departed FROM Dogs",True,False,False,['Dogs'],cross-encoder
Wie viele Hunde wurden einer Behandlung unterzogen?,SELECT count(DISTINCT dog_id) FROM Treatments,False,False,False,"['Dogs', 'Treatments', 'Undergoes']",cross-encoder
"Zählen Sie die Anzahl der Hunde, die eine Behandlung durchlaufen haben.",SELECT count(DISTINCT dog_id) FROM Treatments,False,False,False,"['Dogs', 'Treatments', 'Undergoes']",cross-encoder
Wie viele Fachleute haben eine Behandlung von Hunden durchgeführt?,SELECT count(DISTINCT professional_id) FROM Treatments,False,False,False,"['Treatments', 'Undergoes']",cross-encoder
"Ermitteln Sie die Anzahl der Fachleute, die jemals Hunde behandelt haben.",SELECT count(DISTINCT professional_id) FROM Treatments,False,False,False,['Dogs'],cross-encoder
"Welche Fachleute leben in einer Stadt mit der Teilzeichenfolge ""West""? Führen Sie seine oder ihre Rolle, Straße, Stadt und Bundesland auf.","SELECT role_code ,  street ,  city ,  state FROM professionals WHERE city LIKE '%West%'",True,False,False,"['city', 'city', 'state']",cross-encoder
"Finden Sie die Rolle, Straße, Stadt und Staat der Fachleute, die in einer Stadt leben, die eine Teilzeichenfolge ""West"" enthält.","SELECT role_code ,  street ,  city ,  state FROM professionals WHERE city LIKE '%West%'",True,False,False,"['city', 'city']",cross-encoder
Wie viele Hunde haben ein Alter unter dem Durchschnitt?,SELECT count(*) FROM Dogs WHERE age  <  ( SELECT avg(age) FROM Dogs ),True,False,False,['Dogs'],cross-encoder
"Zählen Sie die Anzahl der Hunde, deren Alter unter dem Durchschnitt liegt.",SELECT count(*) FROM Dogs WHERE age  <  ( SELECT avg(age) FROM Dogs ),True,False,False,['Dogs'],cross-encoder
Wie viel kostet die zuletzte Behandlung?,SELECT cost_of_treatment FROM Treatments ORDER BY date_of_treatment DESC LIMIT 1,False,False,False,['Undergoes'],cross-encoder
Zeigen Sie mir die Kosten der in letzter Zeit durchgeführten Behandlung.,SELECT cost_of_treatment FROM Treatments ORDER BY date_of_treatment DESC LIMIT 1,False,False,False,['Undergoes'],cross-encoder
Wie viele Hunde haben keine Behandlung erhalten?,SELECT count(*) FROM Dogs WHERE dog_id NOT IN ( SELECT dog_id FROM Treatments ),False,False,False,"['Dogs', 'Treatments', 'Undergoes']",cross-encoder
"Sagen Sie mir die Anzahl der Hunde, die keine Behandlung erhalten haben.",select count(*) from dogs where dog_id not in ( select dog_id from treatments ),False,False,False,"['Dogs', 'Treatments', 'Undergoes']",cross-encoder
Wie viele Besitzer haben vorübergehend keine Hunde?,SELECT count(*) FROM Owners WHERE owner_id NOT IN ( SELECT owner_id FROM Dogs ),True,False,False,"['Owners', 'Dogs']",cross-encoder
"Finden Sie die Anzahl der Besitzer, die zur Zeit keine Hunde besitzen.",SELECT count(*) FROM Owners WHERE owner_id NOT IN ( SELECT owner_id FROM Dogs ),True,False,False,"['Owners', 'Dogs']",cross-encoder
Wie viele Fachleute haben keine Behandlung von Hunden durchgeführt?,SELECT count(*) FROM Professionals WHERE professional_id NOT IN ( SELECT professional_id FROM Treatments ),False,False,False,"['Treatments', 'Undergoes']",cross-encoder
"Finden Sie die Zahl der Fachleute, die keine Hunde behandelt haben.",SELECT count(*) FROM Professionals WHERE professional_id NOT IN ( SELECT professional_id FROM Treatments ),False,False,False,['Dogs'],cross-encoder
"Geben Sie die Namen, die Alter und die Gewichte der Hunde an, die ausgesetzt wurden? 1 steht für ja, und 0 steht für nein.","SELECT name ,  age ,  weight FROM Dogs WHERE abandoned_yn  =  1",True,False,False,['Dogs'],cross-encoder
"Wie lauten Name, Alter und Gewicht der Hunde, die ausgesetzt wurden? Beachten Sie, dass in den Tabellen 1 für ja und 0 für nein steht.","SELECT name ,  age ,  weight FROM Dogs WHERE abandoned_yn  =  1",True,False,False,['Dogs'],cross-encoder
Was ist das Durchschnittsalter aller Hunde?,SELECT avg(age) FROM Dogs,True,False,False,['Dogs'],cross-encoder
Berechnen Sie das Durchschnittsalter aller Hunde.,SELECT avg(age) FROM Dogs,True,False,False,['Dogs'],cross-encoder
Finden Sie die verschiedenen Rassentyp- und Größentyp-Kombinationen für Hunde.,"SELECT DISTINCT breed_code ,  size_code FROM dogs",True,False,False,['Dogs'],cross-encoder
"Nennen Sie die Vornamen aller Fachleute, zusammen mit der Beschreibung der Behandlung, die sie durchgeführt haben.","SELECT DISTINCT T1.first_name ,  T3.treatment_type_description FROM professionals AS T1 JOIN Treatments AS T2 ON T1.professional_id  =  T2.professional_id JOIN Treatment_types AS T3 ON T2.treatment_type_code  =  T3.treatment_type_code",False,False,False,"['Treatments', 'Undergoes']",cross-encoder
"Wie lauten der Vorname und die Beschreibung der Behandlung, die jeder Fachmann durchgeführt hat?","SELECT DISTINCT T1.first_name ,  T3.treatment_type_description FROM professionals AS T1 JOIN Treatments AS T2 ON T1.professional_id  =  T2.professional_id JOIN Treatment_types AS T3 ON T2.treatment_type_code  =  T3.treatment_type_code",False,False,False,"['Treatments', 'Undergoes']",cross-encoder
Wie viele Sängerinnen und Sänger gibt es?,SELECT count(*) FROM singer,True,False,False,['singer'],cross-encoder
Was sind die Anzahlen der Sängerinnen und Sänger?,SELECT count(*) FROM singer,True,False,False,['singer'],cross-encoder
Führen Sie die Namen der Sängerinnen und Sänger in aufsteigender Reihenfolge ihres Nettowerts auf.,SELECT Name FROM singer ORDER BY Net_Worth_Millions ASC,True,False,False,['singer'],cross-encoder
Wie lauten die Namen der Sängerinnen und Sänger in aufsteigender Reihenfolge ihres Nettowerts?,SELECT Name FROM singer ORDER BY Net_Worth_Millions ASC,True,False,False,['singer'],cross-encoder
Welches Geburtsjahr und welche Staatsbürgerschaft haben die Sängerinnen und Sänger?,"SELECT Birth_Year ,  Citizenship FROM singer",True,False,False,['singer'],cross-encoder
Was sind das Geburtsjahr und die Staatsbürgerschaft der Sängerinnen und Sänger?,"SELECT Birth_Year ,  Citizenship FROM singer",True,False,False,['singer'],cross-encoder
"Führen Sie die Namen der Sängerinnen und Sänger auf, deren Staatsbürgerschaft nicht ""Frankreich"" lautet.","SELECT Name FROM singer WHERE Citizenship != ""France""",True,False,False,['singer'],cross-encoder
"Wie lauten die Namen der Sängerinnen und Sänger, die keine französische Staatsbürgerschaft haben?","SELECT Name FROM singer WHERE Citizenship != ""France""",True,False,False,['singer'],cross-encoder
"Zeigen Sie die Namen der Sängerinnen und Sänger an, deren Geburtsjahr 1948 oder 1949 ist?",SELECT Name FROM singer WHERE Birth_Year  =  1948 OR Birth_Year  =  1949,True,False,False,['singer'],cross-encoder
"Wie lauten die Namen der Sängerinnen und Sänger, deren Geburtsjahr entweder 1948 oder 1949 ist?",SELECT Name FROM singer WHERE Birth_Year  =  1948 OR Birth_Year  =  1949,True,False,False,['singer'],cross-encoder
Wie lautet der Name der Sängerin oder des Sängers mit dem größten Nettowert?,SELECT Name FROM singer ORDER BY Net_Worth_Millions DESC LIMIT 1,True,False,False,['singer'],cross-encoder
"Wie heißt die Sängerin oder der Sänger, die oder der am meisten wert ist?",SELECT Name FROM singer ORDER BY Net_Worth_Millions DESC LIMIT 1,True,False,False,['singer'],cross-encoder
Zeigen Sie die unterschiedliche Staatsbürgerschaften der Sänger und die Anzahl der Sänger jeder Staatsbürgerschaft an.,"SELECT Citizenship ,  COUNT(*) FROM singer GROUP BY Citizenship",True,False,False,"['singer', 'singer']",cross-encoder
Wie viele Sängerinnen und Sänger kommen für jede Staatsbürgerschaft aus diesem Land?,"SELECT Citizenship ,  COUNT(*) FROM singer GROUP BY Citizenship",False,False,False,"['singer', 'country']",cross-encoder
Bitte geben Sie die häufigste Staatsbürgerschaft der Sängerinnen und Sänger an.,SELECT Citizenship FROM singer GROUP BY Citizenship ORDER BY COUNT(*) DESC LIMIT 1,True,False,False,['singer'],cross-encoder
Zeigen Sie verschiedene Staatsbürgerschaften und den maximalen Nettowert der Sänger jeder Staatsbürgerschaft an.,"SELECT Citizenship ,  max(Net_Worth_Millions) FROM singer GROUP BY Citizenship",True,False,False,['singer'],cross-encoder
Zeigen Sie die Titel der Lieder und die Namen der Sängerinnen und Sänger an.,"SELECT T2.Title ,  T1.Name FROM singer AS T1 JOIN song AS T2 ON T1.Singer_ID  =  T2.Singer_ID",False,False,False,"['Songs', 'singer']",cross-encoder
Wie lauten die Titel der Lieder und die Namen der Sängerinnen und Sänger?,"SELECT T2.Title ,  T1.Name FROM singer AS T1 JOIN song AS T2 ON T1.Singer_ID  =  T2.Singer_ID",False,False,False,"['Songs', 'singer']",cross-encoder
"Zeigen Sie unterschiedliche Namen von Sängern an, deren Lieder mehr als 300000 verkauft worden sind.",SELECT DISTINCT T1.Name FROM singer AS T1 JOIN song AS T2 ON T1.Singer_ID  =  T2.Singer_ID WHERE T2.Sales  >  300000,False,False,False,"['Songs', 'Sales']",cross-encoder
"Wie lauten die verschiedenen Namen der Sänger, die mehr als 300000 verkaufte Lieder haben?",SELECT DISTINCT T1.Name FROM singer AS T1 JOIN song AS T2 ON T1.Singer_ID  =  T2.Singer_ID WHERE T2.Sales  >  300000,False,False,False,"['singer', 'Sales', 'Songs']",cross-encoder
"Zeigen Sie die Namen der Sängerinnen und Sänger, die mehr als ein Lied haben.",SELECT T1.Name FROM singer AS T1 JOIN song AS T2 ON T1.Singer_ID  =  T2.Singer_ID GROUP BY T1.Name HAVING COUNT(*)  >  1,True,False,False,"['singer', 'song']",cross-encoder
"Wie lauten die Namen der Sängerinnen und Sänger, die mehr als ein Lied haben?",SELECT T1.Name FROM singer AS T1 JOIN song AS T2 ON T1.Singer_ID  =  T2.Singer_ID GROUP BY T1.Name HAVING COUNT(*)  >  1,True,False,False,"['singer', 'song']",cross-encoder
Zeigen Sie die Namen der Sängerinnen und Sänger und die Gesamtverkäufe ihrer Lieder an.,"SELECT T1.Name ,  sum(T2.Sales) FROM singer AS T1 JOIN song AS T2 ON T1.Singer_ID  =  T2.Singer_ID GROUP BY T1.Name",False,False,False,"['singer', 'Songs']",cross-encoder
Wie hoch sind die Gesamtverkäufe der Lieder der einzelnen Sängerinnen und Sänger?,"SELECT T1.Name ,  sum(T2.Sales) FROM singer AS T1 JOIN song AS T2 ON T1.Singer_ID  =  T2.Singer_ID GROUP BY T1.Name",False,False,False,"['Songs', 'singer']",cross-encoder
"Geben Sie die Namen der Sängerinnen und Sänger an, die kein Lied haben.",SELECT Name FROM singer WHERE Singer_ID NOT IN (SELECT Singer_ID FROM song),True,False,False,"['singer', 'song']",cross-encoder
"Wie lauten die Namen aller Sängerinnen und Sänger, die kein Lied haben?",SELECT Name FROM singer WHERE Singer_ID NOT IN (SELECT Singer_ID FROM song),True,False,False,"['singer', 'song']",cross-encoder
Welche Staatsbürgerschaft haben Sängerinnen und Sänger mit einem Geburtsjahr vor 1945 und nach 1955?,SELECT Citizenship FROM singer WHERE Birth_Year  <  1945 INTERSECT SELECT Citizenship FROM singer WHERE Birth_Year  >  1955,True,False,False,['singer'],cross-encoder
Zeigen Sie die Beschreibungen der Immobilientypen der zu diesem Code gehörenden Immobilien an.,SELECT T2.property_type_description FROM Properties AS T1 JOIN Ref_Property_Types AS T2 ON T1.property_type_code  =  T2.property_type_code GROUP BY T1.property_type_code,True,False,False,['Properties'],cross-encoder
"Wie lauten die Namen von Immolibien, bei denen es sich entweder um Häuser oder Wohnungen mit mehr als 1 Zimmer handelt?","SELECT property_name FROM Properties WHERE property_type_code  =  ""House"" UNION SELECT property_name FROM Properties WHERE property_type_code  =  ""Apartment"" AND room_count  >  1",False,False,False,"['Apartments', 'Room']",cross-encoder
Wie hoch ist die Gesamtzahl der Sängerinnen und Sänger?,SELECT count(*) FROM singer,True,False,False,['singer'],cross-encoder
"Zeigen Sie Name, Land, Alter für alle Sängerinnen und Sänger, geordnet nach Alter vom ältesten bis zum jüngsten.","SELECT name ,  country ,  age FROM singer ORDER BY age DESC",False,False,False,"['country', 'countries', 'singer']",cross-encoder
"Wie lauten die Namen, Länder und das Alter aller Sängerinnen und Sänger in absteigender Reihenfolge des Alters?","SELECT name ,  country ,  age FROM singer ORDER BY age DESC",False,False,False,"['country', 'countries', 'singer']",cross-encoder
"Was ist das Durchschnitts-, Mindest- und Höchstalter aller Sängerinnen und Sänger aus Frankreich?","SELECT avg(age) ,  min(age) ,  max(age) FROM singer WHERE country  =  'France'",True,False,False,['singer'],cross-encoder
"Was ist das Durchschnitts-, Mindest- und Höchstalter für alle französischen Sängerinnen und Sänger?","SELECT avg(age) ,  min(age) ,  max(age) FROM singer WHERE country  =  'France'",True,False,False,['singer'],cross-encoder
Zeigen Sie den Namen und das Erscheinungsjahr des Liedes der jüngsten Sängerin oder des jüngsten Sängers an.,"SELECT song_name ,  song_release_year FROM singer ORDER BY age LIMIT 1",True,False,False,['singer'],cross-encoder
Wie lauten die Namen und Erscheinungsjahre aller Lieder der jüngsten Sängerin oder des jüngsten Sängers?,"SELECT song_name ,  song_release_year FROM singer ORDER BY age LIMIT 1",False,False,False,"['song', 'Songs', 'singer']",cross-encoder
Aus welchen verschiedenen Ländern kommen die Sängerinnen und Sänger über 20 Jahren?,SELECT DISTINCT country FROM singer WHERE age  >  20,False,False,False,"['country', 'countries', 'singer']",cross-encoder
Was sind die verschiedenen Länder mit Sängerinnen und Sängern über 20 Jahren?,SELECT DISTINCT country FROM singer WHERE age  >  20,False,False,False,"['country', 'countries', 'singer']",cross-encoder
Zeigen Sie alle Länder und die Anzahl der Sängerinnen und Sänger in jedem Land an.,"SELECT country ,  count(*) FROM singer GROUP BY country",False,False,False,"['country', 'countries', 'singer', 'country', 'countries']",cross-encoder
Wie viele Sängerinnen und Sänger kommen aus jedem Land?,"SELECT country ,  count(*) FROM singer GROUP BY country",False,False,False,"['singer', 'country', 'countries']",cross-encoder
Liste der Namen aller Lieder von Sängerinnen und Sängern über dem Durchschnittsalter.,SELECT song_name FROM singer WHERE age  >  (SELECT avg(age) FROM singer),False,False,False,"['list', 'song', 'Songs', 'singer']",cross-encoder
"Wie lauten die Namen aller Lieder von Sängerinnen und Sängern, die älter als der Durchschnitt sind?",SELECT song_name FROM singer WHERE age  >  (SELECT avg(age) FROM singer),False,False,False,"['song', 'Songs', 'singer']",cross-encoder
Zeigen Sie Standort und Namen aller Stadien mit einer Kapazität zwischen 5000 und 10000 an.,"SELECT LOCATION ,  name FROM stadium WHERE capacity BETWEEN 5000 AND 10000",False,False,False,"['Locations', 'LOCATION']",cross-encoder
Wie lauten die Standorte und Namen aller Stationen mit einer Kapazität zwischen 5000 und 10000?,"SELECT LOCATION ,  name FROM stadium WHERE capacity BETWEEN 5000 AND 10000",False,False,False,"['Locations', 'LOCATION']",cross-encoder
Wie hoch ist die Gesamtzahl der Sängerinnen und Sänger?,SELECT count(*) FROM singer,True,False,False,['singer'],cross-encoder
"Zeigen Sie Name, Land, Alter für alle Sängerinnen und Sänger, geordnet nach Alter vom ältesten bis zum jüngsten.","SELECT name ,  country ,  age FROM singer ORDER BY age DESC",True,False,False,"['country', 'countries', 'singer']",cross-encoder
"Wie lauten die Namen, Länder und das Alter aller Sängerinnen und Sänger in absteigender Reihenfolge des Alters?","SELECT name ,  country ,  age FROM singer ORDER BY age DESC",True,False,False,"['country', 'countries', 'singer']",cross-encoder
"Was ist das Durchschnitts-, Mindest- und Höchstalter aller Sängerinnen und Sänger aus Frankreich?","SELECT avg(age) ,  min(age) ,  max(age) FROM singer WHERE country  =  'France'",True,False,False,['singer'],cross-encoder
"Was ist das Durchschnitts-, Mindest- und Höchstalter für alle französischen Sängerinnen und Sänger?","SELECT avg(age) ,  min(age) ,  max(age) FROM singer WHERE country  =  'France'",True,False,False,['singer'],cross-encoder
Zeigen Sie den Namen und das Erscheinungsjahr des Liedes der jüngsten Sängerin oder des jüngsten Sängers an.,"SELECT song_name ,  song_release_year FROM singer ORDER BY age LIMIT 1",True,False,False,['singer'],cross-encoder
Wie lauten die Namen und Erscheinungsjahre aller Lieder der jüngsten Sängerin oder des jüngsten Sängers?,"SELECT song_name ,  song_release_year FROM singer ORDER BY age LIMIT 1",True,False,False,"['song', 'Songs', 'singer']",cross-encoder
Aus welchen verschiedenen Ländern kommen die Sängerinnen und Sänger über 20 Jahren?,SELECT DISTINCT country FROM singer WHERE age  >  20,True,False,False,"['country', 'countries', 'singer']",cross-encoder
Was sind die verschiedenen Länder mit Sängerinnen und Sängern über 20 Jahren?,SELECT DISTINCT country FROM singer WHERE age  >  20,True,False,False,"['country', 'countries', 'singer']",cross-encoder
Zeigen Sie alle Länder und die Anzahl der Sängerinnen und Sänger in jedem Land an.,"SELECT country ,  count(*) FROM singer GROUP BY country",True,False,False,"['country', 'countries', 'singer', 'country', 'countries']",cross-encoder
Wie viele Sängerinnen und Sänger kommen aus jedem Land?,"SELECT country ,  count(*) FROM singer GROUP BY country",True,False,False,"['singer', 'country', 'countries']",cross-encoder
Liste der Namen aller Lieder von Sängerinnen und Sängern über dem Durchschnittsalter.,SELECT song_name FROM singer WHERE age  >  (SELECT avg(age) FROM singer),True,False,False,"['list', 'song', 'Songs', 'singer']",cross-encoder
"Wie lauten die Namen aller Lieder von Sängerinnen und Sängern, die älter als der Durchschnitt sind?",SELECT song_name FROM singer WHERE age  >  (SELECT avg(age) FROM singer),True,False,False,"['song', 'Songs', 'singer']",cross-encoder
Zeigen Sie Standort und Namen aller Stadien mit einer Kapazität zwischen 5000 und 10000 an.,"SELECT LOCATION ,  name FROM stadium WHERE capacity BETWEEN 5000 AND 10000",True,False,False,"['Locations', 'LOCATION']",cross-encoder
Wie lauten die Standorte und Namen aller Stationen mit einer Kapazität zwischen 5000 und 10000?,"SELECT LOCATION ,  name FROM stadium WHERE capacity BETWEEN 5000 AND 10000",True,False,False,"['Locations', 'LOCATION']",cross-encoder
Wie lautet der Name und die Kapazität des Stadions mit der höchsten durchschnittlichen Besucherzahl?,"SELECT name ,  capacity FROM stadium ORDER BY average DESC LIMIT 1",True,False,False,['stadium'],cross-encoder
Wie lautet der Name und die Kapazität des Stadions mit der höchsten durchschnittlichen Besucherzahl?,"SELECT name ,  capacity FROM stadium ORDER BY average DESC LIMIT 1",True,False,False,['stadium'],cross-encoder
Wie viele Konzerte gibt es im Jahr 2014 oder 2015?,SELECT count(*) FROM concert WHERE YEAR  =  2014 OR YEAR  =  2015,True,False,False,['concert'],cross-encoder
Wie viele Konzerte aufgetreten 2014 oder 2015?,SELECT count(*) FROM concert WHERE YEAR  =  2014 OR YEAR  =  2015,True,False,False,['concert'],cross-encoder
Zeigen Sie den Stadionnamen und die Anzahl der Konzerte in jedem Stadion an.,"SELECT T2.name ,  count(*) FROM concert AS T1 JOIN stadium AS T2 ON T1.stadium_id  =  T2.stadium_id GROUP BY T1.stadium_id",True,False,False,"['concert', 'stadium']",cross-encoder
Wie viele Konzerte gibt es für jedes Stadion?,"SELECT T2.name ,  count(*) FROM concert AS T1 JOIN stadium AS T2 ON T1.stadium_id  =  T2.stadium_id GROUP BY T1.stadium_id",True,False,False,"['concert', 'stadium']",cross-encoder
Zeigen Sie den Namen und die Kapazität des Stadions mit den meisten Konzerten im Jahr 2014 oder danach.,"SELECT T2.name ,  T2.capacity FROM concert AS T1 JOIN stadium AS T2 ON T1.stadium_id  =  T2.stadium_id WHERE T1.year  >=  2014 GROUP BY T2.stadium_id ORDER BY count(*) DESC LIMIT 1",True,False,False,"['stadium', 'concert']",cross-encoder
Wie heißt das Stadion mit den meisten Konzerten nach 2013?,"select t2.name ,  t2.capacity from concert as t1 join stadium as t2 on t1.stadium_id  =  t2.stadium_id where t1.year  >  2013 group by t2.stadium_id order by count(*) desc limit 1",True,False,False,"['stadium', 'concert']",cross-encoder
In welchem Jahr gibt es die meisten Konzerte?,SELECT YEAR FROM concert GROUP BY YEAR ORDER BY count(*) DESC LIMIT 1,True,False,False,['concert'],cross-encoder
"Was ist das Jahr, das die meisten Konzerte hat?",SELECT YEAR FROM concert GROUP BY YEAR ORDER BY count(*) DESC LIMIT 1,True,False,False,['concert'],cross-encoder
Zeigen die Stadionnamen ohne Konzert.,SELECT name FROM stadium WHERE stadium_id NOT IN (SELECT stadium_id FROM concert),True,False,False,['concert'],cross-encoder
Wie heißen die Stadien ohne Konzerte?,SELECT name FROM stadium WHERE stadium_id NOT IN (SELECT stadium_id FROM concert),True,False,False,['concert'],cross-encoder
"Zeigen Sie Länder, aus denen eine Sängerin oder ein Sänger über 40 und eine Sängerin oder ein Sänger unter 30 stammen.",SELECT country FROM singer WHERE age  >  40 INTERSECT SELECT country FROM singer WHERE age  <  30,True,False,False,"['country', 'countries', 'singer', 'singer']",cross-encoder
"Zeige Namen für alle Stadien mit Ausnahme von Stadien, die im Jahr 2014 ein Konzert haben.",SELECT name FROM stadium EXCEPT SELECT T2.name FROM concert AS T1 JOIN stadium AS T2 ON T1.stadium_id  =  T2.stadium_id WHERE T1.year  =  2014,True,False,False,['concert'],cross-encoder
"Wie heißen alle Stadien, die 2014 kein Konzert hatten?",SELECT name FROM stadium EXCEPT SELECT T2.name FROM concert AS T1 JOIN stadium AS T2 ON T1.stadium_id  =  T2.stadium_id WHERE T1.year  =  2014,True,False,False,['concert'],cross-encoder
Zeigen Sie den Namen und das Thema aller Konzerte sowie die Anzahl der Sängerinnen und Sänger in jedem Konzert an.,"SELECT T2.concert_name ,  T2.theme ,  count(*) FROM singer_in_concert AS T1 JOIN concert AS T2 ON T1.concert_id  =  T2.concert_id GROUP BY T2.concert_id",True,False,False,"['concert', 'singer', 'concert']",cross-encoder
"Wie lauten die Namen, Themen und die Anzahl der Sängerinnen und Sänger für jedes Konzert?","select t2.concert_name ,  t2.theme ,  count(*) from singer_in_concert as t1 join concert as t2 on t1.concert_id  =  t2.concert_id group by t2.concert_id",True,False,False,"['singer', 'concert']",cross-encoder
Listen Sie die Namen von Sängerinnen und Sängern und die Anzahl der Konzerte für jede Sängerin und jeden Sänger auf.,"SELECT T2.name ,  count(*) FROM singer_in_concert AS T1 JOIN singer AS T2 ON T1.singer_id  =  T2.singer_id GROUP BY T2.singer_id",True,False,False,"['list', 'singer', 'concert', 'singer']",cross-encoder
Wie lauten die Namen der Sängerin/des Sängers und die Anzahl der Konzerte für jede Person?,"SELECT T2.name ,  count(*) FROM singer_in_concert AS T1 JOIN singer AS T2 ON T1.singer_id  =  T2.singer_id GROUP BY T2.singer_id",True,False,False,"['singer', 'concert', 'people', 'people']",cross-encoder
Listen Sie alle Sängernamen in Konzerten im Jahr 2014 auf.,SELECT T2.name FROM singer_in_concert AS T1 JOIN singer AS T2 ON T1.singer_id  =  T2.singer_id JOIN concert AS T3 ON T1.concert_id  =  T3.concert_id WHERE T3.year  =  2014,True,False,False,"['list', 'concert']",cross-encoder
"Wie lauten die Namen der Sängerinnen und Sänger, die 2014 in einem Konzert aufgetreten sind?",SELECT T2.name FROM singer_in_concert AS T1 JOIN singer AS T2 ON T1.singer_id  =  T2.singer_id JOIN concert AS T3 ON T1.concert_id  =  T3.concert_id WHERE T3.year  =  2014,True,False,False,"['singer', 'concert']",cross-encoder
"Wie lautet der Name und die Nation des Sängers, der ein Lied mit ""Hey"" im Namen hat?","SELECT name ,  country FROM singer WHERE song_name LIKE '%Hey%'",True,False,False,"['singer', 'song', 'Songs']",cross-encoder
"Wie lautet der Name und die Nation des/der Sänger/in, der/die ein Lied mit ""Hey"" im Namen hat?","SELECT name ,  country FROM singer WHERE song_name LIKE '%Hey%'",True,False,False,"['singer', 'song', 'Songs']",cross-encoder
"Finden Sie die Namen und die Standorte der Stadien, in denen einige Konzerte in den Jahren 2014 und 2015 stattfanden.","SELECT T2.name ,  T2.location FROM concert AS T1 JOIN stadium AS T2 ON T1.stadium_id  =  T2.stadium_id WHERE T1.Year  =  2014 INTERSECT SELECT T2.name ,  T2.location FROM concert AS T1 JOIN stadium AS T2 ON T1.stadium_id  =  T2.stadium_id WHERE T1.Year  =  2015",True,False,False,"['Locations', 'LOCATION', 'concert']",cross-encoder
"Wie lauten die Namen und Standorte der Stadien, in denen sowohl 2014 als auch 2015 Konzerte stattfanden?","SELECT T2.name ,  T2.location FROM concert AS T1 JOIN stadium AS T2 ON T1.stadium_id  =  T2.stadium_id WHERE T1.Year  =  2014 INTERSECT SELECT T2.name ,  T2.location FROM concert AS T1 JOIN stadium AS T2 ON T1.stadium_id  =  T2.stadium_id WHERE T1.Year  =  2015",True,False,False,"['Locations', 'LOCATION', 'concert']",cross-encoder
"Finden Sie die Anzahl der Konzerte, die in dem Stadion mit der höchsten Kapazität stattfanden.",select count(*) from concert where stadium_id = (select stadium_id from stadium order by capacity desc limit 1),True,False,False,"['concert', 'stadium']",cross-encoder
Wie viele Konzerte fanden in dem Stadion mit der größten Kapazität statt ?,select count(*) from concert where stadium_id = (select stadium_id from stadium order by capacity desc limit 1),True,False,False,"['concert', 'stadium']",cross-encoder
"Ermitteln Sie die Anzahl der Haustiere, deren Gewicht schwerer als 10 ist.",SELECT count(*) FROM pets WHERE weight  >  10,True,False,False,['Pets'],cross-encoder
Wie viele Haustiere haben ein größeres Gewicht als 10?,SELECT count(*) FROM pets WHERE weight  >  10,True,False,False,"['Pets', 'Sizes']",cross-encoder
Finden Sie das Höchstgewicht für jede Art von Haustier. Listen Sie das Höchstgewicht und den Haustiertyp auf.,"SELECT max(weight) ,  petType FROM pets GROUP BY petType",False,False,False,"['Has_Pet', 'list']",cross-encoder
Führen Sie das Höchstgewicht und den Typ für jede Art von Haustier auf.,"SELECT max(weight) ,  petType FROM pets GROUP BY petType",False,False,False,['Has_Pet'],cross-encoder
"Finden Sie die Anzahl der Haustiere von Studenten, die älter als 20 Jahre sind.",SELECT count(*) FROM student AS T1 JOIN has_pet AS T2 ON T1.stuid  =  T2.stuid WHERE T1.age  >  20,True,False,False,"['Pets', 'Student', 'Students']",cross-encoder
"Wie viele Haustiere besitzen Studenten, die älter als 20 Jahre sind?",SELECT count(*) FROM student AS T1 JOIN has_pet AS T2 ON T1.stuid  =  T2.stuid WHERE T1.age  >  20,True,False,False,"['Pets', 'Student', 'Students']",cross-encoder
Ermitteln Sie die Anzahl der verschiedenen Arten von Haustieren.,SELECT count(DISTINCT pettype) FROM pets,False,False,False,['Has_Pet'],cross-encoder
Wie viele verschiedene Arten von Haustieren gibt es?,SELECT count(DISTINCT pettype) FROM pets,False,False,False,['Has_Pet'],cross-encoder
"Finden Sie den Vornamen der Studierenden, die eine Katze oder einen Hund als Haustier haben.",SELECT DISTINCT T1.Fname FROM student AS T1 JOIN has_pet AS T2 ON T1.stuid  =  T2.stuid JOIN pets AS T3 ON T3.petid  =  T2.petid WHERE T3.pettype  =  'cat' OR T3.pettype  =  'dog',True,False,False,['Has_Pet'],cross-encoder
"Wie lauten die Vornamen aller Studierenden, die eine Katze oder einen Hund als Haustier haben?",SELECT DISTINCT T1.Fname FROM student AS T1 JOIN has_pet AS T2 ON T1.stuid  =  T2.stuid JOIN pets AS T3 ON T3.petid  =  T2.petid WHERE T3.pettype  =  'cat' OR T3.pettype  =  'dog',True,False,False,['Has_Pet'],cross-encoder
"Finden Sie den Vornamen von Studierenden, die sowohl Katzen als auch Hunde als Haustiere haben.",select t1.fname from student as t1 join has_pet as t2 on t1.stuid  =  t2.stuid join pets as t3 on t3.petid  =  t2.petid where t3.pettype  =  'cat' intersect select t1.fname from student as t1 join has_pet as t2 on t1.stuid  =  t2.stuid join pets as t3 on t3.petid  =  t2.petid where t3.pettype  =  'dog',True,False,False,"['Dogs', 'Pets']",cross-encoder
"Wie lauten die Vornamen der Studierenden, die sowohl Katzen als auch Hunde als Haustiere haben?",SELECT T1.Fname FROM student AS T1 JOIN has_pet AS T2 ON T1.stuid  =  T2.stuid JOIN pets AS T3 ON T3.petid  =  T2.petid WHERE T3.pettype  =  'cat' INTERSECT SELECT T1.Fname FROM student AS T1 JOIN has_pet AS T2 ON T1.stuid  =  T2.stuid JOIN pets AS T3 ON T3.petid  =  T2.petid WHERE T3.pettype  =  'dog',True,False,False,"['Dogs', 'Pets']",cross-encoder
"Finden Sie die Hauptfächer und das Alter der Studierenden, die keine Katze als Haustier haben.","SELECT major ,  age FROM student WHERE stuid NOT IN (SELECT T1.stuid FROM student AS T1 JOIN has_pet AS T2 ON T1.stuid  =  T2.stuid JOIN pets AS T3 ON T3.petid  =  T2.petid WHERE T3.pettype  =  'cat')",True,False,False,['Has_Pet'],cross-encoder
"Welches Hauptfach hat jeder Studierende, die keine Katze als Haustier besitzt, und wie alt sind sie?","SELECT major ,  age FROM student WHERE stuid NOT IN (SELECT T1.stuid FROM student AS T1 JOIN has_pet AS T2 ON T1.stuid  =  T2.stuid JOIN pets AS T3 ON T3.petid  =  T2.petid WHERE T3.pettype  =  'cat')",True,False,False,['Has_Pet'],cross-encoder
"Finden Sie die ID von Studierenden, die keine Katze als Haustier haben.",SELECT stuid FROM student EXCEPT SELECT T1.stuid FROM student AS T1 JOIN has_pet AS T2 ON T1.stuid  =  T2.stuid JOIN pets AS T3 ON T3.petid  =  T2.petid WHERE T3.pettype  =  'cat',True,False,False,['Has_Pet'],cross-encoder
"Was sind die IDs der Studierenden, die keine Katzen als Haustiere besitzen?",SELECT stuid FROM student EXCEPT SELECT T1.stuid FROM student AS T1 JOIN has_pet AS T2 ON T1.stuid  =  T2.stuid JOIN pets AS T3 ON T3.petid  =  T2.petid WHERE T3.pettype  =  'cat',True,False,False,['Pets'],cross-encoder
"Finden Sie den Vornamen und das Alter von Studierenden, die einen Hund, aber keine Katze als Haustier haben.","SELECT T1.fname ,  T1.age FROM student AS T1 JOIN has_pet AS T2 ON T1.stuid  =  T2.stuid JOIN pets AS T3 ON T3.petid  =  T2.petid WHERE T3.pettype  =  'dog' AND T1.stuid NOT IN (SELECT T1.stuid FROM student AS T1 JOIN has_pet AS T2 ON T1.stuid  =  T2.stuid JOIN pets AS T3 ON T3.petid  =  T2.petid WHERE T3.pettype  =  'cat')",True,False,False,['Has_Pet'],cross-encoder
Finden Sie den Typ und das Gewicht des jüngsten Haustieres.,"SELECT pettype ,  weight FROM pets ORDER BY pet_age LIMIT 1",True,False,False,['Pets'],cross-encoder
"Welche Art von Haustier ist das jüngste Tier, und wie viel wiegt es?","SELECT pettype ,  weight FROM pets ORDER BY pet_age LIMIT 1",False,False,False,['Has_Pet'],cross-encoder
"Ermitteln Sie die ID und das Gewicht aller Haustiere, die älter als 1 Jahr sind.","SELECT petid ,  weight FROM pets WHERE pet_age  >  1",True,False,False,['Pets'],cross-encoder
"Was ist die ID und das Gewicht jedes Haustieres, das älter als 1 Jahr ist?","SELECT petid ,  weight FROM pets WHERE pet_age  >  1",True,False,False,['Pets'],cross-encoder
Finden Sie das Durchschnitts- und Höchstalter für jede Art von Haustier.,"SELECT avg(pet_age) ,  max(pet_age) ,  pettype FROM pets GROUP BY pettype",False,False,False,['Has_Pet'],cross-encoder
Was ist das Durchschnitts- und Höchstalter für jede Art von Haustier?,"SELECT avg(pet_age) ,  max(pet_age) ,  pettype FROM pets GROUP BY pettype",False,False,False,['Has_Pet'],cross-encoder
Ermitteln Sie das Durchschnittsgewicht für jede Haustierart.,"SELECT avg(weight) ,  pettype FROM pets GROUP BY pettype",False,False,False,['Has_Pet'],cross-encoder
Wie hoch ist das Durchschnittsgewicht für jede Art von Haustier?,"SELECT avg(weight) ,  pettype FROM pets GROUP BY pettype",False,False,False,['Has_Pet'],cross-encoder
"Finden Sie den Vornamen und das Alter von Studierenden, die ein Haustier haben.","SELECT DISTINCT T1.fname ,  T1.age FROM student AS T1 JOIN has_pet AS T2 ON T1.stuid  =  T2.stuid",True,False,False,['Has_Pet'],cross-encoder
"Wie lauten die verschiedenen Vornamen und das Alter der Studierenden, die Haustiere haben?","SELECT DISTINCT T1.fname ,  T1.age FROM student AS T1 JOIN has_pet AS T2 ON T1.stuid  =  T2.stuid",False,False,False,['Pets'],cross-encoder
"Finden Sie den Ausweis des Haustieres des Studierenden, dessen Nachname ""Smith"" lautet.",SELECT T2.petid FROM student AS T1 JOIN has_pet AS T2 ON T1.stuid  =  T2.stuid WHERE T1.Lname  =  'Smith',False,False,False,['Pets'],cross-encoder
"Was ist die ID des Haustiers, das der Student mit dem Nachnamen ""Smith"" besitzt?",SELECT T2.petid FROM student AS T1 JOIN has_pet AS T2 ON T1.stuid  =  T2.stuid WHERE T1.Lname  =  'Smith',True,False,False,"['Has_Pet', 'Student', 'Students']",cross-encoder
"Finden Sie die Anzahl der Haustiere für alle Studierenden, die ein Haustier und eine Student-ID haben.","SELECT count(*) ,  T1.stuid FROM student AS T1 JOIN has_pet AS T2 ON T1.stuid  =  T2.stuid GROUP BY T1.stuid",True,False,False,"['Pets', 'Has_Pet']",cross-encoder
"Für Studierende, die Haustiere haben , wie viele Haustiere hat jeder Studierende ? Geben Sie statt der Namen ihre IDs an.","select count(*) ,  t1.stuid from student as t1 join has_pet as t2 on t1.stuid  =  t2.stuid group by t1.stuid",False,False,False,"['Pets', 'Pets']",cross-encoder
"Finden Sie den Vornamen und das Geschlecht von Studierenden, die mehr als ein Haustier haben.","SELECT T1.fname ,  T1.sex FROM student AS T1 JOIN has_pet AS T2 ON T1.stuid  =  T2.stuid GROUP BY T1.stuid HAVING count(*)  >  1",True,False,False,['Has_Pet'],cross-encoder
"Wie lautet der Vorname und das Geschlecht aller Studierenden, die mehr als ein Haustier haben?","SELECT T1.fname ,  T1.sex FROM student AS T1 JOIN has_pet AS T2 ON T1.stuid  =  T2.stuid GROUP BY T1.stuid HAVING count(*)  >  1",True,False,False,['Has_Pet'],cross-encoder
"Ermitteln Sie das Durchschnittsalter von Studierenden, die kein Haustier haben.",select avg(age) from student where stuid not in (select stuid from has_pet),True,False,False,['Has_Pet'],cross-encoder
"Wie hoch ist das Durchschnittsalter für alle Studierenden, die keine Haustiere besitzen?",select avg(age) from student where stuid not in (select stuid from has_pet),False,False,False,['Pets'],cross-encoder
Wie viele Kontinente gibt es?,SELECT count(*) FROM CONTINENTS;,True,False,False,['continents'],cross-encoder
Wie viele Kontinente gibt es?,SELECT count(*) FROM CONTINENTS;,True,False,False,['continents'],cross-encoder
"Wie viele Länder gibt es auf jedem Kontinent? Geben Sie die Kontinent-ID, den Namen des Kontinents und die Anzahl der Länder an.","SELECT T1.ContId ,  T1.Continent ,  count(*) FROM CONTINENTS AS T1 JOIN COUNTRIES AS T2 ON T1.ContId  =  T2.Continent GROUP BY T1.ContId;",True,False,False,"['country', 'countries', 'continents', 'continents', 'country', 'countries']",cross-encoder
"Geben Sie für jeden Kontinent seine ID, seinen Namen und die Anzahl seiner Länder an.","SELECT T1.ContId ,  T1.Continent ,  count(*) FROM CONTINENTS AS T1 JOIN COUNTRIES AS T2 ON T1.ContId  =  T2.Continent GROUP BY T1.ContId;",True,False,False,"['continents', 'country', 'countries']",cross-encoder
Wie viele Länder sind aufgelistet?,SELECT count(*) FROM COUNTRIES;,True,False,False,"['country', 'countries']",cross-encoder
Wie viele Länder gibt es?,SELECT count(*) FROM COUNTRIES;,True,False,False,"['country', 'countries']",cross-encoder
"Wie viele Modelle stellt jeder Autohersteller her? Geben Sie den vollständigen Namen, die ID und die Nummer des Herstellers an.","SELECT T1.FullName ,  T1.Id ,  count(*) FROM CAR_MAKERS AS T1 JOIN MODEL_LIST AS T2 ON T1.Id  =  T2.Maker GROUP BY T1.Id;",True,False,False,"['car_makers', 'manufacturer']",cross-encoder
Wie lautet der vollständige Name jedes Autoherstellers mit seiner ID und wie viele Modelle produziert er?,"SELECT T1.FullName ,  T1.Id ,  count(*) FROM CAR_MAKERS AS T1 JOIN MODEL_LIST AS T2 ON T1.Id  =  T2.Maker GROUP BY T1.Id;",True,False,False,['car_makers'],cross-encoder
"Finden Sie die Namen der Autohersteller, die im Jahr 1970 einige Autos hergestellt haben?",SELECT DISTINCT T1.Maker FROM CAR_MAKERS AS T1 JOIN MODEL_LIST AS T2 ON T1.Id  =  T2.Maker JOIN CAR_NAMES AS T3 ON T2.model  =  T3.model JOIN CARS_DATA AS T4 ON T3.MakeId  =  T4.id WHERE T4.year  =  '1970';,True,False,False,"['car_makers', 'made_by']",cross-encoder
"Wie lauten die Namen der verschiedenen Autohersteller, die im Jahr 1970 ein Auto produziert haben?",SELECT DISTINCT T1.Maker FROM CAR_MAKERS AS T1 JOIN MODEL_LIST AS T2 ON T1.Id  =  T2.Maker JOIN CAR_NAMES AS T3 ON T2.model  =  T3.model JOIN CARS_DATA AS T4 ON T3.MakeId  =  T4.id WHERE T4.year  =  '1970';,True,False,False,['car_makers'],cross-encoder
"Welches ist der Autohersteller, das im frühesten Jahr produziert wurde, und welches Jahr war es?","SELECT T2.Make ,  T1.Year FROM CARS_DATA AS T1 JOIN CAR_NAMES AS T2 ON T1.Id  =  T2.MakeId WHERE T1.Year  =  (SELECT min(YEAR) FROM CARS_DATA);",False,False,False,['car_makers'],cross-encoder
Wie viele Autohersteller gibt es auf jedem Kontinent? Geben Sie den Namen des Kontinents und die Anzahl an.,"SELECT T1.Continent ,  count(*) FROM CONTINENTS AS T1 JOIN COUNTRIES AS T2 ON T1.ContId  =  T2.continent JOIN car_makers AS T3 ON T2.CountryId  =  T3.Country GROUP BY T1.Continent;",True,False,False,"['car_makers', 'continents', 'continents']",cross-encoder
Wie lauten die Namen der einzelnen Kontinente und wie viele Autohersteller gibt es auf jedem Kontinent?,"SELECT T1.Continent ,  count(*) FROM CONTINENTS AS T1 JOIN COUNTRIES AS T2 ON T1.ContId  =  T2.continent JOIN car_makers AS T3 ON T2.CountryId  =  T3.Country GROUP BY T1.Continent;",True,False,False,"['continents', 'car_makers', 'continents']",cross-encoder
In welchem der Länder gibt es die meisten Autohersteller? Führen Sie den Namen des Landes auf.,SELECT T2.CountryName FROM CAR_MAKERS AS T1 JOIN COUNTRIES AS T2 ON T1.Country  =  T2.CountryId GROUP BY T1.Country ORDER BY Count(*) DESC LIMIT 1;,True,False,False,"['country', 'countries', 'car_makers', 'country', 'countries']",cross-encoder
Wie lautet der Name des Landes mit den meisten Autoherstellern?,SELECT T2.CountryName FROM CAR_MAKERS AS T1 JOIN COUNTRIES AS T2 ON T1.Country  =  T2.CountryId GROUP BY T1.Country ORDER BY Count(*) DESC LIMIT 1;,True,False,False,"['country', 'countries', 'car_makers']",cross-encoder
Wie viele Automodelle werden von jedem Hersteller produziert? Geben Sie nur die Anzahl und den vollständigen Namen des Herstellers an.,"select count(*) ,  t2.fullname from model_list as t1 join car_makers as t2 on t1.maker  =  t2.id group by t2.id;",False,False,False,"['manufacturer', 'manufacturer']",cross-encoder
"Wie viele Automodelle werden von jedem Hersteller produziert, und wie lauten die ID und der vollständige Name jedes Herstellers?","SELECT Count(*) ,  T2.FullName ,  T2.id FROM MODEL_LIST AS T1 JOIN CAR_MAKERS AS T2 ON T1.Maker  =  T2.Id GROUP BY T2.id;",False,False,False,"['manufacturer', 'manufacturer']",cross-encoder
Wie viele Autohersteller gibt es in Frankreich?,SELECT count(*) FROM CAR_MAKERS AS T1 JOIN COUNTRIES AS T2 ON T1.Country  =  T2.CountryId WHERE T2.CountryName  =  'france';,True,False,False,['car_makers'],cross-encoder
Wie hoch ist die Zahl der Autohersteller in Frankreich?,SELECT count(*) FROM CAR_MAKERS AS T1 JOIN COUNTRIES AS T2 ON T1.Country  =  T2.CountryId WHERE T2.CountryName  =  'france';,True,False,False,['car_makers'],cross-encoder
Wie viele Automodelle werden in den USA hergestellt?,SELECT count(*) FROM MODEL_LIST AS T1 JOIN CAR_MAKERS AS T2 ON T1.Maker  =  T2.Id JOIN COUNTRIES AS T3 ON T2.Country  =  T3.CountryId WHERE T3.CountryName  =  'usa';,False,False,False,['made_by'],cross-encoder
Wie viele Automodelle werden in den Vereinigten Staaten hergestellt?,SELECT count(*) FROM MODEL_LIST AS T1 JOIN CAR_MAKERS AS T2 ON T1.Maker  =  T2.Id JOIN COUNTRIES AS T3 ON T2.Country  =  T3.CountryId WHERE T3.CountryName  =  'usa';,False,False,False,['made_by'],cross-encoder
Welches sind alle Hersteller und Modelle?,"SELECT Maker ,  Model FROM MODEL_LIST;",False,False,False,['manufacturer'],cross-encoder
Welches sind die Hersteller und Modelle?,"SELECT Maker ,  Model FROM MODEL_LIST;",False,False,False,['manufacturer'],cross-encoder
In welchen Ländern gibt es mindestens einen Autohersteller? Name und ID der Liste.,"SELECT T1.CountryName ,  T1.CountryId FROM COUNTRIES AS T1 JOIN CAR_MAKERS AS T2 ON T1.CountryId  =  T2.Country GROUP BY T1.CountryId HAVING count(*)  >=  1;",True,False,False,"['country', 'countries', 'car_makers', 'list']",cross-encoder
"Wie lauten die Namen und IDs aller Länder, in denen es mindestens einen Autohersteller gibt?","SELECT T1.CountryName ,  T1.CountryId FROM COUNTRIES AS T1 JOIN CAR_MAKERS AS T2 ON T1.CountryId  =  T2.Country GROUP BY T1.CountryId HAVING count(*)  >=  1;",True,False,False,"['country', 'countries', 'car_makers']",cross-encoder
Welche Länder in Europa haben mindestens 3 Autohersteller?,SELECT T1.CountryName FROM COUNTRIES AS T1 JOIN CONTINENTS AS T2 ON T1.Continent  =  T2.ContId JOIN CAR_MAKERS AS T3 ON T1.CountryId  =  T3.Country WHERE T2.Continent  =  'europe' GROUP BY T1.CountryName HAVING count(*)  >=  3;,True,False,False,"['country', 'countries', 'car_makers']",cross-encoder
Wie lauten die Namen aller europäischen Länder mit mindestens 3 Herstellern?,SELECT T1.CountryName FROM COUNTRIES AS T1 JOIN CONTINENTS AS T2 ON T1.Continent  =  T2.ContId JOIN CAR_MAKERS AS T3 ON T1.CountryId  =  T3.Country WHERE T2.Continent  =  'europe' GROUP BY T1.CountryName HAVING count(*)  >=  3;,True,False,False,"['country', 'countries']",cross-encoder
Wie viele Autos wurden 1980 hergestellt?,SELECT count(*) FROM CARS_DATA WHERE YEAR  =  1980;,False,False,False,['made_by'],cross-encoder
Wie viele Automodelle wurden vom Hersteller mit dem vollen Namen American Motor Company hergestellt?,SELECT count(*) FROM CAR_MAKERS AS T1 JOIN MODEL_LIST AS T2 ON T1.Id  =  T2.Maker WHERE T1.FullName  =  'American Motor Company';,False,False,False,"['manufacturer', 'made_by']",cross-encoder
Wie viele Automodelle hat der Autohersteller American Motor Company hergestellt?,SELECT count(*) FROM CAR_MAKERS AS T1 JOIN MODEL_LIST AS T2 ON T1.Id  =  T2.Maker WHERE T1.FullName  =  'American Motor Company';,True,False,False,"['car_makers', 'made_by']",cross-encoder
Welche Hersteller haben mehr als 3 Automodelle entworfen? Geben Sie den vollständigen Namen und die ID an.,"SELECT T1.FullName ,  T1.Id FROM CAR_MAKERS AS T1 JOIN MODEL_LIST AS T2 ON T1.Id  =  T2.Maker GROUP BY T1.Id HAVING count(*)  >  3;",False,False,False,['manufacturer'],cross-encoder
Wie lauten die Namen und IDs aller Hersteller mit mehr als 3 Modellen?,"SELECT T1.FullName ,  T1.Id FROM CAR_MAKERS AS T1 JOIN MODEL_LIST AS T2 ON T1.Id  =  T2.Maker GROUP BY T1.Id HAVING count(*)  >  3;",False,False,False,['manufacturer'],cross-encoder
Welche markanten Modelle werden von Herstellern mit dem vollen Namen General Motors oder mit einem Gewicht von mehr als 3500 hergestellt?,SELECT DISTINCT T2.Model FROM CAR_NAMES AS T1 JOIN MODEL_LIST AS T2 ON T1.Model  =  T2.Model JOIN CAR_MAKERS AS T3 ON T2.Maker  =  T3.Id JOIN CARS_DATA AS T4 ON T1.MakeId  =  T4.Id WHERE T3.FullName  =  'General Motors' OR T4.weight  >  3500;,False,False,False,['made_by'],cross-encoder
"Was sind die verschiedenen Modelle, die entweder vom Autohersteller General Motors hergestellt werden oder mehr als 3500 wiegen?",SELECT DISTINCT T2.Model FROM CAR_NAMES AS T1 JOIN MODEL_LIST AS T2 ON T1.Model  =  T2.Model JOIN CAR_MAKERS AS T3 ON T2.Maker  =  T3.Id JOIN CARS_DATA AS T4 ON T1.MakeId  =  T4.Id WHERE T3.FullName  =  'General Motors' OR T4.weight  >  3500;,True,False,False,"['car_makers', 'made_by']",cross-encoder
In welchen verschiedenen Jahren wurden Autos mit einem Gewicht von weniger als 4000 und Autos mit einem Gewicht von mehr als 3000 hergestellt?,select distinct year from cars_data where weight between 3000 and 4000;,False,False,False,['made_by'],cross-encoder
In wie vielen Ländern gibt es mehr als 2 Autohersteller?,select count(*) from countries as t1 join car_makers as t2 on t1.countryid  =  t2.country group by t1.countryid having count(*)  >  2,True,False,False,"['country', 'countries', 'car_makers']",cross-encoder
Wie hoch ist die Zahl der Länder mit mehr als 2 Autoherstellern ?,select count(*) from countries as t1 join car_makers as t2 on t1.countryid  =  t2.country group by t1.countryid having count(*)  >  2,True,False,False,"['country', 'countries', 'car_makers']",cross-encoder
Welches ist das maximale mpg der Autos mit 8 Zylindern oder die vor 1980 hergestellt wurden ?,select max(mpg) from cars_data where cylinders  =  8 or year  <  1980,False,False,False,['made_by'],cross-encoder
"Wie lauten die Namen der Länder, in denen es keinen einzigen Autohersteller gibt?",SELECT CountryName FROM countries EXCEPT SELECT T1.CountryName FROM countries AS T1 JOIN CAR_MAKERS AS T2 ON T1.countryId  =  T2.Country;,True,False,False,"['country', 'countries', 'car_makers']",cross-encoder
"Wie lauten die Namen der Länder, in denen es keine Autohersteller gibt?",SELECT CountryName FROM countries EXCEPT SELECT T1.CountryName FROM countries AS T1 JOIN CAR_MAKERS AS T2 ON T1.countryId  =  T2.Country;,True,False,False,"['country', 'countries', 'car_makers']",cross-encoder
"Welches sind die Autohersteller, die mindestens 2 Modelle und mehr als 3 Autohersteller produzieren? Führen Sie die ID und den Hersteller auf.","select t1.id ,  t1.maker from car_makers as t1 join model_list as t2 on t1.id  =  t2.maker group by t1.id having count(*)  >=  2 intersect select t1.id ,  t1.maker from car_makers as t1 join model_list as t2 on t1.id  =  t2.maker join car_names as t3 on t2.model  =  t3.model group by t1.id having count(*)  >  3;",True,False,False,"['car_makers', 'car_makers', 'manufacturer']",cross-encoder
"Welches sind die IDs und Hersteller aller Autohersteller, die mindestens 2 Modelle und mehr als 3 Autos herstellen?","SELECT T1.Id ,  T1.Maker FROM CAR_MAKERS AS T1 JOIN MODEL_LIST AS T2 ON T1.Id  =  T2.Maker GROUP BY T1.Id HAVING count(*)  >=  2 INTERSECT SELECT T1.Id ,  T1.Maker FROM CAR_MAKERS AS T1 JOIN MODEL_LIST AS T2 ON T1.Id  =  T2.Maker JOIN CAR_NAMES AS T3 ON T2.model  =  T3.model GROUP BY T1.Id HAVING count(*)  >  3;",True,False,False,"['manufacturer', 'car_makers', 'made_by']",cross-encoder
"Was sind die IDs und die Namen der Länder, die mehr als 3 Autohersteller haben oder das ""Fiat""-Modell produzieren?","SELECT T1.countryId ,  T1.CountryName FROM Countries AS T1 JOIN CAR_MAKERS AS T2 ON T1.CountryId  =  T2.Country GROUP BY T1.countryId HAVING count(*)  >  3 UNION SELECT T1.countryId ,  T1.CountryName FROM Countries AS T1 JOIN CAR_MAKERS AS T2 ON T1.CountryId  =  T2.Country JOIN MODEL_LIST AS T3 ON T2.Id  =  T3.Maker WHERE T3.Model  =  'fiat';",True,False,False,"['country', 'countries', 'car_makers']",cross-encoder
"Wie lauten die IDs und Namen aller Länder, die entweder mehr als 3 Autohersteller haben oder Fiat-Modelle herstellen?","select t1.countryid ,  t1.countryname from countries as t1 join car_makers as t2 on t1.countryid  =  t2.country group by t1.countryid having count(*)  >  3 union select t1.countryid ,  t1.countryname from countries as t1 join car_makers as t2 on t1.countryid  =  t2.country join model_list as t3 on t2.id  =  t3.maker where t3.model  =  'fiat';",True,False,False,"['country', 'countries', 'car_makers', 'made_by']",cross-encoder
"Zu welchem Land gehört die Fluggesellschaft ""JetBlue Airways""?","SELECT Country FROM AIRLINES WHERE Airline  =  ""JetBlue Airways""",True,False,False,"['country', 'countries', 'airlines']",cross-encoder
"Zu welchem Land gehört die Fluggesellschaft ""JetBlue Airways""?","SELECT Country FROM AIRLINES WHERE Airline  =  ""JetBlue Airways""",True,False,False,"['country', 'countries', 'airlines']",cross-encoder
"Wie lautet die Abkürzung der Fluggesellschaft ""JetBlue Airways""?","SELECT Abbreviation FROM AIRLINES WHERE Airline  =  ""JetBlue Airways""",True,False,False,['airlines'],cross-encoder
"Führen Sie alle Namen von Fluggesellschaften und ihre Abkürzungen in ""USA"" auf.","SELECT Airline ,  Abbreviation FROM AIRLINES WHERE Country  =  ""USA""",True,False,False,['airlines'],cross-encoder
Wie lauten die Namen und Abkürzungen der Fluggesellschaften in den USA?,"SELECT Airline ,  Abbreviation FROM AIRLINES WHERE Country  =  ""USA""",True,False,False,['airlines'],cross-encoder
Führen Sie den Flughafencode und -namen in der Stadt Anthony auf.,"SELECT AirportCode ,  AirportName FROM AIRPORTS WHERE city  =  ""Anthony""",True,False,False,['city'],cross-encoder
"Geben Sie den Flughafencode und den Namen des Flughafens an, der der Stadt Anthony entspricht.","SELECT AirportCode ,  AirportName FROM AIRPORTS WHERE city  =  ""Anthony""",True,False,False,"['airport', 'airports', 'city']",cross-encoder
Wie viele Fluggesellschaften haben wir?,SELECT count(*) FROM AIRLINES,True,False,False,['airlines'],cross-encoder
Wie hoch ist die Gesamtzahl der Fluggesellschaften?,SELECT count(*) FROM AIRLINES,True,False,False,['airlines'],cross-encoder
Wie viele Flughäfen haben wir?,SELECT count(*) FROM AIRPORTS,True,False,False,"['airport', 'airports']",cross-encoder
Geben Sie die Anzahl der Flughäfen zurück.,SELECT count(*) FROM AIRPORTS,True,False,False,"['airport', 'airports']",cross-encoder
Wie viele Flüge haben wir?,SELECT count(*) FROM FLIGHTS,True,False,False,"['flight', 'flights']",cross-encoder
Geben Sie die Anzahl der Flüge zurück.,SELECT count(*) FROM FLIGHTS,True,False,False,"['flight', 'flights']",cross-encoder
Welche Fluggesellschaft hat die Abkürzung 'UAL'?,"SELECT Airline FROM AIRLINES WHERE Abbreviation  =  ""UAL""",True,False,False,['airlines'],cross-encoder
Geben Sie die Fluggesellschaft mit der Abkürzung 'UAL' an.,"SELECT Airline FROM AIRLINES WHERE Abbreviation  =  ""UAL""",True,False,False,['airlines'],cross-encoder
Wie viele Fluggesellschaften kommen aus den USA?,"SELECT count(*) FROM AIRLINES WHERE Country  =  ""USA""",True,False,False,['airlines'],cross-encoder
Geben Sie die Anzahl der Fluggesellschaften in den USA zurück.,"SELECT count(*) FROM AIRLINES WHERE Country  =  ""USA""",True,False,False,['airlines'],cross-encoder
In welcher Stadt und in welchem Land befindet sich der Flughafen Alton?,"SELECT City ,  Country FROM AIRPORTS WHERE AirportName  =  ""Alton""",True,False,False,"['city', 'country', 'countries', 'airport', 'airports']",cross-encoder
Geben Sie die Stadt und das Land für den Flughafen Alton an.,"SELECT City ,  Country FROM AIRPORTS WHERE AirportName  =  ""Alton""",True,False,False,"['city', 'country', 'countries', 'airport', 'airports']",cross-encoder
Wie lautet der Flughafenname für den Flughafen 'AKO'?,"SELECT AirportName FROM AIRPORTS WHERE AirportCode  =  ""AKO""",True,False,False,"['airport', 'airports']",cross-encoder
Geben Sie den Namen des Flughafens mit dem Code 'AKO' zurück.,"SELECT AirportName FROM AIRPORTS WHERE AirportCode  =  ""AKO""",True,False,False,"['airport', 'airports']",cross-encoder
Wie lauten die Flughafennamen bei der Stadt 'Aberdeen'?,"SELECT AirportName FROM AIRPORTS WHERE City = ""Aberdeen""",True,False,False,['city'],cross-encoder
Wie lauten die Namen der Flughäfen in Aberdeen?,"SELECT AirportName FROM AIRPORTS WHERE City = ""Aberdeen""",True,False,False,"['airport', 'airports']",cross-encoder
Wie viele Flüge starten von 'APG'?,"SELECT count(*) FROM FLIGHTS WHERE SourceAirport  =  ""APG""",True,False,False,"['flight', 'flights']",cross-encoder
"Zählen Sie die Anzahl der Flüge, die von 'APG' abfliegen.","SELECT count(*) FROM FLIGHTS WHERE SourceAirport  =  ""APG""",True,False,False,"['flight', 'flights']",cross-encoder
Wie viele Flüge haben Zielflughafen ATO?,"SELECT count(*) FROM FLIGHTS WHERE DestAirport  =  ""ATO""",True,False,False,"['flight', 'flights']",cross-encoder
Zählen Sie die Anzahl der Flüge nach 'ATO'.,"SELECT count(*) FROM FLIGHTS WHERE DestAirport  =  ""ATO""",True,False,False,"['flight', 'flights']",cross-encoder
Wieviele Flüge starten von der Stadt Aberdeen?,"SELECT count(*) FROM FLIGHTS AS T1 JOIN AIRPORTS AS T2 ON T1.SourceAirport  =  T2.AirportCode WHERE T2.City  =  ""Aberdeen""",True,False,False,"['flight', 'flights', 'city']",cross-encoder
"Geben Sie die Anzahl der Flüge zurück, die von Aberdeen abgeflogen sind.","SELECT count(*) FROM FLIGHTS AS T1 JOIN AIRPORTS AS T2 ON T1.SourceAirport  =  T2.AirportCode WHERE T2.City  =  ""Aberdeen""",True,False,False,"['flight', 'flights']",cross-encoder
Wie viele Flüge kommen in der Stadt Aberdeen an?,"SELECT count(*) FROM FLIGHTS AS T1 JOIN AIRPORTS AS T2 ON T1.DestAirport  =  T2.AirportCode WHERE T2.City  =  ""Aberdeen""",True,False,False,"['flight', 'flights', 'city']",cross-encoder
"Geben Sie die Anzahl der Flüge zurück, die in Aberdeen ankommen.","SELECT count(*) FROM FLIGHTS AS T1 JOIN AIRPORTS AS T2 ON T1.DestAirport  =  T2.AirportCode WHERE T2.City  =  ""Aberdeen""",True,False,False,"['flight', 'flights']",cross-encoder
Wie viele Flüge gehen von der Stadt 'Aberdeen' ab und haben das Ziel Stadt 'Ashley'?,"SELECT count(*) FROM FLIGHTS AS T1 JOIN AIRPORTS AS T2 ON T1.DestAirport  =  T2.AirportCode JOIN AIRPORTS AS T3 ON T1.SourceAirport  =  T3.AirportCode WHERE T2.City  =  ""Ashley"" AND T3.City  =  ""Aberdeen""",True,False,False,"['flight', 'flights', 'city', 'city']",cross-encoder
Wie viele Flüge fliegen von Aberdeen nach Ashley?,"SELECT count(*) FROM FLIGHTS AS T1 JOIN AIRPORTS AS T2 ON T1.DestAirport  =  T2.AirportCode JOIN AIRPORTS AS T3 ON T1.SourceAirport  =  T3.AirportCode WHERE T2.City  =  ""Ashley"" AND T3.City  =  ""Aberdeen""",True,False,False,"['flight', 'flights']",cross-encoder
Wie viele Flüge hat die Fluggesellschaft 'JetBlue Airways'?,"SELECT count(*) FROM FLIGHTS AS T1 JOIN AIRLINES AS T2 ON T1.Airline  =  T2.uid WHERE T2.Airline = ""JetBlue Airways""",True,False,False,"['flight', 'flights', 'airlines']",cross-encoder
Geben Sie die Anzahl der Flüge der Fluggesellschaft 'JetBlue Airways' an.,"SELECT count(*) FROM FLIGHTS AS T1 JOIN AIRLINES AS T2 ON T1.Airline  =  T2.uid WHERE T2.Airline = ""JetBlue Airways""",True,False,False,"['flight', 'flights', 'airlines']",cross-encoder
Wie viele Flüge der Fluggesellschaft 'United Airlines' gehen zum Flughafen 'ASY'?,"SELECT count(*) FROM AIRLINES AS T1 JOIN FLIGHTS AS T2 ON T2.Airline  =  T1.uid WHERE T1.Airline  =  ""United Airlines"" AND T2.DestAirport  =  ""ASY""",True,False,False,"['flight', 'flights', 'airlines', 'airlines', 'airport', 'airports']",cross-encoder
"Zählen Sie die Anzahl der Flüge von United Airlines, die am Flughafen 'ASY' ankommen.","SELECT count(*) FROM AIRLINES AS T1 JOIN FLIGHTS AS T2 ON T2.Airline  =  T1.uid WHERE T1.Airline  =  ""United Airlines"" AND T2.DestAirport  =  ""ASY""",True,False,False,"['flight', 'flights', 'airlines', 'airport', 'airports']",cross-encoder
Wie viele 'United Airlines'-Flüge gehen vom Flughafen 'AHD' ab?,"SELECT count(*) FROM AIRLINES AS T1 JOIN FLIGHTS AS T2 ON T2.Airline  =  T1.uid WHERE T1.Airline  =  ""United Airlines"" AND T2.SourceAirport  =  ""AHD""",True,False,False,"['airport', 'airports']",cross-encoder
"Geben Sie die Anzahl der United Airlines-Flüge zurück, die vom Flughafen 'AHD' abfliegen.","SELECT count(*) FROM AIRLINES AS T1 JOIN FLIGHTS AS T2 ON T2.Airline  =  T1.uid WHERE T1.Airline  =  ""United Airlines"" AND T2.SourceAirport  =  ""AHD""",True,False,False,"['airport', 'airports']",cross-encoder
Wie viele United Airlines-Flüge gehen in die Stadt 'Aberdeen'?,"SELECT count(*) FROM FLIGHTS AS T1 JOIN AIRPORTS AS T2 ON T1.DestAirport  =  T2.AirportCode JOIN AIRLINES AS T3 ON T3.uid  =  T1.Airline WHERE T2.City  =  ""Aberdeen"" AND T3.Airline  =  ""United Airlines""",True,False,False,['city'],cross-encoder
Welche Stadt hat die meisten ankommenden Flüge?,SELECT T1.City FROM AIRPORTS AS T1 JOIN FLIGHTS AS T2 ON T1.AirportCode  =  T2.DestAirport GROUP BY T1.City ORDER BY count(*) DESC LIMIT 1,True,False,False,"['city', 'flight', 'flights']",cross-encoder
Welche Stadt hat den häufigsten Zielflughafen?,SELECT T1.City FROM AIRPORTS AS T1 JOIN FLIGHTS AS T2 ON T1.AirportCode  =  T2.DestAirport GROUP BY T1.City ORDER BY count(*) DESC LIMIT 1,True,False,False,['city'],cross-encoder
Welche Stadt hat die meisten abfliegenden Flüge?,SELECT T1.City FROM AIRPORTS AS T1 JOIN FLIGHTS AS T2 ON T1.AirportCode  =  T2.SourceAirport GROUP BY T1.City ORDER BY count(*) DESC LIMIT 1,True,False,False,"['city', 'flight', 'flights']",cross-encoder
Welche Stadt ist der häufigste Ausgangsflughafen?,SELECT T1.City FROM AIRPORTS AS T1 JOIN FLIGHTS AS T2 ON T1.AirportCode  =  T2.SourceAirport GROUP BY T1.City ORDER BY count(*) DESC LIMIT 1,True,False,False,['city'],cross-encoder
Wie lautet der Code des Flughafens mit der höchsten Anzahl von Flügen?,SELECT T1.AirportCode FROM AIRPORTS AS T1 JOIN FLIGHTS AS T2 ON T1.AirportCode  =  T2.DestAirport OR T1.AirportCode  =  T2.SourceAirport GROUP BY T1.AirportCode ORDER BY count(*) DESC LIMIT 1,True,False,False,"['airport', 'airports', 'flight', 'flights']",cross-encoder
Wie lautet der Code des Flughafens mit den meisten Flügen?,SELECT T1.AirportCode FROM AIRPORTS AS T1 JOIN FLIGHTS AS T2 ON T1.AirportCode  =  T2.DestAirport OR T1.AirportCode  =  T2.SourceAirport GROUP BY T1.AirportCode ORDER BY count(*) DESC LIMIT 1,True,False,False,"['airport', 'airports', 'flight', 'flights']",cross-encoder
Wie lautet der Code des Flughafens mit der geringsten Anzahl von Flügen?,SELECT T1.AirportCode FROM AIRPORTS AS T1 JOIN FLIGHTS AS T2 ON T1.AirportCode  =  T2.DestAirport OR T1.AirportCode  =  T2.SourceAirport GROUP BY T1.AirportCode ORDER BY count(*) LIMIT 1,True,False,False,"['airport', 'airports', 'flight', 'flights']",cross-encoder
Geben Sie den Code des Flughafens mit den wenigsten Flügen an.,SELECT T1.AirportCode FROM AIRPORTS AS T1 JOIN FLIGHTS AS T2 ON T1.AirportCode  =  T2.DestAirport OR T1.AirportCode  =  T2.SourceAirport GROUP BY T1.AirportCode ORDER BY count(*) LIMIT 1,True,False,False,"['airport', 'airports', 'flight', 'flights']",cross-encoder
Welche Fluggesellschaft hat die meisten Flüge?,SELECT T1.Airline FROM AIRLINES AS T1 JOIN FLIGHTS AS T2 ON T1.uid  =  T2.Airline GROUP BY T1.Airline ORDER BY count(*) DESC LIMIT 1,True,False,False,"['airlines', 'flight', 'flights']",cross-encoder
Welche Fluggesellschaft bedient die meisten Flüge?,SELECT T1.Airline FROM AIRLINES AS T1 JOIN FLIGHTS AS T2 ON T1.uid  =  T2.Airline GROUP BY T1.Airline ORDER BY count(*) DESC LIMIT 1,True,False,False,"['airlines', 'flight', 'flights']",cross-encoder
Finden Sie die Abkürzung und das Land der Fluggesellschaft mit der geringsten Anzahl von Flügen?,"SELECT T1.Abbreviation ,  T1.Country FROM AIRLINES AS T1 JOIN FLIGHTS AS T2 ON T1.uid  =  T2.Airline GROUP BY T1.Airline ORDER BY count(*) LIMIT 1",True,False,False,"['country', 'countries', 'airlines', 'flight', 'flights']",cross-encoder
Welches ist die Abkürzung der Fluggesellschaft mit den wenigsten Flügen und in welchem Land befindet sie sich?,"SELECT T1.Abbreviation ,  T1.Country FROM AIRLINES AS T1 JOIN FLIGHTS AS T2 ON T1.uid  =  T2.Airline GROUP BY T1.Airline ORDER BY count(*) LIMIT 1",True,False,False,"['airlines', 'flight', 'flights', 'country', 'countries']",cross-encoder
"Welche Fluggesellschaften haben einige Flüge, die vom Flughafen 'AHD' abfliegen?","SELECT T1.Airline FROM AIRLINES AS T1 JOIN FLIGHTS AS T2 ON T1.uid  =  T2.Airline WHERE T2.SourceAirport  =  ""AHD""",True,False,False,"['airlines', 'flight', 'flights', 'airport', 'airports']",cross-encoder
Welche Fluggesellschaften haben einen Flug mit dem Quellflughafen 'AHD'?,"SELECT T1.Airline FROM AIRLINES AS T1 JOIN FLIGHTS AS T2 ON T1.uid  =  T2.Airline WHERE T2.SourceAirport  =  ""AHD""",True,False,False,"['airlines', 'flight', 'flights']",cross-encoder
"Welche Fluggesellschaften haben Flüge, die am Flughafen 'AHD' ankommen?","SELECT T1.Airline FROM AIRLINES AS T1 JOIN FLIGHTS AS T2 ON T1.uid  =  T2.Airline WHERE T2.DestAirport  =  ""AHD""",True,False,False,"['airlines', 'flight', 'flights', 'airport', 'airports']",cross-encoder
Welche Fluggesellschaften haben einen Flug mit Zielflughafen 'AHD'?,"SELECT T1.Airline FROM AIRLINES AS T1 JOIN FLIGHTS AS T2 ON T1.uid  =  T2.Airline WHERE T2.DestAirport  =  ""AHD""",True,False,False,"['airlines', 'flight', 'flights']",cross-encoder
"Finden Sie alle Fluggesellschaften, die Flüge von den beiden Flughäfen 'APG' und 'CVO' haben.","SELECT T1.Airline FROM AIRLINES AS T1 JOIN FLIGHTS AS T2 ON T1.uid  =  T2.Airline WHERE T2.SourceAirport  =  ""APG"" INTERSECT SELECT T1.Airline FROM AIRLINES AS T1 JOIN FLIGHTS AS T2 ON T1.uid  =  T2.Airline WHERE T2.SourceAirport  =  ""CVO""",True,False,False,"['airlines', 'flight', 'flights', 'airport', 'airports']",cross-encoder
"Welche Fluggesellschaften haben Flüge, die sowohl vom Flughafen 'APG' als auch vom Flughafen 'CVO' abfliegen?","SELECT T1.Airline FROM AIRLINES AS T1 JOIN FLIGHTS AS T2 ON T1.uid  =  T2.Airline WHERE T2.SourceAirport  =  ""APG"" INTERSECT SELECT T1.Airline FROM AIRLINES AS T1 JOIN FLIGHTS AS T2 ON T1.uid  =  T2.Airline WHERE T2.SourceAirport  =  ""CVO""",True,False,False,"['airlines', 'flight', 'flights', 'airport', 'airports', 'airport', 'airports']",cross-encoder
"Finden Sie alle Fluggesellschaften, die vom Flughafen 'CVO', aber nicht von der 'APG' abfliegen.","SELECT T1.Airline FROM AIRLINES AS T1 JOIN FLIGHTS AS T2 ON T1.uid  =  T2.Airline WHERE T2.SourceAirport  =  ""CVO"" EXCEPT SELECT T1.Airline FROM AIRLINES AS T1 JOIN FLIGHTS AS T2 ON T1.uid  =  T2.Airline WHERE T2.SourceAirport  =  ""APG""",True,False,False,"['airlines', 'airport', 'airports']",cross-encoder
"Welche Fluggesellschaften haben Abflüge vom Flughafen 'CVO', aber nicht von den Flughäfen 'APG'?","SELECT T1.Airline FROM AIRLINES AS T1 JOIN FLIGHTS AS T2 ON T1.uid  =  T2.Airline WHERE T2.SourceAirport  =  ""CVO"" EXCEPT SELECT T1.Airline FROM AIRLINES AS T1 JOIN FLIGHTS AS T2 ON T1.uid  =  T2.Airline WHERE T2.SourceAirport  =  ""APG""",True,False,False,"['airlines', 'airport', 'airports', 'airport', 'airports']",cross-encoder
"Finden Sie alle Fluggesellschaften, die mindestens 10 Flüge haben.",SELECT T1.Airline FROM AIRLINES AS T1 JOIN FLIGHTS AS T2 ON T1.uid  =  T2.Airline GROUP BY T1.Airline HAVING count(*)  >  10,True,False,False,"['airlines', 'flight', 'flights']",cross-encoder
Welche Fluggesellschaften haben mindestens 10 Flüge?,SELECT T1.Airline FROM AIRLINES AS T1 JOIN FLIGHTS AS T2 ON T1.uid  =  T2.Airline GROUP BY T1.Airline HAVING count(*)  >  10,True,False,False,"['airlines', 'flight', 'flights']",cross-encoder
"Finden Sie alle Fluggesellschaften, die weniger als 200 Flüge haben.",SELECT T1.Airline FROM AIRLINES AS T1 JOIN FLIGHTS AS T2 ON T1.uid  =  T2.Airline GROUP BY T1.Airline HAVING count(*)  <  200,True,False,False,"['airlines', 'flight', 'flights']",cross-encoder
Welche Fluggesellschaften haben weniger als 200 Flüge?,SELECT T1.Airline FROM AIRLINES AS T1 JOIN FLIGHTS AS T2 ON T1.uid  =  T2.Airline GROUP BY T1.Airline HAVING count(*)  <  200,True,False,False,"['airlines', 'flight', 'flights']",cross-encoder
"Was sind die Flugnummern der Fluggesellschaft ""United Airlines""?","SELECT T1.FlightNo FROM FLIGHTS AS T1 JOIN AIRLINES AS T2 ON T2.uid  =  T1.Airline WHERE T2.Airline  =  ""United Airlines""",True,False,False,"['airlines', 'airlines']",cross-encoder
"Welche Flugnummern entsprechen den Flügen der Fluggesellschaft ""United Airlines""?","SELECT T1.FlightNo FROM FLIGHTS AS T1 JOIN AIRLINES AS T2 ON T2.uid  =  T1.Airline WHERE T2.Airline  =  ""United Airlines""",True,False,False,"['flight', 'flights', 'airlines', 'airlines']",cross-encoder
"Wie sind die Flugnummern der Flüge, die vom Flughafen ""APG"" abfliegen?","SELECT FlightNo FROM FLIGHTS WHERE SourceAirport  =  ""APG""",True,False,False,"['flight', 'flights', 'airport', 'airports']",cross-encoder
"Geben Sie die Flugnummern der Flüge an, die vom Flughafen ""APG"" abfliegen.","SELECT FlightNo FROM FLIGHTS WHERE SourceAirport  =  ""APG""",True,False,False,"['flight', 'flights', 'airport', 'airports']",cross-encoder
"Wie sind die Flugnummern der am Flughafen ""APG"" ankommenden Flüge?","SELECT FlightNo FROM FLIGHTS WHERE DestAirport  =  ""APG""",True,False,False,"['airport', 'airports', 'flight', 'flights']",cross-encoder
"Geben Sie die Flugnummern der Flüge an, die am Flughafen ""APG"" landen.","SELECT FlightNo FROM FLIGHTS WHERE DestAirport  =  ""APG""",True,False,False,"['flight', 'flights', 'airport', 'airports']",cross-encoder
"Wie sind die Flugnummern der Flüge, die von der Stadt ""Aberdeen "" abfliegen?","SELECT T1.FlightNo FROM FLIGHTS AS T1 JOIN AIRPORTS AS T2 ON T1.SourceAirport   =  T2.AirportCode WHERE T2.City  =  ""Aberdeen""",True,False,False,"['flight', 'flights', 'city']",cross-encoder
"Geben Sie die Flugnummern der Flüge an, die von Aberdeen abfliegen.","SELECT T1.FlightNo FROM FLIGHTS AS T1 JOIN AIRPORTS AS T2 ON T1.SourceAirport   =  T2.AirportCode WHERE T2.City  =  ""Aberdeen""",True,False,False,"['flight', 'flights']",cross-encoder
"Wie lauten die Flugnummern der Flüge, die in der Stadt ""Aberdeen"" ankommen?","SELECT T1.FlightNo FROM FLIGHTS AS T1 JOIN AIRPORTS AS T2 ON T1.DestAirport   =  T2.AirportCode WHERE T2.City  =  ""Aberdeen""",True,False,False,"['flight', 'flights', 'city']",cross-encoder
"Geben Sie die Flugnummern der Flüge an, die in Aberdeen ankommen.","SELECT T1.FlightNo FROM FLIGHTS AS T1 JOIN AIRPORTS AS T2 ON T1.DestAirport   =  T2.AirportCode WHERE T2.City  =  ""Aberdeen""",True,False,False,"['flight', 'flights']",cross-encoder
"Geben Sie die Anzahl der Flüge an, die in Aberdeen oder in Abilene landen.","SELECT count(*) FROM Flights AS T1 JOIN Airports AS T2 ON T1.DestAirport  =  T2.AirportCode WHERE T2.city  =  ""Aberdeen"" OR T2.city  =  ""Abilene""",True,False,False,"['flight', 'flights']",cross-encoder
Wie viele Flüge landen in Aberdeen oder Abilene?,"SELECT count(*) FROM Flights AS T1 JOIN Airports AS T2 ON T1.DestAirport  =  T2.AirportCode WHERE T2.city  =  ""Aberdeen"" OR T2.city  =  ""Abilene""",True,False,False,"['flight', 'flights']",cross-encoder
"Finden Sie die Namen der Flughäfen, die keine Hin- und Rückflüge haben.",SELECT AirportName FROM Airports WHERE AirportCode NOT IN (SELECT SourceAirport FROM Flights UNION SELECT DestAirport FROM Flights),True,False,False,"['airport', 'airports']",cross-encoder
Welche Flughäfen haben keine abfliegenden oder ankommenden Flüge?,SELECT AirportName FROM Airports WHERE AirportCode NOT IN (SELECT SourceAirport FROM Flights UNION SELECT DestAirport FROM Flights),True,False,False,"['airport', 'airports', 'flight', 'flights']",cross-encoder
Wie viele Mitarbeiter sind dort beschäftigt?,SELECT count(*) FROM employee,True,False,False,['employee'],cross-encoder
Zählen Sie die Anzahl der Mitarbeiter,SELECT count(*) FROM employee,True,False,False,['employee'],cross-encoder
Sortieren Sie die Namen der Mitarbeiter nach ihrem Alter in aufsteigender Reihenfolge.,SELECT name FROM employee ORDER BY age,True,False,False,['employee'],cross-encoder
Listen Sie die Namen der Mitarbeiter auf und sortieren Sie sie in aufsteigender Reihenfolge ihres Alters.,SELECT name FROM employee ORDER BY age,True,False,False,"['list', 'employee']",cross-encoder
Wie hoch ist die Anzahl der Mitarbeiter aus jeder Stadt?,"SELECT count(*) ,  city FROM employee GROUP BY city",True,False,False,"['employee', 'city']",cross-encoder
Zählen Sie die MitarbeiterInnen für jede Stadt.,"SELECT count(*) ,  city FROM employee GROUP BY city",True,False,False,['city'],cross-encoder
Aus welchen Städten kommen mehr als ein Mitarbeiter unter 30 Jahren?,SELECT city FROM employee WHERE age  <  30 GROUP BY city HAVING count(*)  >  1,True,False,False,"['city', 'employee']",cross-encoder
"Suchen Sie die Städte, in denen mehr als ein Mitarbeiter unter 30 Jahren beschäftigt ist.",SELECT city FROM employee WHERE age  <  30 GROUP BY city HAVING count(*)  >  1,True,False,False,"['city', 'employee']",cross-encoder
Ermitteln Sie die Anzahl der Geschäfte an jedem Standort.,"SELECT count(*) ,  LOCATION FROM shop GROUP BY LOCATION",True,False,False,"['Stores', 'Shops', 'Locations', 'LOCATION']",cross-encoder
Wie viele Geschäfte gibt es an jedem Standort?,"SELECT count(*) ,  LOCATION FROM shop GROUP BY LOCATION",True,False,False,"['Stores', 'Shops', 'Locations', 'LOCATION']",cross-encoder
"Finden Sie den Namen des Geschäftsleiters und den Bezirk des Geschäfts, in dem die Anzahl der Produkte am größten ist.","SELECT manager_name ,  district FROM shop ORDER BY number_products DESC LIMIT 1",True,False,False,"['district', 'Stores', 'Shops', 'Products', 'Product']",cross-encoder
"Wie lauten der Name des Geschäftsleiters und der Bezirk des Geschäfts, das die größte Anzahl von Produkten verkauft?","SELECT manager_name ,  district FROM shop ORDER BY number_products DESC LIMIT 1",True,False,False,"['district', 'Stores', 'Shops', 'Products', 'Product', 'Sales']",cross-encoder
Finden Sie die minimale und maximale Anzahl von Produkten aller Geschäfte.,"SELECT min(Number_products) ,  max(Number_products) FROM shop",True,False,False,"['Products', 'Product', 'Stores', 'Shops']",cross-encoder
Wie hoch ist die minimale und maximale Anzahl der Produkte aller Geschäfte?,"SELECT min(Number_products) ,  max(Number_products) FROM shop",True,False,False,"['Products', 'Product', 'Stores', 'Shops']",cross-encoder
"Geben Sie den Namen, den Standort und den Bezirk aller Geschäfte in absteigender Reihenfolge der Anzahl der Produkte an.","SELECT name ,  LOCATION ,  district FROM shop ORDER BY number_products DESC",True,False,False,"['Locations', 'LOCATION', 'district', 'Stores', 'Shops', 'Products', 'Product']",cross-encoder
"Sortieren Sie alle Geschäfte nach der Anzahl der Produkte in absteigender Reihenfolge, und geben Sie den Namen, den Standort und den Bezirk jedes Geschäfts zurück.","SELECT name ,  LOCATION ,  district FROM shop ORDER BY number_products DESC",True,False,False,"['Stores', 'Shops', 'Products', 'Product', 'Locations', 'LOCATION', 'district', 'Stores', 'Shops']",cross-encoder
"Finden Sie die Namen von Geschäften, deren Anzahl der Produkte die durchschnittliche Anzahl der Produkte übersteigt.",SELECT name FROM shop WHERE number_products  >  (SELECT avg(number_products) FROM shop),True,False,False,"['Stores', 'Shops', 'Products', 'Product', 'Products', 'Product']",cross-encoder
Bei welchen Geschäften liegt die Anzahl der Produkte über dem Durchschnitt? Geben Sie mir die Namen der Geschäfte.,SELECT name FROM shop WHERE number_products  >  (SELECT avg(number_products) FROM shop),True,False,False,"['Stores', 'Shops', 'Products', 'Product', 'Stores', 'Shops']",cross-encoder
"Finden Sie den Namen des Mitarbeiters, der bei der Bewertung am häufigsten ausgezeichnet wurde.",SELECT t1.name FROM employee AS t1 JOIN evaluation AS t2 ON t1.Employee_ID  =  t2.Employee_ID GROUP BY t2.Employee_ID ORDER BY count(*) DESC LIMIT 1,True,False,False,"['employee', 'Rating']",cross-encoder
Welcher Mitarbeiter hat bei der Bewertung die meisten Auszeichnungen erhalten? Geben Sie mir den Namen des Mitarbeiters.,SELECT t1.name FROM employee AS t1 JOIN evaluation AS t2 ON t1.Employee_ID  =  t2.Employee_ID GROUP BY t2.Employee_ID ORDER BY count(*) DESC LIMIT 1,True,False,False,"['employee', 'Rating', 'employee']",cross-encoder
"Finden Sie den Namen des Mitarbeiters, der den höchsten einmaligen Bonus erhalten hat.",SELECT t1.name FROM employee AS t1 JOIN evaluation AS t2 ON t1.Employee_ID  =  t2.Employee_ID ORDER BY t2.bonus DESC LIMIT 1,True,False,False,['employee'],cross-encoder
Welcher Mitarbeiter hat den höchsten Bonus erhalten? Geben Sie mir den Namen des Mitarbeiters.,SELECT t1.name FROM employee AS t1 JOIN evaluation AS t2 ON t1.Employee_ID  =  t2.Employee_ID ORDER BY t2.bonus DESC LIMIT 1,True,False,False,"['employee', 'employee']",cross-encoder
"Finden Sie die Namen der Mitarbeiter, die bei der Bewertung nie einen Preis gewonnen haben.",SELECT name FROM employee WHERE Employee_ID NOT IN (SELECT Employee_ID FROM evaluation),True,False,False,"['employee', 'Rating']",cross-encoder
"Wie lauten die Namen der Mitarbeiter, die bei der Bewertung nie eine Auszeichnung erhalten haben?",SELECT name FROM employee WHERE Employee_ID NOT IN (SELECT Employee_ID FROM evaluation),True,False,False,"['employee', 'Rating']",cross-encoder
"Wie lautet der Name des Geschäfts, das die größte Anzahl von Mitarbeitern einstellt?",SELECT t2.name FROM hiring AS t1 JOIN shop AS t2 ON t1.shop_id  =  t2.shop_id GROUP BY t1.shop_id ORDER BY count(*) DESC LIMIT 1,False,False,False,"['Stores', 'Shops', 'employee']",cross-encoder
Welches Geschäft hat die meisten Mitarbeiter? Geben Sie mir den Namen des Geschäfts.,SELECT t2.name FROM hiring AS t1 JOIN shop AS t2 ON t1.shop_id  =  t2.shop_id GROUP BY t1.shop_id ORDER BY count(*) DESC LIMIT 1,False,False,False,"['Stores', 'Shops', 'employee', 'Stores', 'Shops']",cross-encoder
"Suchen Sie die Namen der Geschäfte, die keine Mitarbeiter einstellen.",SELECT name FROM shop WHERE shop_id NOT IN (SELECT shop_id FROM hiring),False,False,False,"['Stores', 'Shops', 'employee']",cross-encoder
Welche Geschäfte betreiben keine Mitarbeiter? Finden Sie die Namen der Geschäfte,SELECT name FROM shop WHERE shop_id NOT IN (SELECT shop_id FROM hiring),False,False,False,"['Stores', 'Shops', 'employee', 'Stores', 'Shops']",cross-encoder
Finden Sie die Anzahl der in jedem Geschäft eingestellten Mitarbeiter; zeigen Sie auch den Namen des Geschäfts an.,"SELECT count(*) ,  t2.name FROM hiring AS t1 JOIN shop AS t2 ON t1.shop_id  =  t2.shop_id GROUP BY t2.name",False,False,False,"['Stores', 'Shops', 'employee', 'Stores', 'Shops']",cross-encoder
Geben Sie für jedes Geschäft die Anzahl der dort beschäftigten Mitarbeiter und den Namen des Geschäfts an.,"SELECT count(*) ,  t2.name FROM hiring AS t1 JOIN shop AS t2 ON t1.shop_id  =  t2.shop_id GROUP BY t2.name",False,False,False,"['Stores', 'Shops', 'employee', 'Stores', 'Shops']",cross-encoder
"Wie hoch ist der Gesamtbonus, der in allen Bewertungen angegeben wird?",SELECT sum(bonus) FROM evaluation,False,False,False,['Rating'],cross-encoder
"Ermitteln Sie den Gesamtbetrag des Bonus, der in allen Bewertungen angegeben ist.",SELECT sum(bonus) FROM evaluation,False,False,False,['Rating'],cross-encoder
Geben Sie mir alle Informationen über die Einstellung.,SELECT * FROM hiring,True,False,False,['hiring'],cross-encoder
Was sind alle Informationen über die Einstellung?,SELECT * FROM hiring,True,False,False,['hiring'],cross-encoder
In welchem Bezirk gibt es sowohl Geschäfte mit weniger als 3000 Produkten als auch Geschäfte mit mehr als 10000 Produkten?,SELECT district FROM shop WHERE Number_products  <  3000 INTERSECT SELECT district FROM shop WHERE Number_products  >  10000,True,False,False,"['district', 'Stores', 'Shops', 'Products', 'Product', 'Stores', 'Shops', 'Products', 'Product']",cross-encoder
"Finden Sie die Bezirke, in denen es sowohl Geschäfte mit weniger als 3000 Produkten als auch Geschäfte mit mehr als 10000 Produkten gibt.",SELECT district FROM shop WHERE Number_products  <  3000 INTERSECT SELECT district FROM shop WHERE Number_products  >  10000,True,False,False,"['district', 'Stores', 'Shops', 'Products', 'Product', 'Stores', 'Shops', 'Products', 'Product']",cross-encoder
Wie viele verschiedene Standorte gibt es?,SELECT count(DISTINCT LOCATION) FROM shop,True,False,False,"['Locations', 'LOCATION']",cross-encoder
Zählen Sie die verschiedenen Standorte.,SELECT count(DISTINCT LOCATION) FROM shop,True,False,False,"['Locations', 'LOCATION']",cross-encoder
Wie viele Dokumente haben wir?,SELECT count(*) FROM Documents,True,False,False,"['Documents', 'Documents', 'All_Documents']",cross-encoder
Zählen Sie die Dokumente.,SELECT count(*) FROM Documents,True,False,False,"['Documents', 'Documents', 'All_Documents']",cross-encoder
"Listen Sie die IDs, Namen und Beschreibungen für alle Dokumente auf.","SELECT document_id ,  document_name ,  document_description FROM Documents",True,False,False,"['list', 'Documents', 'Documents', 'All_Documents']",cross-encoder
"Was sind die IDs, Namen und Beschreibungen für alle Dokumente?","SELECT document_id ,  document_name ,  document_description FROM Documents",True,False,False,"['Documents', 'Documents', 'All_Documents']",cross-encoder
"Wie lauten der Dokumentname und die Vorlagen-ID für ein Dokument mit einer Beschreibung, in der 'w' vorkommt?","SELECT document_name ,  template_id FROM Documents WHERE Document_Description LIKE ""%w%""",True,False,False,"['Documents', 'Documents', 'All_Documents']",cross-encoder
"Geben Sie die Namen und Vorlagen-IDs für Dokumente zurück, die ""w"" in ihrer Beschreibung enthalten.","SELECT document_name ,  template_id FROM Documents WHERE Document_Description LIKE ""%w%""",True,False,False,"['Documents', 'Documents', 'All_Documents']",cross-encoder
"Wie lauten die Dokument-ID, die Vorlagen-ID und die Beschreibung für ein Dokument mit dem Namen ""Robbin CV""?","SELECT document_id ,  template_id ,  Document_Description FROM Documents WHERE document_name  =  ""Robbin CV""",True,False,False,"['Documents', 'Documents', 'All_Documents']",cross-encoder
"Geben Sie die Dokument-ID, die Vorlagen-ID und die Beschreibung für das Dokument mit dem Namen ""Robbin CV"" zurück.","SELECT document_id ,  template_id ,  Document_Description FROM Documents WHERE document_name  =  ""Robbin CV""",True,False,False,"['Documents', 'Documents', 'All_Documents']",cross-encoder
Wie viele verschiedene Vorlagen werden für alle Dokumente verwendet?,SELECT count(DISTINCT template_id) FROM Documents,True,False,False,"['Templates', 'Documents', 'Documents', 'All_Documents']",cross-encoder
"Zählen Sie die verschiedenen Vorlagen, die für Dokumente verwendet werden.",SELECT count(DISTINCT template_id) FROM Documents,True,False,False,"['Templates', 'Documents', 'Documents', 'All_Documents']",cross-encoder
"Wie viele Dokumente verwenden die Vorlage mit dem Typcode ""PPT""?",SELECT count(*) FROM Documents AS T1 JOIN Templates AS T2 ON T1.Template_ID  =  T2.Template_ID WHERE T2.Template_Type_Code  =  'PPT',True,False,False,"['Documents', 'Documents', 'All_Documents']",cross-encoder
"Zählen Sie die Dokumente, die den Vorlagentyp 'PPT' verwenden.",SELECT count(*) FROM Documents AS T1 JOIN Templates AS T2 ON T1.Template_ID  =  T2.Template_ID WHERE T2.Template_Type_Code  =  'PPT',True,False,False,"['Documents', 'Documents', 'All_Documents']",cross-encoder
"Zeigen Sie alle Vorlagen-IDs und die Anzahl der Dokumente, die jede Vorlage verwenden.","SELECT template_id ,  count(*) FROM Documents GROUP BY template_id",True,False,False,"['Documents', 'Documents', 'All_Documents']",cross-encoder
"Was sind die verschiedenen Vorlagen-IDs, die für Dokumente verwendet werden, und wie oft wurden sie jeweils verwendet?","SELECT template_id ,  count(*) FROM Documents GROUP BY template_id",True,False,False,"['Documents', 'Documents', 'All_Documents']",cross-encoder
"Welches ist der ID und Typcode für die Vorlage, die von den meisten Dokumenten verwendet wird?","SELECT T1.template_id ,  T2.Template_Type_Code FROM Documents AS T1 JOIN Templates AS T2 ON T1.template_id  =  T2.template_id GROUP BY T1.template_id ORDER BY count(*) DESC LIMIT 1",True,False,False,"['Documents', 'Documents', 'All_Documents']",cross-encoder
"Geben Sie die ID und den Typcode der Vorlage zurück, die für die größte Anzahl von Dokumenten verwendet wird.","SELECT T1.template_id ,  T2.Template_Type_Code FROM Documents AS T1 JOIN Templates AS T2 ON T1.template_id  =  T2.template_id GROUP BY T1.template_id ORDER BY count(*) DESC LIMIT 1",True,False,False,"['Documents', 'Documents', 'All_Documents']",cross-encoder
"Zeigen Sie die IDs für alle Vorlagen an, die von mehr als einem Dokument verwendet werden.",SELECT template_id FROM Documents GROUP BY template_id HAVING count(*)  >  1,True,False,False,"['Templates', 'Documents', 'Documents', 'All_Documents']",cross-encoder
"Wie lauten die Vorlagen-IDs aller Vorlagen, die in mehr als einem Dokument verwendet werden?",SELECT template_id FROM Documents GROUP BY template_id HAVING count(*)  >  1,True,False,False,"['Templates', 'Documents', 'Documents', 'All_Documents']",cross-encoder
"Zeigen Sie die IDs aller Vorlagen an, die von keinem Dokument verwendet werden.",SELECT template_id FROM Templates EXCEPT SELECT template_id FROM Documents,True,False,False,"['Templates', 'Documents', 'Documents', 'All_Documents']",cross-encoder
"Wie lauten die IDs von Vorlagen, die in keinem Dokument verwendet werden?",SELECT template_id FROM Templates EXCEPT SELECT template_id FROM Documents,True,False,False,"['Templates', 'Documents', 'Documents', 'All_Documents']",cross-encoder
Wie viele Vorlagen haben wir?,SELECT count(*) FROM Templates,True,False,False,['Templates'],cross-encoder
Zählen Sie die Vorlagen.,SELECT count(*) FROM Templates,True,False,False,['Templates'],cross-encoder
"Zeigen Sie die IDs, die Versionsnummern und die Typcodes für alle Vorlagen an.","SELECT template_id ,  version_number ,  template_type_code FROM Templates",True,False,False,['Templates'],cross-encoder
Alle verschiedenen Typcodes für alle Vorlagen anzeigen.,SELECT DISTINCT template_type_code FROM Templates,True,False,False,['Templates'],cross-encoder
Geben Sie die IDs von Vorlagen mit dem Code PP oder PPT zurück.,"SELECT template_id FROM Templates WHERE template_type_code  =  ""PP"" OR template_type_code  =  ""PPT""",True,False,False,['Templates'],cross-encoder
Wie viele Vorlagen haben den Typcode CV?,"SELECT count(*) FROM Templates WHERE template_type_code  =  ""CV""",True,False,False,['Templates'],cross-encoder
Zählen Sie die Anzahl der Vorlagen vom Typ CV.,"SELECT count(*) FROM Templates WHERE template_type_code  =  ""CV""",True,False,False,['Templates'],cross-encoder
Zählen Sie die Versionsnummern und Typcodes von Vorlagen mit einer Versionsnummer größer als 5.,"SELECT version_number ,  template_type_code FROM Templates WHERE version_number  >  5",True,False,False,['Templates'],cross-encoder
Zeigen Sie alle Vorlagentypcodes und die Anzahl der jeweiligen Vorlagen an.,"SELECT template_type_code ,  count(*) FROM Templates GROUP BY template_type_code",True,False,False,['Templates'],cross-encoder
"Welches sind die verschiedenen Vorlagentypcodes, und wie viele Vorlagen entsprechen ihnen jeweils?","SELECT template_type_code ,  count(*) FROM Templates GROUP BY template_type_code",True,False,False,['Templates'],cross-encoder
Welcher Typcode hat die meisten Vorlagen?,SELECT template_type_code FROM Templates GROUP BY template_type_code ORDER BY count(*) DESC LIMIT 1,True,False,False,['Templates'],cross-encoder
"Geben Sie den Typcode zurück, zu dem die meisten Vorlagen gehören.",SELECT template_type_code FROM Templates GROUP BY template_type_code ORDER BY count(*) DESC LIMIT 1,True,False,False,['Templates'],cross-encoder
Alle Vorlagentypcodes mit weniger als drei Vorlagen anzeigen.,SELECT template_type_code FROM Templates GROUP BY template_type_code HAVING count(*)  <  3,True,False,False,['Templates'],cross-encoder
"Was sind die Codes der Vorlagentypen, die weniger als 3 Vorlagen haben?",SELECT template_type_code FROM Templates GROUP BY template_type_code HAVING count(*)  <  3,True,False,False,['Templates'],cross-encoder
"Wie lautet der Typcode der Vorlage, die von einem Dokument mit dem Namen ""Datenbank"" verwendet wird?","SELECT T1.template_type_code FROM Templates AS T1 JOIN Documents AS T2 ON T1.template_id  =  T2.template_id WHERE T2.document_name  =  ""Data base""",True,False,False,"['Documents', 'Documents', 'All_Documents']",cross-encoder
"Geben Sie den Typcode der Vorlage zurück, die von einem Dokument mit dem Namen ""Datenbank"" verwendet wird.","SELECT T1.template_type_code FROM Templates AS T1 JOIN Documents AS T2 ON T1.template_id  =  T2.template_id WHERE T2.document_name  =  ""Data base""",True,False,False,"['Documents', 'Documents', 'All_Documents']",cross-encoder
"Zeigen Sie alle Dokumentnamen an, die Vorlagen mit dem Vorlagentypcode BK verwenden.","SELECT T2.document_name FROM Templates AS T1 JOIN Documents AS T2 ON T1.template_id  =  T2.template_id WHERE T1.template_type_code  =  ""BK""",True,False,False,['Templates'],cross-encoder
"Wie lauten die Namen von Dokumenten, die Vorlagen mit dem Code BK verwenden?","SELECT T2.document_name FROM Templates AS T1 JOIN Documents AS T2 ON T1.template_id  =  T2.template_id WHERE T1.template_type_code  =  ""BK""",True,False,False,"['Documents', 'Documents', 'All_Documents', 'Templates']",cross-encoder
"Zeigen Sie alle Vorlagentypcodes und die Anzahl der Dokumente an, die jeden Typ verwenden.","SELECT T1.template_type_code ,  count(*) FROM Templates AS T1 JOIN Documents AS T2 ON T1.template_id  =  T2.template_id GROUP BY T1.template_type_code",True,False,False,"['Documents', 'Documents', 'All_Documents']",cross-encoder
"Was sind die verschiedenen Vorlagentypcodes, und wie viele Dokumente verwenden jeden Typ?","SELECT T1.template_type_code ,  count(*) FROM Templates AS T1 JOIN Documents AS T2 ON T1.template_id  =  T2.template_id GROUP BY T1.template_type_code",True,False,False,"['Documents', 'Documents', 'All_Documents']",cross-encoder
Welcher Vorlagentypcode wird von der meisten Anzahl von Dokumenten verwendet?,SELECT T1.template_type_code FROM Templates AS T1 JOIN Documents AS T2 ON T1.template_id  =  T2.template_id GROUP BY T1.template_type_code ORDER BY count(*) DESC LIMIT 1,True,False,False,"['Documents', 'Documents', 'All_Documents']",cross-encoder
"Geben Sie den Code des Vorlagentyps zurück, der am häufigsten in Dokumenten verwendet wird.",SELECT T1.template_type_code FROM Templates AS T1 JOIN Documents AS T2 ON T1.template_id  =  T2.template_id GROUP BY T1.template_type_code ORDER BY count(*) DESC LIMIT 1,True,False,False,"['Documents', 'Documents', 'All_Documents']",cross-encoder
"Zeigen Sie alle Typcodes der Vorlagen an, die von keinem Dokument verwendet werden.",SELECT template_type_code FROM Templates EXCEPT SELECT template_type_code FROM Templates AS T1 JOIN Documents AS T2 ON T1.template_id  =  T2.template_id,True,False,False,"['Templates', 'Documents', 'Documents', 'All_Documents']",cross-encoder
"Welches sind die Typcodes der Vorlagen, die von keinem Dokument verwendet werden?",SELECT template_type_code FROM Templates EXCEPT SELECT template_type_code FROM Templates AS T1 JOIN Documents AS T2 ON T1.template_id  =  T2.template_id,True,False,False,"['Templates', 'Documents', 'Documents', 'All_Documents']",cross-encoder
Zeigen Sie alle Typcodes und Beschreibungen der Vorlagen an.,"SELECT template_type_code ,  template_type_description FROM Ref_template_types",False,False,False,['Templates'],cross-encoder
Wie lauten die Typencodes und Beschreibungen für alle Vorlagen?,"SELECT template_type_code ,  template_type_description FROM Ref_template_types",False,False,False,['Templates'],cross-encoder
"Wie lautet der Code des Vorlagentyps für die Beschreibung des Vorlagentyps ""Buch"".","SELECT template_type_code FROM Ref_template_types WHERE template_type_description  =  ""Book""",True,False,False,['book'],cross-encoder
"Geben Sie den Typcode der Vorlagen mit der Beschreibung ""Buch"" zurück.","SELECT template_type_code FROM Ref_template_types WHERE template_type_description  =  ""Book""",True,False,False,"['Templates', 'book']",cross-encoder
"Welches sind die verschiedenen Beschreibungen für die Vorlagen, die jemals von einem Dokument verwendet wurden?",SELECT DISTINCT T1.template_type_description FROM Ref_template_types AS T1 JOIN Templates AS T2 ON T1.template_type_code  = T2.template_type_code JOIN Documents AS T3 ON T2.Template_ID  =  T3.template_ID,True,False,False,"['Templates', 'Documents', 'Documents', 'All_Documents']",cross-encoder
"Geben Sie die verschiedenen Beschreibungen für Vorlagen zurück, die in einem Dokument verwendet worden sind.",SELECT DISTINCT T1.template_type_description FROM Ref_template_types AS T1 JOIN Templates AS T2 ON T1.template_type_code  = T2.template_type_code JOIN Documents AS T3 ON T2.Template_ID  =  T3.template_ID,True,False,False,"['Templates', 'Documents', 'Documents', 'All_Documents']",cross-encoder
"Geben Sie die IDs zurück, die den Vorlagen mit der Beschreibung ""Präsentation"" entsprechen.","SELECT T2.template_id FROM Ref_template_types AS T1 JOIN Templates AS T2 ON T1.template_type_code  = T2.template_type_code WHERE T1.template_type_description  =  ""Presentation""",True,False,False,['Templates'],cross-encoder
Wie viele Absätze insgesamt?,SELECT count(*) FROM Paragraphs,True,False,False,['Paragraphs'],cross-encoder
Zählen Sie die Absätze.,SELECT count(*) FROM Paragraphs,True,False,False,['Paragraphs'],cross-encoder
"Wie viele Absätze für das Dokument mit dem Namen ""Summer Show""?",SELECT count(*) FROM Paragraphs AS T1 JOIN Documents AS T2 ON T1.document_ID  =  T2.document_ID WHERE T2.document_name  =  'Summer Show',True,False,False,"['Paragraphs', 'Documents', 'Documents', 'All_Documents', 'show']",cross-encoder
"Zählen Sie die Anzahl der Absätze für das Dokument mit dem Namen ""Summer Show"".",SELECT count(*) FROM Paragraphs AS T1 JOIN Documents AS T2 ON T1.document_ID  =  T2.document_ID WHERE T2.document_name  =  'Summer Show',True,False,False,"['Paragraphs', 'Documents', 'Documents', 'All_Documents', 'show']",cross-encoder
"Zeige Details für den Absatz mit dem Text ""Korea ' .",select other_details from paragraphs where paragraph_text like 'korea',True,False,False,['Paragraphs'],cross-encoder
Wie lauten die Details für den Absatz mit dem Text 'Korea ' ?,select other_details from paragraphs where paragraph_text like 'korea',True,False,False,['Paragraphs'],cross-encoder
Alle Absatz-IDs und Texte für das Dokument mit dem Namen 'Welcome to NY' anzeigen.,"SELECT T1.paragraph_id ,   T1.paragraph_text FROM Paragraphs AS T1 JOIN Documents AS T2 ON T1.document_id  =  T2.document_id WHERE T2.Document_Name  =  'Welcome to NY'",True,False,False,"['Documents', 'Documents', 'All_Documents']",cross-encoder
"Was sind die IDs und Texte von Absätzen in dem Dokument mit dem Namen ""Welcome to NY""?","SELECT T1.paragraph_id ,   T1.paragraph_text FROM Paragraphs AS T1 JOIN Documents AS T2 ON T1.document_id  =  T2.document_id WHERE T2.Document_Name  =  'Welcome to NY'",True,False,False,"['Paragraphs', 'Documents', 'Documents', 'All_Documents']",cross-encoder
"Alle Absatztexte für das Dokument mit dem Namen ""Customer reviews"" anzeigen.","SELECT T1.paragraph_text FROM Paragraphs AS T1 JOIN Documents AS T2 ON T1.document_id  =  T2.document_id WHERE T2.document_name  =  ""Customer reviews""",True,False,False,"['Documents', 'Documents', 'All_Documents']",cross-encoder
"Was sind die Absatztexte für das Dokument mit dem Namen ""Customer reviews""?","SELECT T1.paragraph_text FROM Paragraphs AS T1 JOIN Documents AS T2 ON T1.document_id  =  T2.document_id WHERE T2.document_name  =  ""Customer reviews""",True,False,False,"['Documents', 'Documents', 'All_Documents']",cross-encoder
Alle Dokument-IDs und die Anzahl der Absätze in jedem Dokument anzeigen. Nach Dokument-ID geordnet.,"SELECT document_id ,  count(*) FROM Paragraphs GROUP BY document_id ORDER BY document_id",True,False,False,"['Paragraphs', 'Documents', 'Documents', 'All_Documents']",cross-encoder
"Geben Sie die verschiedenen Dokument-IDs zusammen mit der Anzahl der entsprechenden Absätze, geordnet nach ID, zurück.","SELECT document_id ,  count(*) FROM Paragraphs GROUP BY document_id ORDER BY document_id",True,False,False,['Paragraphs'],cross-encoder
"Alle Dokument-IDs, Namen und die Anzahl der Absätze in jedem Dokument anzeigen.","SELECT T1.document_id ,  T2.document_name ,  count(*) FROM Paragraphs AS T1 JOIN Documents AS T2 ON T1.document_id  =  T2.document_id GROUP BY T1.document_id",True,False,False,"['Paragraphs', 'Documents', 'Documents', 'All_Documents']",cross-encoder
Was sind die IDs und Namen der einzelnen Dokumente sowie die Anzahl der Absätze in jedem Dokument?,"SELECT T1.document_id ,  T2.document_name ,  count(*) FROM Paragraphs AS T1 JOIN Documents AS T2 ON T1.document_id  =  T2.document_id GROUP BY T1.document_id",True,False,False,"['Documents', 'Documents', 'All_Documents', 'Paragraphs', 'Documents', 'Documents', 'All_Documents']",cross-encoder
Alle Dokument-IDs mit mindestens zwei Absätzen auflisten.,SELECT document_id FROM Paragraphs GROUP BY document_id HAVING count(*)  >=  2,True,False,False,['Paragraphs'],cross-encoder
Wie lauten die IDs von Dokumenten mit 2 oder mehr Absätzen?,SELECT document_id FROM Paragraphs GROUP BY document_id HAVING count(*)  >=  2,True,False,False,"['Documents', 'Documents', 'All_Documents', 'Paragraphs']",cross-encoder
Wie lauten die ID und der Name des Dokuments mit der größten Anzahl von Absätzen?,"SELECT T1.document_id ,  T2.document_name FROM Paragraphs AS T1 JOIN Documents AS T2 ON T1.document_id  =  T2.document_id GROUP BY T1.document_id ORDER BY count(*) DESC LIMIT 1",True,False,False,"['Documents', 'Documents', 'All_Documents', 'Paragraphs']",cross-encoder
Geben Sie die ID und den Namen des Dokuments mit den meisten Absätzen zurück.,"SELECT T1.document_id ,  T2.document_name FROM Paragraphs AS T1 JOIN Documents AS T2 ON T1.document_id  =  T2.document_id GROUP BY T1.document_id ORDER BY count(*) DESC LIMIT 1",True,False,False,"['Documents', 'Documents', 'All_Documents', 'Paragraphs']",cross-encoder
Welches ist die Dokument-ID mit der geringsten Anzahl von Absätzen?,SELECT document_id FROM Paragraphs GROUP BY document_id ORDER BY count(*) ASC LIMIT 1,True,False,False,['Paragraphs'],cross-encoder
Geben Sie die Dokument-ID mit den wenigsten Absätzen zurück.,SELECT document_id FROM Paragraphs GROUP BY document_id ORDER BY count(*) ASC LIMIT 1,True,False,False,['Paragraphs'],cross-encoder
Wie lautet die Dokument-ID mit 1 bis 2 Absätzen?,SELECT document_id FROM Paragraphs GROUP BY document_id HAVING count(*) BETWEEN 1 AND 2,True,False,False,['Paragraphs'],cross-encoder
"Geben Sie die IDs von Dokumenten an, die zwischen einem und zwei Absätzen haben.",SELECT document_id FROM Paragraphs GROUP BY document_id HAVING count(*) BETWEEN 1 AND 2,True,False,False,"['Documents', 'Documents', 'All_Documents', 'Paragraphs']",cross-encoder
Geben Sie die Dokument-ID mit den Absätzen 'Brasilien' und 'Irland' an.,SELECT document_id FROM Paragraphs WHERE paragraph_text  =  'Brazil' INTERSECT SELECT document_id FROM Paragraphs WHERE paragraph_text  =  'Ireland',True,False,False,['Paragraphs'],cross-encoder
"Wie lauten die IDs von Dokumenten, die den Absatztext 'Brasilien' und 'Irland' enthalten?",SELECT document_id FROM Paragraphs WHERE paragraph_text  =  'Brazil' INTERSECT SELECT document_id FROM Paragraphs WHERE paragraph_text  =  'Ireland',False,False,False,"['Documents', 'Documents', 'All_Documents']",cross-encoder
Wie alt sind die Lehrenden und wo leben sie?,"SELECT Age ,  Hometown FROM teacher",False,False,False,['Lives_in'],cross-encoder
Aus welchen Städten kommen mindestens zwei Lehrenden?,SELECT Hometown FROM teacher GROUP BY Hometown HAVING COUNT(*)  >=  2,False,False,False,['city'],cross-encoder
"Zeigen Sie die Namen der Lehrenden und die Kurse, die sie unterrichten sollen.","SELECT T3.Name ,  T2.Course FROM course_arrange AS T1 JOIN course AS T2 ON T1.Course_ID  =  T2.Course_ID JOIN teacher AS T3 ON T1.Teacher_ID  =  T3.Teacher_ID",True,False,False,"['course', 'Courses', 'teaches', 'Lessons']",cross-encoder
Wie lauten die Namen der/des einzelnen Lehrenden und welchen Kurs sie unterrichten?,"SELECT T3.Name ,  T2.Course FROM course_arrange AS T1 JOIN course AS T2 ON T1.Course_ID  =  T2.Course_ID JOIN teacher AS T3 ON T1.Teacher_ID  =  T3.Teacher_ID",True,False,False,"['course', 'Courses', 'teaches', 'Lessons']",cross-encoder
"Zeigen Sie die Namen der Lehrenden und die Kurse, die sie unterrichten, in aufsteigender alphabetischer Reihenfolge des Namens der Lehrenden an.","SELECT T3.Name ,  T2.Course FROM course_arrange AS T1 JOIN course AS T2 ON T1.Course_ID  =  T2.Course_ID JOIN teacher AS T3 ON T1.Teacher_ID  =  T3.Teacher_ID ORDER BY T3.Name",True,False,False,"['course', 'Courses', 'teaches', 'Lessons']",cross-encoder
"Wie lauten die Namen der Lehrenden und der Kurse, die sie unterrichten, in aufsteigender alphabetischer Reihenfolge nach dem Namen der Lehrenden?","SELECT T3.Name ,  T2.Course FROM course_arrange AS T1 JOIN course AS T2 ON T1.Course_ID  =  T2.Course_ID JOIN teacher AS T3 ON T1.Teacher_ID  =  T3.Teacher_ID ORDER BY T3.Name",True,False,False,"['course', 'Courses', 'teaches', 'Lessons']",cross-encoder
"Wie lauten die Namen der Personen, die Mathekurse unterrichten?","SELECT T3.Name FROM course_arrange AS T1 JOIN course AS T2 ON T1.Course_ID  =  T2.Course_ID JOIN teacher AS T3 ON T1.Teacher_ID  =  T3.Teacher_ID WHERE T2.Course  =  ""Math""",False,False,False,"['people', 'people', 'teaches', 'Lessons']",cross-encoder
"Zeigen Sie die Namen der Lehrenden und die Anzahl der Kurse, die sie unterrichten.","SELECT T2.Name ,  COUNT(*) FROM course_arrange AS T1 JOIN teacher AS T2 ON T1.Teacher_ID  =  T2.Teacher_ID GROUP BY T2.Name",True,False,False,"['course', 'Courses', 'teaches', 'Lessons']",cross-encoder
"Wie lauten die Namen der Lehrenden und die Anzahl der Kurse, die sie unterrichten?","SELECT T2.Name ,  COUNT(*) FROM course_arrange AS T1 JOIN teacher AS T2 ON T1.Teacher_ID  =  T2.Teacher_ID GROUP BY T2.Name",True,False,False,"['course', 'Courses', 'teaches', 'Lessons']",cross-encoder
"Zeigen Sie die Namen der Lehrenden, die mindestens zwei Kurse unterrichten.",SELECT T2.Name FROM course_arrange AS T1 JOIN teacher AS T2 ON T1.Teacher_ID  =  T2.Teacher_ID GROUP BY T2.Name HAVING COUNT(*)  >=  2,True,False,False,"['course', 'Courses', 'teaches', 'Lessons']",cross-encoder
"Wie lauten die Namen der Lehrenden, die mindestens zwei Kurse unterrichten?",SELECT T2.Name FROM course_arrange AS T1 JOIN teacher AS T2 ON T1.Teacher_ID  =  T2.Teacher_ID GROUP BY T2.Name HAVING COUNT(*)  >=  2,True,False,False,"['course', 'Courses', 'teaches', 'Lessons']",cross-encoder
"Geben Sie die Namen der Lehrenden an, die nicht für das Unterrichten von Kursen vorgesehen sind.",SELECT Name FROM teacher WHERE Teacher_id NOT IN (SELECT Teacher_id FROM course_arrange),True,False,False,"['teaches', 'Lessons', 'course', 'Courses']",cross-encoder
"Wie lauten die Namen der Lehrenden, deren Kurse nicht vereinbart wurden?",SELECT Name FROM teacher WHERE Teacher_id NOT IN (SELECT Teacher_id FROM course_arrange),True,False,False,"['course', 'Courses']",cross-encoder
Wie viele Besucher unter 30 Jahren gibt es?,SELECT count(*) FROM visitor WHERE age  <  30,False,False,False,['Visitors'],cross-encoder
"Finden Sie die Namen der Besucher, deren Mitgliedsstufe höher als 4 ist, und ordnen Sie die Ergebnisse nach der Stufe von hoch nach niedrig.",SELECT name FROM visitor WHERE Level_of_membership  >  4 ORDER BY Level_of_membership DESC,False,False,False,"['Visitors', 'results', 'highlow']",cross-encoder
"Wie hoch ist das Durchschnittsalter der Besucher, deren Mitgliedsstufe nicht höher als 4 ist?",SELECT avg(age) FROM visitor WHERE Level_of_membership  <=  4,False,False,False,['Visitors'],cross-encoder
"Finden Sie den Namen und die Mitgliedsstufe der Besucher, deren Mitgliedsstufe höher als 4 ist, und ordnen Sie die Ergebnisse nach ihrem Alter von alt bis jung.","SELECT name ,  Level_of_membership FROM visitor WHERE Level_of_membership  >  4 ORDER BY age DESC",False,False,False,"['Visitors', 'results']",cross-encoder
"Finden Sie die ID und den Namen des Museums, das die meisten Mitarbeiter hat?","SELECT museum_id ,  name FROM museum ORDER BY num_of_staff DESC LIMIT 1",True,False,False,"['museum', 'Museums', 'employee']",cross-encoder
"Finden Sie die durchschnittliche Anzahl der Mitarbeiter der Museen, die vor 2009 eröffnet wurden.",SELECT avg(num_of_staff) FROM museum WHERE open_year  <  2009,True,False,False,"['employee', 'museum', 'Museums']",cross-encoder
Welches sind das Eröffnungsjahr und die Mitarbeiterzahl des Museums mit dem Namen Plaza Museum?,"SELECT Num_of_Staff ,  Open_Year FROM museum WHERE name  =  'Plaza Museum'",True,False,False,"['museum', 'Museums', 'museum', 'Museums']",cross-encoder
"Finden Sie die Namen der Museen, die mehr Mitarbeiter haben als die Mindestmitarbeitlzahl aller nach 2010 eröffneten Museen.",SELECT name FROM museum WHERE num_of_staff  >  (SELECT min(num_of_staff) FROM museum WHERE open_year  >  2010),True,False,False,"['museum', 'Museums', 'employee', 'museum', 'Museums']",cross-encoder
"Finden Sie die ID, den Namen und das Alter von Besuchern, die einige Museen mehr als einmal besucht haben.","SELECT t1.id ,  t1.name ,  t1.age FROM visitor AS t1 JOIN visit AS t2 ON t1.id  =  t2.visitor_id GROUP BY t1.id HAVING count(*)  >  1",False,False,False,"['Visitors', 'museum', 'Museums']",cross-encoder
"Welches sind die ID, der Name und die Mitgliedsstufe der Besucher, die insgesamt den größten Geldbetrag für alle Museumstickets ausgegeben haben?","SELECT t2.visitor_id ,  t1.name ,  t1.Level_of_membership FROM visitor AS t1 JOIN visit AS t2 ON t1.id  =  t2.visitor_id GROUP BY t2.visitor_id ORDER BY sum(t2.Total_spent) DESC LIMIT 1",False,False,False,['Visitors'],cross-encoder
"Wie lauten ID und Name des Museums, das am häufigsten besucht wurde?","SELECT t2.Museum_ID ,  t1.name FROM museum AS t1 JOIN visit AS t2 ON t1.Museum_ID  =  t2.Museum_ID GROUP BY t2.Museum_ID ORDER BY count(*) DESC LIMIT 1",True,False,False,"['museum', 'Museums']",cross-encoder
"Wie lautet der Name des Museums, das noch keinen Besucher hatte?",SELECT name FROM museum WHERE Museum_ID NOT IN (SELECT museum_id FROM visit),True,False,False,"['museum', 'Museums', 'Visitors']",cross-encoder
"Ermitteln Sie den Namen und das Alter des Besuchers, der die meisten Tickets auf einmal gekauft hat.","SELECT t1.name ,  t1.age FROM visitor AS t1 JOIN visit AS t2 ON t1.id  =  t2.visitor_id ORDER BY t2.num_of_ticket DESC LIMIT 1",False,False,False,['Visitors'],cross-encoder
Wie hoch ist die durchschnittliche und maximale Anzahl der bei allen Besuchen gekauften Eintrittskarten?,"SELECT avg(num_of_ticket) ,  max(num_of_ticket) FROM visit",True,False,False,"['visit', 'Visits']",cross-encoder
"Wie hoch sind die Gesamtkosten für die Eintrittskarten der Besucher, deren Mitgliedsstufe 1 ist?",SELECT sum(t2.Total_spent) FROM visitor AS t1 JOIN visit AS t2 ON t1.id  =  t2.visitor_id WHERE t1.Level_of_membership  =  1,False,False,False,['Visitors'],cross-encoder
"Wie lautet der Name des Besuchers, der sowohl ein vor 2009 eröffnetes Museum als auch ein nach 2011 eröffnetes Museum besucht hat?",SELECT t1.name FROM visitor AS t1 JOIN visit AS t2 ON t1.id  =  t2.visitor_id JOIN museum AS t3 ON t3.Museum_ID  =  t2.Museum_ID WHERE t3.open_year  <  2009 INTERSECT SELECT t1.name FROM visitor AS t1 JOIN visit AS t2 ON t1.id  =  t2.visitor_id JOIN museum AS t3 ON t3.Museum_ID  =  t2.Museum_ID WHERE t3.open_year  >  2011,True,False,False,"['Visitors', 'museum', 'Museums', 'museum', 'Museums']",cross-encoder
"Ermitteln Sie die Anzahl der Besucher, die kein nach 2010 eröffnetes Museum besucht haben.",SELECT count(*) FROM visitor WHERE id NOT IN (SELECT t2.visitor_id FROM museum AS t1 JOIN visit AS t2 ON t1.Museum_ID  =  t2.Museum_ID WHERE t1.open_year  >  2010),True,False,False,"['Visitors', 'museum', 'Museums']",cross-encoder
Wie viele Museen wurden nach 2013 oder vor 2008 eröffnet?,SELECT count(*) FROM museum WHERE open_year  >  2013 OR open_year  <  2008,True,False,False,"['museum', 'Museums']",cross-encoder
Finden Sie die Gesamtzahl der Spieler.,SELECT count(*) FROM players,True,False,False,['player'],cross-encoder
Wie viele Spieler gibt es?,SELECT count(*) FROM players,True,False,False,['player'],cross-encoder
Finden Sie die Gesamtzahl der Spiele.,SELECT count(*) FROM matches,True,False,False,"['game', 'matches', 'Plays_Games']",cross-encoder
Zählen Sie die Spiele.,SELECT count(*) FROM matches,True,False,False,"['game', 'matches', 'Plays_Games']",cross-encoder
Geben Sie den Vornamen und das Geburtsdaten aller Spieler aus dem Land mit dem Code USA an.,"SELECT first_name ,  birth_date FROM players WHERE country_code  =  'USA'",True,False,False,"['player', 'country', 'countries']",cross-encoder
Wie lauten die Vornamen und Geburtsdaten der Spieler aus den USA?,"SELECT first_name ,  birth_date FROM players WHERE country_code  =  'USA'",True,False,False,['player'],cross-encoder
Finden Sie das Durchschnittsalter der Verlierer und Gewinner aller Spiele.,"SELECT avg(loser_age) ,  avg(winner_age) FROM matches",True,False,False,"['game', 'matches', 'Plays_Games']",cross-encoder
Wie sind die Durchschnittsalter der Verlierer und Gewinner aller Spiele?,"SELECT avg(loser_age) ,  avg(winner_age) FROM matches",True,False,False,"['game', 'matches', 'Plays_Games']",cross-encoder
Finden Sie den durchschnittlichen Rang der Gewinner in allen Spielen.,SELECT avg(winner_rank) FROM matches,False,False,False,['Plays_Games'],cross-encoder
Was ist der durchschnittliche Rang der Gewinner in allen Spielen?,SELECT avg(winner_rank) FROM matches,False,False,False,['Plays_Games'],cross-encoder
Finden Sie den höchsten Rang der Verlierer in allen Spielen.,SELECT min(loser_rank) FROM matches,False,False,False,['Plays_Games'],cross-encoder
Welches ist der beste Rang der Verlierer über alle Spiele hinweg?,SELECT min(loser_rank) FROM matches,True,False,False,"['game', 'matches', 'Plays_Games']",cross-encoder
Finden Sie die Anzahl der verschiedenen Ländercodes aller Spieler.,SELECT count(DISTINCT country_code) FROM players,True,False,False,['player'],cross-encoder
Aus wie vielen verschiedenen Ländern kommen die Spieler?,SELECT count(DISTINCT country_code) FROM players,True,False,False,"['country', 'countries', 'player']",cross-encoder
"Finden Sie den Namen eines Turniers, das mehr als 10 Spiele hat.",SELECT tourney_name FROM matches GROUP BY tourney_name HAVING count(*)  >  10,True,False,False,"['game', 'matches', 'Plays_Games']",cross-encoder
"Wie lauten die Namen von Turnieren, die mehr als 10 Spiele haben?",SELECT tourney_name FROM matches GROUP BY tourney_name HAVING count(*)  >  10,True,False,False,"['game', 'matches', 'Plays_Games']",cross-encoder
"Listen Sie die Namen aller Gewinner auf, die sowohl 2013 als auch 2016 gespielt haben.",SELECT winner_name FROM matches WHERE YEAR  =  2013 INTERSECT SELECT winner_name FROM matches WHERE YEAR  =  2016,False,False,False,"['list', 'Plays_Games']",cross-encoder
"Wie lauten die Namen der Spieler, die sowohl im Jahr 2013 als auch im Jahr 2016 gewonnen haben?",SELECT winner_name FROM matches WHERE YEAR  =  2013 INTERSECT SELECT winner_name FROM matches WHERE YEAR  =  2016,False,False,False,['player'],cross-encoder
"Geben Sie die Anzahl aller Spiele an, die 2013 oder 2016 stattgefunden haben.",SELECT count(*) FROM matches WHERE YEAR  =  2013 OR YEAR  =  2016,True,False,False,"['game', 'matches', 'Plays_Games']",cross-encoder
Wie viele Spiele wurden 2013 oder 2016 ausgetragen?,SELECT count(*) FROM matches WHERE YEAR  =  2013 OR YEAR  =  2016,True,False,False,"['game', 'matches', 'Plays_Games']",cross-encoder
"Wie lauten Ländercode und Vorname der Spieler, die sowohl bei den WTA-Meisterschaften als auch bei den Australian Open gewonnen haben?","SELECT T1.country_code ,  T1.first_name FROM players AS T1 JOIN matches AS T2 ON T1.player_id  =  T2.winner_id WHERE T2.tourney_name  =  'WTA Championships' INTERSECT SELECT T1.country_code ,  T1.first_name FROM players AS T1 JOIN matches AS T2 ON T1.player_id  =  T2.winner_id WHERE T2.tourney_name  =  'Australian Open'",True,False,False,['player'],cross-encoder
"Wie lauten die Vornamen und Ländercodes der Spieler, die sowohl die WTA-Meisterschaften als auch die Australian Open gewonnen haben?","SELECT T1.country_code ,  T1.first_name FROM players AS T1 JOIN matches AS T2 ON T1.player_id  =  T2.winner_id WHERE T2.tourney_name  =  'WTA Championships' INTERSECT SELECT T1.country_code ,  T1.first_name FROM players AS T1 JOIN matches AS T2 ON T1.player_id  =  T2.winner_id WHERE T2.tourney_name  =  'Australian Open'",True,False,False,['player'],cross-encoder
Finden Sie den Vornamen und den Ländercode des ältesten Spielers.,"SELECT first_name ,  country_code FROM players ORDER BY birth_date LIMIT 1",True,False,False,['player'],cross-encoder
Wie lauten der Vorname und der Ländercode des ältesten Spielers?,"SELECT first_name ,  country_code FROM players ORDER BY birth_date LIMIT 1",True,False,False,['player'],cross-encoder
Listen Sie den Vor- und Nachnamen aller Spieler in der Reihenfolge ihres Geburtsdatums auf.,"SELECT first_name ,  last_name FROM players ORDER BY birth_date",True,False,False,"['list', 'player']",cross-encoder
Wie lauten die vollständigen Namen aller Spieler in der Reihenfolge ihres Geburtsdatums?,"SELECT first_name ,  last_name FROM players ORDER BY birth_date",True,False,False,['player'],cross-encoder
"Listen Sie den Vor- und Nachnamen aller Spieler, die Linkshänder verwenden, in der Reihenfolge ihres Geburtsdatums auf.","SELECT first_name ,  last_name FROM players WHERE hand  =  'L' ORDER BY birth_date",True,False,False,"['list', 'player']",cross-encoder
Wie lauten die vollständigen Namen aller linkshändigen Spieler in der Reihenfolge ihres Geburtsdatums?,"SELECT first_name ,  last_name FROM players WHERE hand  =  'L' ORDER BY birth_date",True,False,False,['player'],cross-encoder
"Finden Sie den Vornamen und den Ländercode des Spielers, der die meisten Touren absolviert hat.","SELECT T1.country_code ,  T1.first_name FROM players AS T1 JOIN rankings AS T2 ON T1.player_id  =  T2.player_id ORDER BY T2.tours DESC LIMIT 1",True,False,False,['player'],cross-encoder
Wie lauten der Vorname und der Ländercode des Spielers mit den meisten Tourneen?,"SELECT T1.country_code ,  T1.first_name FROM players AS T1 JOIN rankings AS T2 ON T1.player_id  =  T2.player_id ORDER BY T2.tours DESC LIMIT 1",True,False,False,['player'],cross-encoder
Finden Sie das Jahr mit der höchsten Anzahl von Spielen.,SELECT YEAR FROM matches GROUP BY YEAR ORDER BY count(*) DESC LIMIT 1,False,False,False,['Plays_Games'],cross-encoder
Welches Jahr hatte die meisten Spiele?,SELECT YEAR FROM matches GROUP BY YEAR ORDER BY count(*) DESC LIMIT 1,True,False,False,"['game', 'matches', 'Plays_Games']",cross-encoder
"Finden Sie den Namen und die Ranglistenpunkte des Gewinners, der die meisten Spiele gewonnen hat.","SELECT winner_name ,  winner_rank_points FROM matches GROUP BY winner_name ORDER BY count(*) DESC LIMIT 1",True,False,False,"['game', 'matches', 'Plays_Games']",cross-encoder
"Wie lautet der Name des Gewinners, der die meisten Spiele gewonnen hat, und wie viele Ranglistenpunkte hat dieser Spieler?","SELECT winner_name ,  winner_rank_points FROM matches GROUP BY winner_name ORDER BY count(*) DESC LIMIT 1",True,False,False,"['game', 'matches', 'Plays_Games', 'player']",cross-encoder
"Finden Sie die Namen des Verlierers und des Gewinners, der an dem Spiel mit der größten Anzahl von Minuten teilgenommen hat.","SELECT winner_name ,  loser_name FROM matches ORDER BY minutes DESC LIMIT 1",True,False,False,"['game', 'matches', 'Plays_Games']",cross-encoder
"Wie lauten die Namen des Gewinners und des Verlierers, die am längsten an den Spielen teilgenommen haben?","SELECT winner_name ,  loser_name FROM matches ORDER BY minutes DESC LIMIT 1",False,False,False,['Plays_Games'],cross-encoder
Finden Sie den durchschnittlichen Rang für jeden Spieler und seinen Vornamen.,"SELECT avg(ranking) ,  T1.first_name FROM players AS T1 JOIN rankings AS T2 ON T1.player_id  =  T2.player_id GROUP BY T1.first_name",True,False,False,['player'],cross-encoder
Wie lauten die Vornamen aller Spieler und ihr durchschnittlicher Rang?,"SELECT avg(ranking) ,  T1.first_name FROM players AS T1 JOIN rankings AS T2 ON T1.player_id  =  T2.player_id GROUP BY T1.first_name",True,False,False,['player'],cross-encoder
Finden Sie die Gesamtpunktzahl für jeden Spieler und seinen Vornamen.,"SELECT sum(ranking_points) ,  T1.first_name FROM players AS T1 JOIN rankings AS T2 ON T1.player_id  =  T2.player_id GROUP BY T1.first_name",True,False,False,['player'],cross-encoder
Wie lauten die Vornamen aller Spieler und ihre Gesamtpunktzahl der Ranglistenpunkte?,"SELECT sum(ranking_points) ,  T1.first_name FROM players AS T1 JOIN rankings AS T2 ON T1.player_id  =  T2.player_id GROUP BY T1.first_name",True,False,False,['player'],cross-encoder
Finden Sie die Anzahl der Spieler für jedes Land.,"SELECT count(*) ,  country_code FROM players GROUP BY country_code",True,False,False,"['player', 'country', 'countries']",cross-encoder
Wie viele Spieler kommen aus jedem Land?,"SELECT count(*) ,  country_code FROM players GROUP BY country_code",True,False,False,"['player', 'country', 'countries']",cross-encoder
"Finden Sie den Code des Landes, in dem die meisten Spieler leben.",SELECT country_code FROM players GROUP BY country_code ORDER BY count(*) DESC LIMIT 1,True,False,False,"['country', 'countries', 'player', 'Lives_in']",cross-encoder
Wie lautet der Code des Landes mit den meisten Spielern?,SELECT country_code FROM players GROUP BY country_code ORDER BY count(*) DESC LIMIT 1,True,False,False,"['country', 'countries']",cross-encoder
"Finden Sie die Codes der Länder, die mehr als 50 Spieler haben.",SELECT country_code FROM players GROUP BY country_code HAVING count(*)  >  50,True,False,False,"['country', 'countries', 'player']",cross-encoder
Wie lauten die Codes der Länder mit mehr als 50 Spielern?,SELECT country_code FROM players GROUP BY country_code HAVING count(*)  >  50,True,False,False,"['country', 'countries']",cross-encoder
"Finden Sie die Anzahl der Spiele, die in jedem Jahr stattgefunden haben.","SELECT count(*) ,  YEAR FROM matches GROUP BY YEAR",True,False,False,"['game', 'matches', 'Plays_Games']",cross-encoder
Wie viele Spiele wurden in jedem Jahr ausgetragen?,"SELECT count(*) ,  YEAR FROM matches GROUP BY YEAR",True,False,False,"['game', 'matches', 'Plays_Games']",cross-encoder
Finden Sie den Namen und Rang der 3 jüngsten Gewinner über alle Spiele hinweg.,"SELECT DISTINCT winner_name ,  winner_rank FROM matches ORDER BY winner_age LIMIT 3",True,False,False,"['game', 'matches', 'Plays_Games']",cross-encoder
Wie lauten die Namen und Ränge der drei jüngsten Gewinner über alle Spiele hinweg?,"SELECT DISTINCT winner_name ,  winner_rank FROM matches ORDER BY winner_age LIMIT 3",True,False,False,"['game', 'matches', 'Plays_Games']",cross-encoder
"Finden Sie den Vornamen, den Ländercode und das Geburtsdatum des Gewinners, der in allen Spielen die höchsten Ranglistenpunkte erzielt hat.","SELECT T1.first_name ,  T1.country_code ,  T1.birth_date FROM players AS T1 JOIN matches AS T2 ON T1.player_id  =  T2.winner_id ORDER BY T2.winner_rank_points DESC LIMIT 1",False,False,False,['Plays_Games'],cross-encoder
"Wie lauten der Vorname, der Ländercode und das Geburtsdatum des Spielers mit den meisten Ranglistenpunkten in allen Spielen?","SELECT T1.first_name ,  T1.country_code ,  T1.birth_date FROM players AS T1 JOIN matches AS T2 ON T1.player_id  =  T2.winner_id ORDER BY T2.winner_rank_points DESC LIMIT 1",True,False,False,"['player', 'Plays_Games']",cross-encoder
Finden Sie die Anzahl der Spieler für jeden Handtyp.,"SELECT count(*) ,  hand FROM players GROUP BY hand",True,False,False,['player'],cross-encoder
Wie viele Spieler gibt es für jeden Handtyp?,"SELECT count(*) ,  hand FROM players GROUP BY hand",True,False,False,['player'],cross-encoder
"Wie viele Schiffe wurden am Ende ""gekapert""?",SELECT count(*) FROM ship WHERE disposition_of_ship  =  'Captured',True,False,False,['ship'],cross-encoder
"Listen Sie den Namen, das Datum und das Ergebnis jeder Schlacht auf.","SELECT name ,  date FROM battle",True,False,False,"['list', 'results', 'battle']",cross-encoder
Welche Situationen mit Toten und Verletzten wurden durch das Schiff mit der Tonnage 't' verursacht?,"SELECT T1.killed ,  T1.injured FROM death AS T1 JOIN ship AS t2 ON T1.caused_by_ship_id  =  T2.id WHERE T2.tonnage  =  't'",True,False,False,['ship'],cross-encoder
"Wie lauten der Name und die Ergebnisse der Kämpfe, wenn der bulgarische Kommandeur nicht ""Boril"" ist?","SELECT name ,  RESULT FROM battle WHERE bulgarian_commander != 'Boril'",False,False,False,['results'],cross-encoder
"Wie lauten die verschiedenen IDs und Namen der Kämpfe, in denen Schiffe des Typs ""Brig"" verloren gingen?","SELECT DISTINCT T1.id ,  T1.name FROM battle AS T1 JOIN ship AS T2 ON T1.id  =  T2.lost_in_battle WHERE T2.ship_type  =  'Brig'",True,False,False,['ship'],cross-encoder
Wie viele verschiedene Ergebnisse gibt es bei den Kämpfen?,SELECT count(DISTINCT RESULT) FROM battle,False,False,False,['results'],cross-encoder
In wie vielen Kämpfen hat kein Schiff mit der Tonnage '225' verloren?,SELECT count(*) FROM battle WHERE id NOT IN ( SELECT lost_in_battle FROM ship WHERE tonnage  =  '225' );,True,False,False,['ship'],cross-encoder
"Nennen Sie den Namen und das Datum der Kämpfe, die das Schiff mit dem Namen ""Lettice"" und das Schiff mit dem Namen ""HMS Atalanta"" verloren haben.","SELECT T1.name ,  T1.date FROM battle AS T1 JOIN ship AS T2 ON T1.id  =  T2.lost_in_battle WHERE T2.name  =  'Lettice' INTERSECT SELECT T1.name ,  T1.date FROM battle AS T1 JOIN ship AS T2 ON T1.id  =  T2.lost_in_battle WHERE T2.name  =  'HMS Atalanta'",True,False,False,"['ship', 'ship']",cross-encoder
"Zeigen Sie Namen, Ergebnisse und bulgarische Kommandeure der Kämpfe ohne verlorene Schiffe im ""Ärmelkanal"".","SELECT name ,  RESULT ,  bulgarian_commander FROM battle EXCEPT SELECT T1.name ,  T1.result ,  T1.bulgarian_commander FROM battle AS T1 JOIN ship AS T2 ON T1.id  =  T2.lost_in_battle WHERE T2.location  =  'English Channel'",True,False,False,"['results', 'ship']",cross-encoder
"Was sind die Aufzeichnungen der Todesfälle, die die Teilzeichenfolge 'Ost' haben?",SELECT note FROM death WHERE note LIKE '%East%',False,False,False,['record'],cross-encoder
Was sind alle Adressen einschließlich Zeile 1 und Zeile 2?,"SELECT line_1 ,  line_2 FROM addresses",True,False,False,"['Addresses', 'address']",cross-encoder
Was ist die erste und zweite Zeile für alle Adressen?,"SELECT line_1 ,  line_2 FROM addresses",True,False,False,"['Addresses', 'address']",cross-encoder
Wie viele Kurse sind insgesamt aufgeführt?,SELECT count(*) FROM Courses,True,False,False,"['course', 'Courses']",cross-encoder
Wie viele Kurse gibt es?,SELECT count(*) FROM Courses,True,False,False,"['course', 'Courses']",cross-encoder
Wie lautet die Postleitzahl der Adresse in der Stadt Port Chelsea?,SELECT zip_postcode FROM Addresses WHERE city  =  'Port Chelsea',True,False,False,"['Addresses', 'address', 'city']",cross-encoder
Wie lautet die Postleitzahl der Stadt Port Chelsea?,SELECT zip_postcode FROM Addresses WHERE city  =  'Port Chelsea',True,False,False,['city'],cross-encoder
Welche Abteilung bietet die meisten Abschlüsse an? Geben Sie den Namen und die ID der Abteilung an.,"SELECT T2.department_name ,  T1.department_id FROM Degree_Programs AS T1 JOIN Departments AS T2 ON T1.department_id  =  T2.department_id GROUP BY T1.department_id ORDER BY count(*) DESC LIMIT 1",True,False,False,"['department', 'departments', 'department', 'departments']",cross-encoder
Wie lautet der Name und die ID der Abteilung mit den meisten Abschlüssen?,"select t2.department_name ,  t1.department_id from degree_programs as t1 join departments as t2 on t1.department_id  =  t2.department_id group by t1.department_id order by count(*) desc limit 1",True,False,False,"['department', 'departments']",cross-encoder
Wie viele Abteilungen bieten die meisten Abschlüsse an?,SELECT count(DISTINCT department_id) FROM Degree_Programs,True,False,False,"['department', 'departments']",cross-encoder
Wie viele verschiedene Abteilungen bieten Abschlüsse an?,SELECT count(DISTINCT department_id) FROM Degree_Programs,True,False,False,"['department', 'departments']",cross-encoder
Wie viele Abschlüsse bietet die Abteilung für Ingenieurwissenschaften an?,SELECT count(*) FROM Departments AS T1 JOIN Degree_Programs AS T2 ON T1.department_id  =  T2.department_id WHERE T1.department_name  =  'engineer',True,False,False,"['department', 'departments']",cross-encoder
Wie viele Abschlüsse hat die Abteilung für Ingenieurwissenschaften?,SELECT count(*) FROM Departments AS T1 JOIN Degree_Programs AS T2 ON T1.department_id  =  T2.department_id WHERE T1.department_name  =  'engineer',True,False,False,"['department', 'departments']",cross-encoder
Wie lauten die Bezeichnungen und Beschreibungen aller Sektionen?,"SELECT section_name ,  section_description FROM Sections",False,False,False,['appellations'],cross-encoder
Wie lauten die Namen und IDs von Kursen mit höchstens 2 Sektionen?,"SELECT T1.course_name ,  T1.course_id FROM Courses AS T1 JOIN Sections AS T2 ON T1.course_id  =  T2.course_id GROUP BY T1.course_id HAVING count(*)  <=  2",True,False,False,"['course', 'Courses']",cross-encoder
Wie lauten die Namen und IDs aller Kurse mit weniger als 2 Sektionen?,"SELECT T1.course_name ,  T1.course_id FROM Courses AS T1 JOIN Sections AS T2 ON T1.course_id  =  T2.course_id GROUP BY T1.course_id HAVING count(*)  <=  2",True,False,False,"['course', 'Courses']",cross-encoder
In welchem Semester sind die meisten Studierenden eingeschrieben? Zeigen Sie sowohl den Namen als auch die ID an.,"SELECT T1.semester_name ,  T1.semester_id FROM Semesters AS T1 JOIN Student_Enrolment AS T2 ON T1.semester_id  =  T2.semester_id GROUP BY T1.semester_id ORDER BY count(*) DESC LIMIT 1",True,False,False,"['Semesters', 'ENROLL']",cross-encoder
"Wie lauten für jedes Semester der Name und die ID des Semesters, in dem die meisten Studierenden eingeschrieben sind?","SELECT T1.semester_name ,  T1.semester_id FROM Semesters AS T1 JOIN Student_Enrolment AS T2 ON T1.semester_id  =  T2.semester_id GROUP BY T1.semester_id ORDER BY count(*) DESC LIMIT 1",True,False,False,"['Semesters', 'Semesters', 'ENROLL']",cross-encoder
"Wie lautet die Beschreibung der Abteilung, deren Name die Teilzeichenfolge des Computers enthält?",SELECT department_description FROM Departments WHERE department_name LIKE '%computer%',True,False,False,"['department', 'departments']",cross-encoder
"Wie lautet die Beschreibung der Abteilung, in deren Namen das Wort Computer vorkommt?",SELECT department_description FROM Departments WHERE department_name LIKE '%computer%',True,False,False,"['department', 'departments']",cross-encoder
"Wer ist in einem Semester in 2 Studiengängen eingeschrieben? Führen Sie den Vornamen, den Mittel- und Nachnamen und die ID auf.","SELECT T1.first_name ,  T1.middle_name ,  T1.last_name ,  T1.student_id FROM Students AS T1 JOIN Student_Enrolment AS T2 ON T1.student_id  =  T2.student_id GROUP BY T1.student_id HAVING count(*)  =  2",False,False,False,"['Semesters', 'Degree_Programs', 'ENROLL']",cross-encoder
"Wie lauten die Vor-, Mittel- und Nachnamen sowie die Kennungen aller Studierenden, die sich in einem Semester in 2 Studiengängen eingeschrieben haben?","SELECT T1.first_name ,  T1.middle_name ,  T1.last_name ,  T1.student_id FROM Students AS T1 JOIN Student_Enrolment AS T2 ON T1.student_id  =  T2.student_id GROUP BY T1.student_id HAVING count(*)  =  2",False,False,False,"['Semesters', 'Degree_Programs', 'ENROLL']",cross-encoder
"Wer ist für einen Bachelor-Studiengang eingeschrieben? Führen Sie den Vornamen, den zweiten Vornamen und den Nachnamen auf.","SELECT DISTINCT T1.first_name ,  T1.middle_name ,  T1.last_name FROM Students AS T1 JOIN Student_Enrolment AS T2 ON T1.student_id  =  T2.student_id JOIN Degree_Programs AS T3 ON T2.degree_program_id  =  T3.degree_program_id WHERE T3.degree_summary_name  =  'Bachelor'",False,False,False,['ENROLL'],cross-encoder
"Wie lauten die Vor-, Mittel- und Nachnamen aller an einem Bachelor-Studiengang eingeschriebenen Personen?","SELECT DISTINCT T1.first_name ,  T1.middle_name ,  T1.last_name FROM Students AS T1 JOIN Student_Enrolment AS T2 ON T1.student_id  =  T2.student_id JOIN Degree_Programs AS T3 ON T2.degree_program_id  =  T3.degree_program_id WHERE T3.degree_summary_name  =  'Bachelor'",False,False,False,"['people', 'people']",cross-encoder
"Finden Sie die Art des Studiengangs, in dem die meisten Studierenden eingeschrieben sind?",SELECT T1.degree_summary_name FROM Degree_Programs AS T1 JOIN Student_Enrolment AS T2 ON T1.degree_program_id  =  T2.degree_program_id GROUP BY T1.degree_summary_name ORDER BY count(*) DESC LIMIT 1,True,False,False,"['Degree_Programs', 'ENROLL']",cross-encoder
"Wie lautet der Name der Zusammenfassung des Abschlusses, für den die meisten Studierenden eingeschrieben sind?",SELECT T1.degree_summary_name FROM Degree_Programs AS T1 JOIN Student_Enrolment AS T2 ON T1.degree_program_id  =  T2.degree_program_id GROUP BY T1.degree_summary_name ORDER BY count(*) DESC LIMIT 1,False,False,False,['ENROLL'],cross-encoder
"Finden Sie das Studiengang, in dem die meisten Studierenden eingeschrieben sind. Listen Sie sowohl die ID als auch die Zusammenfassung auf.","SELECT T1.degree_program_id ,  T1.degree_summary_name FROM Degree_Programs AS T1 JOIN Student_Enrolment AS T2 ON T1.degree_program_id  =  T2.degree_program_id GROUP BY T1.degree_program_id ORDER BY count(*) DESC LIMIT 1",True,False,False,"['Degree_Programs', 'ENROLL', 'list']",cross-encoder
"Wie lautet die ID und die Zusammenfassung des Studiengangs, in dem die meisten Studierenden eingeschrieben sind?","SELECT T1.degree_program_id ,  T1.degree_summary_name FROM Degree_Programs AS T1 JOIN Student_Enrolment AS T2 ON T1.degree_program_id  =  T2.degree_program_id GROUP BY T1.degree_program_id ORDER BY count(*) DESC LIMIT 1",True,False,False,"['Degree_Programs', 'ENROLL']",cross-encoder
"Welcher Student hat sich am häufigsten für einen Studiengang eingeschrieben? Geben Sie die ID, den Vornamen, den Mittelnamen, den Nachnamen, die Anzahl der Einschreibungen und die Studenten-ID an.","SELECT T1.student_id ,  T1.first_name ,  T1.middle_name ,  T1.last_name ,  count(*) ,  T1.student_id FROM Students AS T1 JOIN Student_Enrolment AS T2 ON T1.student_id  =  T2.student_id GROUP BY T1.student_id ORDER BY count(*) DESC LIMIT 1",True,False,False,"['Student', 'Students', 'Degree_Programs', 'ENROLL', 'enrollments']",cross-encoder
"Wie lauten Vor-, Mittel- und Nachname sowie die ID und die Anzahl der Einschreibungen für den Studierenden, der sich am häufigsten in einen Studiengang eingeschrieben hat?","SELECT T1.student_id ,  T1.first_name ,  T1.middle_name ,  T1.last_name ,  count(*) ,  T1.student_id FROM Students AS T1 JOIN Student_Enrolment AS T2 ON T1.student_id  =  T2.student_id GROUP BY T1.student_id ORDER BY count(*) DESC LIMIT 1",False,False,False,"['enrollments', 'Degree_Programs', 'ENROLL']",cross-encoder
In welchen Semestern ist kein Studierender eingeschrieben? Geben Sie den Semesternamen an.,SELECT semester_name FROM Semesters WHERE semester_id NOT IN( SELECT semester_id FROM Student_Enrolment ),True,False,False,"['Semesters', 'ENROLL']",cross-encoder
"Wie lautet der Name des Semesters, in dem keine Studierenden eingeschrieben sind?",SELECT semester_name FROM Semesters WHERE semester_id NOT IN( SELECT semester_id FROM Student_Enrolment ),True,False,False,"['Semesters', 'ENROLL']",cross-encoder
"Wie lauten die Namen aller Kurse, in die jemals Studierende eingeschrieben waren?",SELECT DISTINCT T1.course_name FROM Courses AS T1 JOIN Student_Enrolment_Courses AS T2 ON T1.course_id  =  T2.course_id,True,False,False,"['course', 'Courses', 'ENROLL']",cross-encoder
"Wie lauten die Namen aller Kurse, für die sich jemals Studierende eingeschrieben haben?",SELECT DISTINCT T1.course_name FROM Courses AS T1 JOIN Student_Enrolment_Courses AS T2 ON T1.course_id  =  T2.course_id,True,False,False,"['course', 'Courses', 'ENROLL']",cross-encoder
Wie lautet der Name des Kurses mit den meisten Einschreibungen?,SELECT  T1.course_name FROM Courses AS T1 JOIN Student_Enrolment_Courses AS T2 ON T1.course_id  =  T2.course_id GROUP BY T1.course_name ORDER BY count(*) DESC LIMIT 1,False,False,False,['enrollments'],cross-encoder
"Wie heißt der Kurs, für den sich die meisten Studierenden eingeschrieben haben?",SELECT  T1.course_name FROM Courses AS T1 JOIN Student_Enrolment_Courses AS T2 ON T1.course_id  =  T2.course_id GROUP BY T1.course_name ORDER BY count(*) DESC LIMIT 1,True,False,False,"['course', 'Courses', 'ENROLL']",cross-encoder
"Finden Sie den Nachnamen der Studierenden, die derzeit im Staat North Carolina leben, aber in keinem Studiengang eingeschrieben sind.",SELECT T1.last_name FROM Students AS T1 JOIN Addresses AS T2 ON T1.current_address_id  =  T2.address_id WHERE T2.state_province_county  =  'NorthCarolina' EXCEPT SELECT DISTINCT T3.last_name FROM Students AS T3 JOIN Student_Enrolment AS T4 ON T3.student_id  =  T4.student_id,False,False,False,"['Lives_in', 'Degree_Programs', 'ENROLL']",cross-encoder
"Wie lauten die Nachnamen der Studenten, die derzeit im Staat North Carolina leben, aber in keinem Studiengang eingeschrieben sind?",SELECT T1.last_name FROM Students AS T1 JOIN Addresses AS T2 ON T1.current_address_id  =  T2.address_id WHERE T2.state_province_county  =  'NorthCarolina' EXCEPT SELECT DISTINCT T3.last_name FROM Students AS T3 JOIN Student_Enrolment AS T4 ON T3.student_id  =  T4.student_id,True,False,False,"['Student', 'Students', 'Lives_in', 'Degree_Programs', 'ENROLL']",cross-encoder
Zeigen Sie das Datum und die ID der Abschrift mit mindestens 2 Ergebnissen des Kurses an.,"SELECT T2.transcript_date ,  T1.transcript_id FROM Transcript_Contents AS T1 JOIN Transcripts AS T2 ON T1.transcript_id  =  T2.transcript_id GROUP BY T1.transcript_id HAVING count(*)  >=  2",False,False,False,['results'],cross-encoder
"Wie lautet das Datum und die ID der Abschrift, in dem mindestens 2 Kurse aufgeführt sind?","SELECT T2.transcript_date ,  T1.transcript_id FROM Transcript_Contents AS T1 JOIN Transcripts AS T2 ON T1.transcript_id  =  T2.transcript_id GROUP BY T1.transcript_id HAVING count(*)  >=  2",False,False,False,"['course', 'Courses']",cross-encoder
Wie lautet die Mobiltelefonnummer des Studenten mit dem Namen Timmothy Ward?,select cell_mobile_number from students where first_name  =  'timmothy' and last_name  =  'ward',True,False,False,"['Student', 'Students']",cross-encoder
"Wer ist der erste Studierende, der sich einschreibt? Geben Sie den Vornamen, den Mittelnamen und den Nachnamen an.","SELECT first_name ,  middle_name ,  last_name FROM Students ORDER BY date_first_registered ASC LIMIT 1",False,False,False,['ENROLL'],cross-encoder
"Wer ist der früheste Absolvent der Schule? Geben Sie den Vornamen, den Mittelnamen und den Nachnamen an.","SELECT first_name ,  middle_name ,  last_name FROM Students ORDER BY date_left ASC LIMIT 1",False,False,False,['school'],cross-encoder
Wessen ständige Adresse unterscheidet sich von seiner aktuellen Adresse? Geben Sie seinen oder ihren Vornamen an.,SELECT first_name FROM Students WHERE current_address_id != permanent_address_id,True,False,False,"['Addresses', 'address', 'Addresses', 'address']",cross-encoder
"Wie lautet der Vorname des/der Studierenden, dessen/deren ständige Adresse sich von seiner/ihrer derzeitigen Adresse unterscheidet?",SELECT first_name FROM Students WHERE current_address_id != permanent_address_id,True,False,False,"['Addresses', 'address', 'Addresses', 'address']",cross-encoder
An welcher Adresse befinden sich derzeit die meisten Studierenden? Geben Sie die ID der Adresse und alle Zeilen an.,"SELECT T1.address_id ,  T1.line_1 ,  T1.line_2 FROM Addresses AS T1 JOIN Students AS T2 ON T1.address_id  =  T2.current_address_id GROUP BY T1.address_id ORDER BY count(*) DESC LIMIT 1",True,False,False,"['Addresses', 'address', 'Addresses', 'address']",cross-encoder
"Wie lautet die ID, Zeile 1 und Zeile 2 der Adresse mit den meisten Studierenden?","SELECT T1.address_id ,  T1.line_1 ,  T1.line_2 FROM Addresses AS T1 JOIN Students AS T2 ON T1.address_id  =  T2.current_address_id GROUP BY T1.address_id ORDER BY count(*) DESC LIMIT 1",True,False,False,"['Addresses', 'address']",cross-encoder
Wie oft kann das Ergebnis einer Kursanmeldung höchstens in verschiedenen Abschriften angezeigt werden? Zeigen Sie auch die ID der Kursanmeldung an.,"SELECT count(*) ,  student_course_id FROM Transcript_Contents GROUP BY student_course_id ORDER BY count(*) DESC LIMIT 1",False,False,False,['results'],cross-encoder
"Wie oft kann ein Kurs maximal in verschiedenen Abschriften angezeigt werden, und wie lautet die ID der Kursanmeldung?","SELECT count(*) ,  student_course_id FROM Transcript_Contents GROUP BY student_course_id ORDER BY count(*) DESC LIMIT 1",True,False,False,"['course', 'Courses']",cross-encoder
"Zeigen Sie das Datum der Abschrift an, das die geringste Anzahl von Ergebnissen zeigt, und geben Sie auch die ID an.","SELECT T2.transcript_date ,  T1.transcript_id FROM Transcript_Contents AS T1 JOIN Transcripts AS T2 ON T1.transcript_id  =  T2.transcript_id GROUP BY T1.transcript_id ORDER BY count(*) ASC LIMIT 1",False,False,False,['results'],cross-encoder
Was ist das Datum und die ID der Abschrift mit der geringsten Anzahl von Ergebnissen?,"SELECT T2.transcript_date ,  T1.transcript_id FROM Transcript_Contents AS T1 JOIN Transcripts AS T2 ON T1.transcript_id  =  T2.transcript_id GROUP BY T1.transcript_id ORDER BY count(*) ASC LIMIT 1",False,False,False,['results'],cross-encoder
"Finden Sie das Semester, in dem sowohl Master- als auch Bachelor-Studierende eingeschrieben waren.",SELECT DISTINCT T2.semester_id FROM Degree_Programs AS T1 JOIN Student_Enrolment AS T2 ON T1.degree_program_id  =  T2.degree_program_id WHERE degree_summary_name  =  'Master' INTERSECT SELECT DISTINCT T2.semester_id FROM Degree_Programs AS T1 JOIN Student_Enrolment AS T2 ON T1.degree_program_id  =  T2.degree_program_id WHERE degree_summary_name  =  'Bachelor',False,False,False,"['Semesters', 'ENROLL']",cross-encoder
"Was ist die ID des Semesters, in dem sowohl Master- als auch Bachelor-Studierende eingeschrieben waren?",SELECT DISTINCT T2.semester_id FROM Degree_Programs AS T1 JOIN Student_Enrolment AS T2 ON T1.degree_program_id  =  T2.degree_program_id WHERE degree_summary_name  =  'Master' INTERSECT SELECT DISTINCT T2.semester_id FROM Degree_Programs AS T1 JOIN Student_Enrolment AS T2 ON T1.degree_program_id  =  T2.degree_program_id WHERE degree_summary_name  =  'Bachelor',False,False,False,"['Semesters', 'ENROLL']",cross-encoder
Wie viele verschiedene Adressen haben die Studierenden derzeit?,SELECT count(DISTINCT current_address_id) FROM Students,True,False,False,"['Addresses', 'address']",cross-encoder
"Welche verschiedenen Adressen haben Studierende, die dort wohnen?",SELECT count(DISTINCT current_address_id) FROM Students,True,False,False,"['Addresses', 'address']",cross-encoder
Führen Sie alle Details der Studenten in umgekehrter lexikographischer Reihenfolge auf.,SELECT other_student_details FROM Students ORDER BY other_student_details DESC,True,False,False,"['Student', 'Students']",cross-encoder
"Finden Sie den Vornamen der Studierenden, die dauerhaft in dem Land Haiti wohnen oder die Handynummer 09700166582 haben.",select t1.first_name from students as t1 join addresses as t2 on t1.permanent_address_id  =  t2.address_id where t2.country  =  'haiti' or t1.cell_mobile_number  =  '09700166582',True,False,False,"['country', 'countries']",cross-encoder
Listen Sie die Titel aller Cartoons in alphabetischer Reihenfolge auf.,SELECT Title FROM Cartoon ORDER BY title,False,False,False,['list'],cross-encoder
"Listen Sie alle Cartoons auf, die unter der Regie von ""Ben Jones"" entstanden sind.","SELECT Title FROM Cartoon WHERE Directed_by = ""Ben Jones"";",True,False,False,"['list', 'directed_by']",cross-encoder
Wie lauten die Namen aller Cartoons unter der Regie von Ben Jones?,"SELECT Title FROM Cartoon WHERE Directed_by = ""Ben Jones"";",True,False,False,['directed_by'],cross-encoder
"Wie viele Cartoons wurden von ""Joseph Kuhr"" geschrieben?","SELECT count(*) FROM Cartoon WHERE Written_by = ""Joseph Kuhr"";",True,False,False,"['writes', 'written_by']",cross-encoder
"Wie viele Cartoons wurden von ""Joseph Kuhr"" geschrieben?","SELECT count(*) FROM Cartoon WHERE Written_by = ""Joseph Kuhr"";",True,False,False,"['writes', 'written_by']",cross-encoder
Listen Sie alle Titel der Cartoons und ihre Regisseure geordnet nach ihrem Sendedatum auf,"SELECT title ,  Directed_by FROM Cartoon ORDER BY Original_air_date",False,False,False,"['list', 'director']",cross-encoder
"Wie lauten der Name und die Regisseure aller Cartoons, die nach Sendedatum bestellt werden?","SELECT title ,  Directed_by FROM Cartoon ORDER BY Original_air_date",False,False,False,['director'],cross-encoder
"Führen Sie den Titel aller Cartoons auf, die unter der Regie von ""Ben Jones"" oder ""Brandon Vietti"" entstanden sind.","SELECT Title FROM Cartoon WHERE Directed_by = ""Ben Jones"" OR Directed_by = ""Brandon Vietti"";",True,False,False,['directed_by'],cross-encoder
"Wie lauten die Titel aller Cartoons, die unter der Regie von Ben Jones oder Brandon Vietti entstanden sind?","SELECT Title FROM Cartoon WHERE Directed_by = ""Ben Jones"" OR Directed_by = ""Brandon Vietti"";",True,False,False,['directed_by'],cross-encoder
"Welches Land hat die meisten Fernsehsender? Führen Sie das Land und die Anzahl der Fernsehsender auf, die es hat.","SELECT Country ,  count(*) FROM TV_Channel GROUP BY Country ORDER BY count(*) DESC LIMIT 1;",True,False,False,"['country', 'countries', 'tv_series', 'TV_series', 'country', 'countries', 'tv_series', 'TV_series']",cross-encoder
Welches ist das Land mit den meisten Fernsehsendern und wie viele hat es?,"SELECT Country ,  count(*) FROM TV_Channel GROUP BY Country ORDER BY count(*) DESC LIMIT 1;",True,False,False,"['country', 'countries', 'tv_series', 'TV_series']",cross-encoder
Führen Sie die Anzahl der verschiedenen Seriennamen und Inhalte in der Tabelle der Fernsehsender auf.,"SELECT count(DISTINCT series_name) ,  count(DISTINCT content) FROM TV_Channel;",False,False,False,"['tv_series', 'TV_series']",cross-encoder
Wie viele verschiedene Serien und Inhalte sind in der Tabelle der Fernsehsender aufgeführt?,"SELECT count(DISTINCT series_name) ,  count(DISTINCT content) FROM TV_Channel;",False,False,False,"['tv_series', 'TV_series']",cross-encoder
"Was ist der Inhalt des Fernsehsenders mit dem Seriennamen ""Sky Radio""?","SELECT Content FROM TV_Channel WHERE series_name = ""Sky Radio"";",False,False,False,"['tv_series', 'TV_series']",cross-encoder
"Was ist die Paketoption des Fernsehsenders mit dem Seriennamen ""Sky Radio""?","SELECT Package_Option FROM TV_Channel WHERE series_name = ""Sky Radio"";",False,False,False,"['tv_series', 'TV_series']",cross-encoder
"Was sind die Paketoptionen der Fernsehsender mit dem Seriennamen ""Sky Radio""?","SELECT Package_Option FROM TV_Channel WHERE series_name = ""Sky Radio"";",False,False,False,"['tv_series', 'TV_series']",cross-encoder
Wie viele Fernsehsender verwenden die Sprache Englisch?,"SELECT count(*) FROM TV_Channel WHERE LANGUAGE = ""English"";",True,False,False,"['tv_series', 'TV_series', 'language']",cross-encoder
Wie viele Fernsehsender verwenden die englische Sprache?,"SELECT count(*) FROM TV_Channel WHERE LANGUAGE = ""English"";",True,False,False,"['tv_series', 'TV_series', 'language']",cross-encoder
"Führen Sie die Sprache auf, die die geringste Anzahl von Fernsehsendern verwendet. Listen Sie die Sprache und die Anzahl der Fernsehsender auf.","SELECT LANGUAGE ,  count(*) FROM TV_Channel GROUP BY LANGUAGE ORDER BY count(*) ASC LIMIT 1;",True,False,False,"['language', 'tv_series', 'TV_series', 'list', 'language', 'tv_series', 'TV_series']",cross-encoder
Welche Sprachen werden von der geringsten Anzahl von Fernsehsendern verwendet und wie viele Sender verwenden sie?,"SELECT LANGUAGE ,  count(*) FROM TV_Channel GROUP BY LANGUAGE ORDER BY count(*) ASC LIMIT 1;",True,False,False,"['language', 'tv_series', 'TV_series']",cross-encoder
"Führen Sie jede Sprache und die Anzahl der Fernsehsender auf, die sie verwenden.","SELECT LANGUAGE ,  count(*) FROM TV_Channel GROUP BY LANGUAGE",True,False,False,"['language', 'tv_series', 'TV_series']",cross-encoder
"Geben Sie für jede Sprache die Anzahl der Fernsehsender an, die sie verwenden.","SELECT LANGUAGE ,  count(*) FROM TV_Channel GROUP BY LANGUAGE",True,False,False,"['language', 'tv_series', 'TV_series']",cross-encoder
"Welcher Fernsehsender zeigt den Cartoon ""The Rise of the Blue Beetle"" (Der Aufstieg des Blauen Käfers)? Geben Sie den Namen der Serie des Fernsehsenders an.","SELECT T1.series_name FROM TV_Channel AS T1 JOIN Cartoon AS T2 ON T1.id = T2.Channel WHERE T2.Title = ""The Rise of the Blue Beetle!"";",False,False,False,"['tv_series', 'TV_series', 'tv_series', 'TV_series']",cross-encoder
"Wie lautet der Serienname des Fernsehsenders, der den Cartoon ""The Rise of the Blue Beetle"" (Der Aufstieg des Blauen Käfers) zeigt?","SELECT T1.series_name FROM TV_Channel AS T1 JOIN Cartoon AS T2 ON T1.id = T2.Channel WHERE T2.Title = ""The Rise of the Blue Beetle!"";",False,False,False,"['tv_series', 'TV_series']",cross-encoder
"Führen Sie den Titel aller im Fernsehsender gezeigten Cartoons mit dem Seriennamen ""Sky Radio"" auf.","SELECT T2.Title FROM TV_Channel AS T1 JOIN Cartoon AS T2 ON T1.id = T2.Channel WHERE T1.series_name = ""Sky Radio"";",False,False,False,"['tv_series', 'TV_series']",cross-encoder
"Wie lautet der Titel aller Cartoons, die auf dem Fernsehsender mit dem Seriennamen ""Sky Radio"" ausgestrahlt werden?","SELECT T2.Title FROM TV_Channel AS T1 JOIN Cartoon AS T2 ON T1.id = T2.Channel WHERE T1.series_name = ""Sky Radio"";",False,False,False,"['tv_series', 'TV_series']",cross-encoder
Listen Sie die Episode aller Fernsehserien nach Bewertung sortiert auf.,SELECT Episode FROM TV_series ORDER BY rating,True,False,False,"['list', 'tv_series', 'TV_series', 'Rating']",cross-encoder
Wie sind alle Episoden nach Bewertungen geordnet?,SELECT Episode FROM TV_series ORDER BY rating,True,False,False,['Rating'],cross-encoder
Führen Sie die 3 Fernsehserie mit der höchsten Bewertung auf. Listen Sie die Episode und die Bewertung der Fernsehserie auf.,"SELECT Episode ,  Rating FROM TV_series ORDER BY Rating DESC LIMIT 3;",True,False,False,"['tv_series', 'TV_series', 'Rating', 'list', 'Rating', 'tv_series', 'TV_series']",cross-encoder
Welches sind die 3 am höchsten bewerteten Episoden in der Tabelle der Fernsehserien und wie hoch waren diese Bewertungen?,"SELECT Episode ,  Rating FROM TV_series ORDER BY Rating DESC LIMIT 3;",True,False,False,"['tv_series', 'TV_series', 'Rating']",cross-encoder
Was ist der minimale und maximale Anteil der Fernsehserien?,"SELECT max(SHARE) , min(SHARE) FROM TV_series;",True,False,False,"['tv_series', 'TV_series']",cross-encoder
Wie hoch ist der maximale und minimale Anteil der Fernsehserien?,"SELECT max(SHARE) , min(SHARE) FROM TV_series;",True,False,False,"['tv_series', 'TV_series']",cross-encoder
"Wann wird eine Fernsehserie mit der Episode "" Die Liebe eines Lebens"" ausgestrahlt?","SELECT Air_Date FROM TV_series WHERE Episode = ""A Love of a Lifetime"";",True,False,False,"['tv_series', 'TV_series', 'Lives_in']",cross-encoder
"Wann wurde die Episode ""Die Liebe eines Lebens"" ausgestrahlt?","SELECT Air_Date FROM TV_series WHERE Episode = ""A Love of a Lifetime"";",False,False,False,['Lives_in'],cross-encoder
"Wie hoch ist der wöchentliche Rang von Fernsehserien mit der Episode ""Die Liebe meines Lebens""?","SELECT Weekly_Rank FROM TV_series WHERE Episode = ""A Love of a Lifetime"";",True,False,False,"['tv_series', 'TV_series', 'Lives_in']",cross-encoder
"Wie hoch ist der wöchentliche Rang der Episode ""Die Liebe eines Lebens""?","SELECT Weekly_Rank FROM TV_series WHERE Episode = ""A Love of a Lifetime"";",False,False,False,['Lives_in'],cross-encoder
"Was ist der Fernsehsender von Fernsehserien mit der Episode ""Die Liebe eines Lebens""? Führen Sie den Namen des Fernsehsenders der Fernsehserie auf.","SELECT T1.series_name FROM TV_Channel AS T1 JOIN TV_series AS T2 ON T1.id = T2.Channel WHERE T2.Episode = ""A Love of a Lifetime"";",True,False,False,"['tv_series', 'TV_series', 'tv_series', 'TV_series', 'Lives_in', 'tv_series', 'TV_series', 'tv_series', 'TV_series']",cross-encoder
"Wie lautet der Name der Serie mit der Episode ""Die Liebe eines Lebens""?","SELECT T1.series_name FROM TV_Channel AS T1 JOIN TV_series AS T2 ON T1.id = T2.Channel WHERE T2.Episode = ""A Love of a Lifetime"";",False,False,False,['Lives_in'],cross-encoder
"Führen Sie die Episode aller im Fernsehsender gezeigten Fernsehserien mit dem Seriennamen ""Sky Radio"" auf.","SELECT T2.Episode FROM TV_Channel AS T1 JOIN TV_series AS T2 ON T1.id = T2.Channel WHERE T1.series_name = ""Sky Radio"";",True,False,False,"['tv_series', 'TV_series', 'tv_series', 'TV_series']",cross-encoder
"Wie lautet die Episode der Fernsehserie mit dem Seriennamen ""Sky Radio""?","SELECT T2.Episode FROM TV_Channel AS T1 JOIN TV_series AS T2 ON T1.id = T2.Channel WHERE T1.series_name = ""Sky Radio"";",True,False,False,"['tv_series', 'TV_series']",cross-encoder
"Finden Sie die Anzahl der Cartoons, bei denen jeder der aufgelisteten Regisseure Regie geführt hat.","SELECT count(*) ,  Directed_by FROM cartoon GROUP BY Directed_by",True,False,False,"['director', 'directed_by']",cross-encoder
Wie viele Cartoons hat jeder Regisseur erstellt?,"SELECT count(*) ,  Directed_by FROM cartoon GROUP BY Directed_by",False,False,False,['director'],cross-encoder
"Finden Sie die Paketauswahl und den Namen der Fernsehserie des Fernsehsenders, der über hochauflösendes Fernsehen verfügt.","SELECT package_option ,  series_name FROM TV_Channel WHERE hight_definition_TV  =  ""yes""",False,False,False,"['tv_series', 'TV_series', 'tv_series', 'TV_series', 'tv_series', 'TV_series']",cross-encoder
"Was sind die Paketoptionen und der Name der Serie für den Fernsehsender, der hochauflösendes Fernsehen unterstützt?","SELECT package_option ,  series_name FROM TV_Channel WHERE hight_definition_TV  =  ""yes""",False,False,False,"['tv_series', 'TV_series', 'tv_series', 'TV_series']",cross-encoder
Welche Fernsehsender in welchen Ländern spielen einen von Todd Casey geschriebenen Cartoon?,SELECT T1.country FROM TV_Channel AS T1 JOIN cartoon AS T2 ON T1.id = T2.Channel WHERE T2.written_by  =  'Todd Casey',True,False,False,"['tv_series', 'TV_series', 'country', 'countries', 'Plays_Games']",cross-encoder
"In welchen Ländern gibt es im Fernsehen Cartoons, die von Todd Casey geschrieben wurden?",SELECT T1.country FROM TV_Channel AS T1 JOIN cartoon AS T2 ON T1.id = T2.Channel WHERE T2.written_by  =  'Todd Casey',True,False,False,"['country', 'countries', 'tv_series', 'TV_series', 'writes', 'written_by']",cross-encoder
Welche Fernsehsender in welchen Ländern spielen keine von Todd Casey geschriebenen Cartoons?,SELECT country FROM TV_Channel EXCEPT SELECT T1.country FROM TV_Channel AS T1 JOIN cartoon AS T2 ON T1.id = T2.Channel WHERE T2.written_by  =  'Todd Casey',True,False,False,"['tv_series', 'TV_series', 'country', 'countries', 'Plays_Games']",cross-encoder
In welchen Ländern werden keine Cartoons von Todd Casey ausgestrahlt?,SELECT country FROM TV_Channel EXCEPT SELECT T1.country FROM TV_Channel AS T1 JOIN cartoon AS T2 ON T1.id = T2.Channel WHERE T2.written_by  =  'Todd Casey',True,False,False,"['country', 'countries']",cross-encoder
"Finden Sie den Namen der Fernsehserie und das Land des Fernsehsenders, der einige Cartoons von Ben Jones und Michael Chang abspielt?","SELECT T1.series_name ,  T1.country FROM TV_Channel AS T1 JOIN cartoon AS T2 ON T1.id = T2.Channel WHERE T2.directed_by  =  'Michael Chang' INTERSECT SELECT T1.series_name ,  T1.country FROM TV_Channel AS T1 JOIN cartoon AS T2 ON T1.id = T2.Channel WHERE T2.directed_by  =  'Ben Jones'",True,False,False,"['tv_series', 'TV_series', 'country', 'countries', 'tv_series', 'TV_series']",cross-encoder
"Wie lauten der Serienname und das Land aller Fernsehsender, die Cartoons unter der Regie von Ben Jones und Cartoons unter der Regie von Michael Chang abspielen?","SELECT T1.series_name ,  T1.country FROM TV_Channel AS T1 JOIN cartoon AS T2 ON T1.id = T2.Channel WHERE T2.directed_by  =  'Michael Chang' INTERSECT SELECT T1.series_name ,  T1.country FROM TV_Channel AS T1 JOIN cartoon AS T2 ON T1.id = T2.Channel WHERE T2.directed_by  =  'Ben Jones'",True,False,False,"['country', 'countries', 'tv_series', 'TV_series', 'directed_by', 'directed_by']",cross-encoder
"Finden Sie das Pixelseitenverhältnis und die Nation der Fernsehsender, die kein Englisch verwenden.","SELECT Pixel_aspect_ratio_PAR ,  country FROM tv_channel WHERE LANGUAGE != 'English'",False,False,False,"['tv_series', 'TV_series']",cross-encoder
"Wie lauten das Pixelseitenverhältnis und das Herkunftsland aller Fernsehsender, die kein Englisch verwenden?","SELECT Pixel_aspect_ratio_PAR ,  country FROM tv_channel WHERE LANGUAGE != 'English'",False,False,False,"['tv_series', 'TV_series']",cross-encoder
"Finden Sie die ID der Fernsehsender aus den Ländern, in denen es mehr als zwei Fernsehsender gibt.",SELECT id FROM tv_channel GROUP BY country HAVING count(*)  >  2,True,False,False,"['tv_series', 'TV_series', 'country', 'countries', 'tv_series', 'TV_series']",cross-encoder
"Wie lauten die IDs aller Fernsehsender, die mehr als 2 Fernsehsender haben?",SELECT id FROM tv_channel GROUP BY country HAVING count(*)  >  2,False,False,False,"['tv_series', 'TV_series', 'tv_series', 'TV_series']",cross-encoder
"Finden Sie die ID der Fernsehsender, die keinen Cartoon unter der Regie von Ben Jones abspielen.",SELECT id FROM TV_Channel EXCEPT SELECT channel FROM cartoon WHERE directed_by  =  'Ben Jones',True,False,False,"['tv_series', 'TV_series', 'directed_by']",cross-encoder
"Wie lauten die IDs der Fernsehsender, die keine Cartoons unter der Regie von Ben Jones abspielen?",SELECT id FROM TV_Channel EXCEPT SELECT channel FROM cartoon WHERE directed_by  =  'Ben Jones',True,False,False,"['tv_series', 'TV_series', 'directed_by']",cross-encoder
"Finden Sie die Paketoption der Fernsehsender, die keine Cartoons unter der Regie von Ben Jones haben.",SELECT package_option FROM TV_Channel WHERE id NOT IN (SELECT channel FROM cartoon WHERE directed_by  =  'Ben Jones'),True,False,False,"['tv_series', 'TV_series', 'directed_by']",cross-encoder
"Was sind die Paketoptionen aller Fernsehsender, die keine Cartoons unter der Regie von Ben Jones abspielen?",SELECT package_option FROM TV_Channel WHERE id NOT IN (SELECT channel FROM cartoon WHERE directed_by  =  'Ben Jones'),True,False,False,"['tv_series', 'TV_series', 'directed_by']",cross-encoder
Wie viele Pokerspieler gibt es?,SELECT count(*) FROM poker_player,True,False,False,['poker_player'],cross-encoder
Zählen Sie die Anzahl der Pokerspieler.,SELECT count(*) FROM poker_player,True,False,False,['poker_player'],cross-encoder
Listen Sie die Einkommen der Pokerspieler in absteigender Reihenfolge auf.,SELECT Earnings FROM poker_player ORDER BY Earnings DESC,True,False,False,"['list', 'poker_player']",cross-encoder
"Wie hoch sind die Einkommen von Pokerspielern, absteigend nach Wert geordnet?",SELECT Earnings FROM poker_player ORDER BY Earnings DESC,True,False,False,['poker_player'],cross-encoder
Führen Sie die erreichten Finaltische und die besten Platzierungen von Pokerspielern auf.,"SELECT Final_Table_Made ,  Best_Finish FROM poker_player",True,False,False,['poker_player'],cross-encoder
Was sind die erreichten Finaltische und die besten Platzierungen aller Pokerspieler?,"SELECT Final_Table_Made ,  Best_Finish FROM poker_player",True,False,False,['poker_player'],cross-encoder
Wie hoch ist das durchschnittliche Einkommen von Pokerspielern?,SELECT avg(Earnings) FROM poker_player,True,False,False,['poker_player'],cross-encoder
Geben Sie das durchschnittliche Einkommen aller Pokerspieler an.,SELECT avg(Earnings) FROM poker_player,True,False,False,['poker_player'],cross-encoder
Was ist der Geldrang des Pokerspielers mit dem höchsten Einkommen?,SELECT Money_Rank FROM poker_player ORDER BY Earnings DESC LIMIT 1,True,False,False,['poker_player'],cross-encoder
Geben Sie den Geldrang des Spielers mit dem höchsten Einkommen zurück.,SELECT Money_Rank FROM poker_player ORDER BY Earnings DESC LIMIT 1,True,False,False,['player'],cross-encoder
Wie hoch ist die maximale Anzahl von Finaltischen unter Pokerspielern mit einem Einkommen von weniger als 200000?,SELECT max(Final_Table_Made) FROM poker_player WHERE Earnings  <  200000,True,False,False,['poker_player'],cross-encoder
"Geben Sie die maximale Anzahl der Finaltische zurück, die von allen Pokerspielern mit Einkommen unter 200000 erreicht wurden.",SELECT max(Final_Table_Made) FROM poker_player WHERE Earnings  <  200000,True,False,False,['poker_player'],cross-encoder
Wie lauten die Namen der Pokerspieler?,SELECT T1.Name FROM people AS T1 JOIN poker_player AS T2 ON T1.People_ID  =  T2.People_ID,True,False,False,['poker_player'],cross-encoder
Geben Sie die Namen aller Pokerspieler zurück.,SELECT T1.Name FROM people AS T1 JOIN poker_player AS T2 ON T1.People_ID  =  T2.People_ID,True,False,False,['poker_player'],cross-encoder
"Wie lauten die Namen von Pokerspielern, deren Einkommen höher als 300000 ist?",SELECT T1.Name FROM people AS T1 JOIN poker_player AS T2 ON T1.People_ID  =  T2.People_ID WHERE T2.Earnings  >  300000,True,False,False,['poker_player'],cross-encoder
"Nennen Sie die Namen von Pokerspielern, deren Einkommen über 300000 liegt.",SELECT T1.Name FROM people AS T1 JOIN poker_player AS T2 ON T1.People_ID  =  T2.People_ID WHERE T2.Earnings  >  300000,True,False,False,['poker_player'],cross-encoder
Geben Sie die Namen der Pokerspieler in aufsteigender Reihenfolge nach den Finaltischen geordnet an.,SELECT T1.Name FROM people AS T1 JOIN poker_player AS T2 ON T1.People_ID  =  T2.People_ID ORDER BY T2.Final_Table_Made,True,False,False,['poker_player'],cross-encoder
"Wie lauten die Namen von Pokerspielern, aufsteigend geordnet nach der Anzahl der Finaltische, die sie erreicht haben?",SELECT T1.Name FROM people AS T1 JOIN poker_player AS T2 ON T1.People_ID  =  T2.People_ID ORDER BY T2.Final_Table_Made,True,False,False,['poker_player'],cross-encoder
Welches ist das Geburtsdatum des Pokerspielers mit dem niedrigsten Einkommen?,SELECT T1.Birth_Date FROM people AS T1 JOIN poker_player AS T2 ON T1.People_ID  =  T2.People_ID ORDER BY T2.Earnings ASC LIMIT 1,True,False,False,['poker_player'],cross-encoder
Geben Sie das Geburtsdatum des Pokerspielers mit dem niedrigsten Einkommen an.,SELECT T1.Birth_Date FROM people AS T1 JOIN poker_player AS T2 ON T1.People_ID  =  T2.People_ID ORDER BY T2.Earnings ASC LIMIT 1,True,False,False,['poker_player'],cross-encoder
Was ist der Geldrang des höchsten Pokerspielers?,SELECT T2.Money_Rank FROM people AS T1 JOIN poker_player AS T2 ON T1.People_ID  =  T2.People_ID ORDER BY T1.Height DESC LIMIT 1,True,False,False,['poker_player'],cross-encoder
Geben Sie den Geldrang des Pokerspielers mit der größten Höhe zurück.,SELECT T2.Money_Rank FROM people AS T1 JOIN poker_player AS T2 ON T1.People_ID  =  T2.People_ID ORDER BY T1.Height DESC LIMIT 1,True,False,False,['poker_player'],cross-encoder
Wie hoch ist das durchschnittliche Einkommen von Pokerspielern mit einer Körpergröße von über 200?,SELECT avg(T2.Earnings) FROM people AS T1 JOIN poker_player AS T2 ON T1.People_ID  =  T2.People_ID WHERE T1.Height  >  200,True,False,False,['poker_player'],cross-encoder
Geben Sie das durchschnittliche Einkommen von Pokerspielern mit einer Körpergröße von mehr als 200 an.,SELECT avg(T2.Earnings) FROM people AS T1 JOIN poker_player AS T2 ON T1.People_ID  =  T2.People_ID WHERE T1.Height  >  200,True,False,False,['poker_player'],cross-encoder
Wie lauten die Namen der Pokerspieler in absteigender Reihenfolge der Einkommen?,SELECT T1.Name FROM people AS T1 JOIN poker_player AS T2 ON T1.People_ID  =  T2.People_ID ORDER BY T2.Earnings DESC,True,False,False,['poker_player'],cross-encoder
Geben Sie die Namen von Pokerspielern in absteigender Reihenfolge ihrer Einkommen an.,SELECT T1.Name FROM people AS T1 JOIN poker_player AS T2 ON T1.People_ID  =  T2.People_ID ORDER BY T2.Earnings DESC,True,False,False,['poker_player'],cross-encoder
Wie viele Personen gibt es von jeder Nationalität?,"SELECT Nationality ,  COUNT(*) FROM people GROUP BY Nationality",True,False,False,"['people', 'people']",cross-encoder
"Geben Sie die Nationalitäten an, für die es zwei oder mehr Personen gibt.",SELECT Nationality FROM people GROUP BY Nationality HAVING COUNT(*)  >=  2,True,False,False,"['people', 'people']",cross-encoder
Geben Sie die Namen und Geburtsdaten der Personen in aufsteigender alphabetischer Reihenfolge der Namen an.,"SELECT Name ,  Birth_Date FROM people ORDER BY Name ASC",True,False,False,"['people', 'people']",cross-encoder
"Wie lauten die Namen und Geburtsdaten von Personen, geordnet nach ihren Namen in alphabetischer Reihenfolge?","SELECT Name ,  Birth_Date FROM people ORDER BY Name ASC",True,False,False,"['people', 'people']",cross-encoder
"Zeigen Sie die Namen von Personen an, deren Nationalität nicht ""Russland"" ist.","SELECT Name FROM people WHERE Nationality != ""Russia""",True,False,False,"['people', 'people']",cross-encoder
"Wie lauten die Namen von Personen, die nicht aus Russland stammen?","SELECT Name FROM people WHERE Nationality != ""Russia""",True,False,False,"['people', 'people']",cross-encoder
"Listen Sie die Namen von Personen auf, die keine Pokerspieler sind.",SELECT Name FROM people WHERE People_ID NOT IN (SELECT People_ID FROM poker_player),True,False,False,"['list', 'people', 'people', 'poker_player']",cross-encoder
"Wie lauten die Namen von Personen, die nicht Poker spielen?",SELECT Name FROM people WHERE People_ID NOT IN (SELECT People_ID FROM poker_player),True,False,False,"['people', 'people', 'Plays_Games']",cross-encoder
"Listen Sie die Nummern und Namen der Kandidaten auf, absteigend geordnet nach den Namen der Kandidaten.","SELECT contestant_number ,  contestant_name FROM contestants ORDER BY contestant_name DESC",True,False,False,"['list', 'CONTESTANTS', 'candidate', 'CONTESTANTS', 'candidate']",cross-encoder
"Listen Sie die IDs, Telefonnummern und Staaten aller Stimmen auf.","SELECT vote_id ,  phone_number ,  state FROM votes",True,False,False,"['list', 'VOTES']",cross-encoder
Was ist das letzte Erstellungsdatum der Stimmen aus dem Staat 'CA'?,SELECT max(created) FROM votes WHERE state  =  'CA',True,False,False,['VOTES'],cross-encoder
Was sind die einzelnen Staaten und schaffen die Zeit aller Stimmen?,"SELECT DISTINCT state ,  created FROM votes",True,False,False,['VOTES'],cross-encoder
"Wie sind die Nummern der Kandidaten und die Namen der Kandidaten, die mindestens zwei Stimmen hatten?","SELECT T1.contestant_number , T1.contestant_name FROM contestants AS T1 JOIN votes AS T2 ON T1.contestant_number  =  T2.contestant_number GROUP BY T1.contestant_number HAVING count(*)  >=  2",True,False,False,"['CONTESTANTS', 'candidate', 'CONTESTANTS', 'candidate', 'VOTES']",cross-encoder
"Wie lauten die Kandidatennummern und Namen, die von allen Kandidaten, die eine Stimme erhalten haben, am wenigsten Stimmen erhalten haben?","SELECT T1.contestant_number , T1.contestant_name FROM contestants AS T1 JOIN votes AS T2 ON T1.contestant_number  =  T2.contestant_number GROUP BY T1.contestant_number ORDER BY count(*) ASC LIMIT 1",True,False,False,"['CONTESTANTS', 'candidate', 'VOTES', 'VOTES']",cross-encoder
Wie viele Stimmen hat der Staat 'NY' oder 'CA' abgegeben?,SELECT count(*) FROM votes WHERE state  =  'NY' OR state  =  'CA',True,False,False,['VOTES'],cross-encoder
Wie viele Kandidaten wurden nicht gewählt?,SELECT count(*) FROM contestants WHERE contestant_number NOT IN ( SELECT contestant_number FROM votes ),True,False,False,"['CONTESTANTS', 'candidate']",cross-encoder
"Was sind die Erstellungsdaten, Staaten und Telefonnummern der Stimmen, die für die Kandidatin mit dem Namen 'Tabatha Gehling' abgegeben wurden?","SELECT T2.created ,  T2.state ,  T2.phone_number FROM contestants AS T1 JOIN votes AS T2 ON T1.contestant_number  =  T2.contestant_number WHERE T1.contestant_name  =  'Tabatha Gehling'",True,False,False,['VOTES'],cross-encoder
"Wie lauten die Namen aller Länder, die nach 1950 unabhängig wurden?",SELECT Name FROM country WHERE IndepYear  >  1950,True,False,False,"['country', 'countries']",cross-encoder
"Geben Sie die Namen der Länder zurück, die nach 1950 gegründet wurden.",SELECT Name FROM country WHERE IndepYear  >  1950,True,False,False,"['country', 'countries']",cross-encoder
Wie viele Länder haben eine Republik als Regierungsform?,"SELECT count(*) FROM country WHERE GovernmentForm  =  ""Republic""",True,False,False,"['country', 'countries']",cross-encoder
"Wie viele Länder haben Regierungen, die Republiken sind?","SELECT count(*) FROM country WHERE GovernmentForm  =  ""Republic""",True,False,False,"['country', 'countries']",cross-encoder
Wie groß ist die Gesamtfläche der Länder in der Karibik?,"SELECT sum(SurfaceArea) FROM country WHERE Region  =  ""Caribbean""",True,False,False,"['country', 'countries']",cross-encoder
Wie viel Fläche bedecken die Länder in der Karibik zusammen?,"SELECT sum(SurfaceArea) FROM country WHERE Region  =  ""Caribbean""",True,False,False,"['country', 'countries']",cross-encoder
Zu welchem Kontinent gehört Anguilla?,"SELECT Continent FROM country WHERE Name  =  ""Anguilla""",False,False,False,['continents'],cross-encoder
"Wie lautet der Name des Kontinents, zu dem Anguilla gehört?","SELECT Continent FROM country WHERE Name  =  ""Anguilla""",False,False,False,['continents'],cross-encoder
In welcher Region liegt die Stadt Kabul?,"SELECT Region FROM country AS T1 JOIN city AS T2 ON T1.Code  =  T2.CountryCode WHERE T2.Name  =  ""Kabul""",True,False,False,"['region', 'regions', 'city']",cross-encoder
In welcher Region liegt Kabul?,"SELECT Region FROM country AS T1 JOIN city AS T2 ON T1.Code  =  T2.CountryCode WHERE T2.Name  =  ""Kabul""",True,False,False,"['region', 'regions']",cross-encoder
Welche Sprache ist die beliebteste in Aruba?,"SELECT T2.Language FROM country AS T1 JOIN countrylanguage AS T2 ON T1.Code  =  T2.CountryCode WHERE T1.Name  =  ""Aruba"" ORDER BY Percentage DESC LIMIT 1",True,False,False,['language'],cross-encoder
Welche Sprache wird in Aruba überwiegend gesprochen?,"SELECT T2.Language FROM country AS T1 JOIN countrylanguage AS T2 ON T1.Code  =  T2.CountryCode WHERE T1.Name  =  ""Aruba"" ORDER BY Percentage DESC LIMIT 1",True,False,False,['language'],cross-encoder
Welche Region und Bevölkerung gibt es in Angola?,"SELECT Population ,  Region FROM country WHERE Name  =  ""Angola""",True,False,False,"['region', 'regions']",cross-encoder
Zu welcher Region gehört Angola und wie groß ist seine Bevölkerung?,"SELECT Population ,  Region FROM country WHERE Name  =  ""Angola""",True,False,False,"['region', 'regions']",cross-encoder
Wie hoch ist die durchschnittliche Lebenserwartung der Länder in der Region Zentralafrika?,"SELECT avg(LifeExpectancy) FROM country WHERE Region  =  ""Central Africa""",True,False,False,"['country', 'countries', 'region', 'regions']",cross-encoder
Wie heißt das Land mit der kürzesten Lebenserwartung in Asien?,"SELECT Name FROM country WHERE Continent  =  ""Asia"" ORDER BY LifeExpectancy LIMIT 1",True,False,False,"['country', 'countries']",cross-encoder
"Geben Sie den Namen des Landes in Asien an, das die geringste Lebenserwartung hat.","SELECT Name FROM country WHERE Continent  =  ""Asia"" ORDER BY LifeExpectancy LIMIT 1",True,False,False,"['country', 'countries']",cross-encoder
"Wie viele Menschen leben in Asien, und welches ist das größte BSP unter ihnen?","SELECT sum(Population) ,  max(GNP) FROM country WHERE Continent  =  ""Asia""",False,False,False,['Lives_in'],cross-encoder
"Wie hoch ist die durchschnittliche Lebenserwartung in den afrikanischen Ländern, die Republiken sind?","SELECT avg(LifeExpectancy) FROM country WHERE Continent  =  ""Africa"" AND GovernmentForm  =  ""Republic""",True,False,False,"['country', 'countries']",cross-encoder
"Geben Sie die durchschnittliche Lebenserwartung für Länder in Afrika an, die Republiken sind?","SELECT avg(LifeExpectancy) FROM country WHERE Continent  =  ""Africa"" AND GovernmentForm  =  ""Republic""",True,False,False,"['country', 'countries']",cross-encoder
Wie groß ist die Gesamtfläche der Kontinente Asien und Europa?,"SELECT sum(SurfaceArea) FROM country WHERE Continent  =  ""Asia"" OR Continent  =  ""Europe""",False,False,False,['continents'],cross-encoder
Geben Sie die Gesamtfläche der Länder in Asien oder Europa an.,"SELECT sum(SurfaceArea) FROM country WHERE Continent  =  ""Asia"" OR Continent  =  ""Europe""",True,False,False,"['country', 'countries']",cross-encoder
Wie viele Menschen leben im Bezirk Gelderland?,"SELECT sum(Population) FROM city WHERE District  =  ""Gelderland""",True,False,False,"['Lives_in', 'district']",cross-encoder
Wie hoch ist die Gesamtbevölkerung des Bezirks Gelderland?,"SELECT sum(Population) FROM city WHERE District  =  ""Gelderland""",True,False,False,['district'],cross-encoder
Wie viele einzigartige Sprachen werden in der Welt gesprochen?,SELECT count(DISTINCT LANGUAGE) FROM countrylanguage,True,False,False,['language'],cross-encoder
Wie viele verschiedene Sprachen werden in der Welt gesprochen?,SELECT count(DISTINCT LANGUAGE) FROM countrylanguage,True,False,False,['language'],cross-encoder
Wie hoch ist die Gesamtzahl der in Aruba verwendeten Sprachen?,"SELECT COUNT(T2.Language) FROM country AS T1 JOIN countrylanguage AS T2 ON T1.Code  =  T2.CountryCode WHERE T1.Name  =  ""Aruba""",True,False,False,['language'],cross-encoder
Wie viele Sprachen werden in Aruba gesprochen?,"SELECT COUNT(T2.Language) FROM country AS T1 JOIN countrylanguage AS T2 ON T1.Code  =  T2.CountryCode WHERE T1.Name  =  ""Aruba""",True,False,False,['language'],cross-encoder
Wie viele offizielle Sprachen gibt es in Afghanistan?,"SELECT COUNT(*) FROM country AS T1 JOIN countrylanguage AS T2 ON T1.Code  =  T2.CountryCode WHERE T1.Name  =  ""Afghanistan"" AND IsOfficial  =  ""T""",True,False,False,['language'],cross-encoder
Wie viele offizielle Sprachen werden in Afghanistan gesprochen?,"SELECT COUNT(*) FROM country AS T1 JOIN countrylanguage AS T2 ON T1.Code  =  T2.CountryCode WHERE T1.Name  =  ""Afghanistan"" AND IsOfficial  =  ""T""",True,False,False,['language'],cross-encoder
"Wie heißt das Land, in dem die meisten Sprachen gesprochen werden?",SELECT T1.Name FROM country AS T1 JOIN countrylanguage AS T2 ON T1.Code  =  T2.CountryCode GROUP BY T1.Name ORDER BY COUNT(*) DESC LIMIT 1,True,False,False,"['country', 'countries', 'language']",cross-encoder
"Geben Sie den Namen des Landes an, das die größte Anzahl von Sprachen verwendet.",SELECT T1.Name FROM country AS T1 JOIN countrylanguage AS T2 ON T1.Code  =  T2.CountryCode GROUP BY T1.Name ORDER BY COUNT(*) DESC LIMIT 1,True,False,False,"['country', 'countries', 'language']",cross-encoder
Welcher Kontinent hat die meisten verschiedenen Sprachen?,SELECT T1.Continent FROM country AS T1 JOIN countrylanguage AS T2 ON T1.Code  =  T2.CountryCode GROUP BY T1.Continent ORDER BY COUNT(*) DESC LIMIT 1,True,False,False,"['continents', 'language']",cross-encoder
Auf welchem Kontinent werden die meisten Sprachen gesprochen?,SELECT T1.Continent FROM country AS T1 JOIN countrylanguage AS T2 ON T1.Code  =  T2.CountryCode GROUP BY T1.Continent ORDER BY COUNT(*) DESC LIMIT 1,True,False,False,"['continents', 'language']",cross-encoder
Wie viele Länder sprechen sowohl Englisch als auch Niederländisch?,"SELECT COUNT(*) FROM (SELECT T1.Name FROM country AS T1 JOIN countrylanguage AS T2 ON T1.Code  =  T2.CountryCode WHERE T2.Language  =  ""English"" INTERSECT SELECT T1.Name FROM country AS T1 JOIN countrylanguage AS T2 ON T1.Code  =  T2.CountryCode WHERE T2.Language  =  ""Dutch"")",True,False,False,"['country', 'countries']",cross-encoder
Wie viele Länder verwenden sowohl Englisch als auch Niederländisch?,"SELECT COUNT(*) FROM (SELECT T1.Name FROM country AS T1 JOIN countrylanguage AS T2 ON T1.Code  =  T2.CountryCode WHERE T2.Language  =  ""English"" INTERSECT SELECT T1.Name FROM country AS T1 JOIN countrylanguage AS T2 ON T1.Code  =  T2.CountryCode WHERE T2.Language  =  ""Dutch"")",True,False,False,"['country', 'countries']",cross-encoder
"Wie lauten die Namen der Länder, die sowohl Englisch als auch Französisch sprechen?","SELECT T1.Name FROM country AS T1 JOIN countrylanguage AS T2 ON T1.Code  =  T2.CountryCode WHERE T2.Language  =  ""English"" INTERSECT SELECT T1.Name FROM country AS T1 JOIN countrylanguage AS T2 ON T1.Code  =  T2.CountryCode WHERE T2.Language  =  ""French""",True,False,False,"['country', 'countries']",cross-encoder
"Geben Sie die Namen der Länder an, die sowohl Englisch als auch Französisch sprechen.","SELECT T1.Name FROM country AS T1 JOIN countrylanguage AS T2 ON T1.Code  =  T2.CountryCode WHERE T2.Language  =  ""English"" INTERSECT SELECT T1.Name FROM country AS T1 JOIN countrylanguage AS T2 ON T1.Code  =  T2.CountryCode WHERE T2.Language  =  ""French""",True,False,False,"['country', 'countries']",cross-encoder
"Wie lauten die Namen von Ländern, in denen sowohl Englisch als auch Französisch Amtssprachen sind?","SELECT T1.Name FROM country AS T1 JOIN countrylanguage AS T2 ON T1.Code  =  T2.CountryCode WHERE T2.Language  =  ""English"" AND T2.IsOfficial  =  ""T"" INTERSECT SELECT T1.Name FROM country AS T1 JOIN countrylanguage AS T2 ON T1.Code  =  T2.CountryCode WHERE T2.Language  =  ""French"" AND T2.IsOfficial  =  ""T""",True,False,False,"['country', 'countries']",cross-encoder
Nennen Sie die Namen der Länder mit Englisch und Französisch als offizielle Sprachen.,"SELECT T1.Name FROM country AS T1 JOIN countrylanguage AS T2 ON T1.Code  =  T2.CountryCode WHERE T2.Language  =  ""English"" AND T2.IsOfficial  =  ""T"" INTERSECT SELECT T1.Name FROM country AS T1 JOIN countrylanguage AS T2 ON T1.Code  =  T2.CountryCode WHERE T2.Language  =  ""French"" AND T2.IsOfficial  =  ""T""",True,False,False,"['country', 'countries', 'language']",cross-encoder
"Wie viele verschiedene Kontinente gibt es, auf denen Chinesisch gesprochen wird?","SELECT COUNT( DISTINCT Continent) FROM country AS T1 JOIN countrylanguage AS T2 ON T1.Code  =  T2.CountryCode WHERE T2.Language  =  ""Chinese""",False,False,False,['continents'],cross-encoder
Auf wie vielen Kontinenten wird Chinesisch gesprochen?,"SELECT COUNT( DISTINCT Continent) FROM country AS T1 JOIN countrylanguage AS T2 ON T1.Code  =  T2.CountryCode WHERE T2.Language  =  ""Chinese""",False,False,False,['continents'],cross-encoder
"Welches sind die Regionen, in denen Englisch oder Niederländisch gesprochen wird?","SELECT DISTINCT T1.Region FROM country AS T1 JOIN countrylanguage AS T2 ON T1.Code  =  T2.CountryCode WHERE T2.Language  =  ""English"" OR T2.Language  =  ""Dutch""",True,False,False,"['region', 'regions']",cross-encoder
In welchen Regionen wird Niederländisch oder Englisch gesprochen?,"SELECT DISTINCT T1.Region FROM country AS T1 JOIN countrylanguage AS T2 ON T1.Code  =  T2.CountryCode WHERE T2.Language  =  ""English"" OR T2.Language  =  ""Dutch""",True,False,False,"['region', 'regions']",cross-encoder
"Welches sind die Länder, in denen entweder Englisch oder Niederländisch die offizielle Sprache ist?","select t1.name from country as t1 join countrylanguage as t2 on t1.code  =  t2.countrycode where t2.language  =  ""english"" and isofficial  =  ""t"" union select t1.name from country as t1 join countrylanguage as t2 on t1.code  =  t2.countrycode where t2.language  =  ""dutch"" and isofficial  =  ""t""",True,False,False,"['country', 'countries', 'language']",cross-encoder
In welchen Ländern ist entweder Englisch oder Niederländisch die offizielle Sprache?,"SELECT * FROM country AS T1 JOIN countrylanguage AS T2 ON T1.Code  =  T2.CountryCode WHERE T2.Language  =  ""English"" AND IsOfficial  =  ""T"" UNION SELECT * FROM country AS T1 JOIN countrylanguage AS T2 ON T1.Code  =  T2.CountryCode WHERE T2.Language  =  ""Dutch"" AND IsOfficial  =  ""T""",True,False,False,"['country', 'countries', 'language']",cross-encoder
Welche Sprache ist die beliebteste auf dem asiatischen Kontinent?,"SELECT T2.Language FROM country AS T1 JOIN countrylanguage AS T2 ON T1.Code  =  T2.CountryCode WHERE T1.Continent  =  ""Asia"" GROUP BY T2.Language ORDER BY COUNT (*) DESC LIMIT 1",True,False,False,"['language', 'continents']",cross-encoder
"Welche ist die Sprache, die von der größten Anzahl asiatischer Nationen verwendet wird?","SELECT T2.Language FROM country AS T1 JOIN countrylanguage AS T2 ON T1.Code  =  T2.CountryCode WHERE T1.Continent  =  ""Asia"" GROUP BY T2.Language ORDER BY COUNT (*) DESC LIMIT 1",True,False,False,['language'],cross-encoder
Welche Sprachen werden in den Regierungen der Republiken nur von einem Land gesprochen?,"SELECT T2.Language FROM country AS T1 JOIN countrylanguage AS T2 ON T1.Code  =  T2.CountryCode WHERE T1.GovernmentForm  =  ""Republic"" GROUP BY T2.Language HAVING COUNT(*)  =  1",True,False,False,"['language', 'country', 'countries']",cross-encoder
Welche Sprachen werden nur von einem einzigen Land mit einer Republiksregierung gesprochen?,"SELECT T2.Language FROM country AS T1 JOIN countrylanguage AS T2 ON T1.Code  =  T2.CountryCode WHERE T1.GovernmentForm  =  ""Republic"" GROUP BY T2.Language HAVING COUNT(*)  =  1",True,False,False,"['language', 'country', 'countries']",cross-encoder
"Finden Sie die Stadt mit der größten Bevölkerung, die Englisch verwendet.","SELECT T1.Name ,  T1.Population FROM city AS T1 JOIN countrylanguage AS T2 ON T1.CountryCode  =  T2.CountryCode WHERE T2.Language  =  ""English"" ORDER BY T1.Population DESC LIMIT 1",True,False,False,['city'],cross-encoder
"Welches ist die bevölkerungsreichste Stadt, die Englisch spricht?","SELECT T1.Name ,  T1.Population FROM city AS T1 JOIN countrylanguage AS T2 ON T1.CountryCode  =  T2.CountryCode WHERE T2.Language  =  ""English"" ORDER BY T1.Population DESC LIMIT 1",True,False,False,['city'],cross-encoder
"Finden Sie den Namen, die Bevölkerung und die Lebenserwartung des asiatischen Landes mit der größten Fläche?","SELECT Name ,  Population ,  LifeExpectancy FROM country WHERE Continent  =  ""Asia"" ORDER BY SurfaceArea DESC LIMIT 1",True,False,False,"['country', 'countries']",cross-encoder
"Wie lauten der Name, die Bevölkerung und die Lebenserwartung des asiatischen Landes mit der größten Fläche?","SELECT Name ,  Population ,  LifeExpectancy FROM country WHERE Continent  =  ""Asia"" ORDER BY SurfaceArea DESC LIMIT 1",True,False,False,"['country', 'countries']",cross-encoder
"Wie hoch ist die durchschnittliche Lebenserwartung in den Ländern, in denen Englisch nicht die offizielle Sprache ist?","SELECT avg(LifeExpectancy) FROM country WHERE Name NOT IN (SELECT T1.Name FROM country AS T1 JOIN countrylanguage AS T2 ON T1.Code  =  T2.CountryCode WHERE T2.Language  =  ""English"" AND T2.IsOfficial  =  ""T"")",True,False,False,"['country', 'countries', 'language']",cross-encoder
"Geben Sie die durchschnittliche Lebenserwartung in den Ländern an, in denen Englisch nicht die offizielle Sprache ist.","SELECT avg(LifeExpectancy) FROM country WHERE Name NOT IN (SELECT T1.Name FROM country AS T1 JOIN countrylanguage AS T2 ON T1.Code  =  T2.CountryCode WHERE T2.Language  =  ""English"" AND T2.IsOfficial  =  ""T"")",True,False,False,"['country', 'countries', 'language']",cross-encoder
"Wie hoch ist die Gesamtzahl der Menschen, die in den Ländern leben, in denen Englisch nicht die offizielle Sprache ist?","SELECT sum(Population) FROM country WHERE Name NOT IN (SELECT T1.Name FROM country AS T1 JOIN countrylanguage AS T2 ON T1.Code  =  T2.CountryCode WHERE T2.Language  =  ""English"")",True,False,False,"['country', 'countries', 'Lives_in', 'language']",cross-encoder
"Wie viele Menschen leben in den Ländern, die kein Englisch sprechen?","SELECT sum(Population) FROM country WHERE Name NOT IN (SELECT T1.Name FROM country AS T1 JOIN countrylanguage AS T2 ON T1.Code  =  T2.CountryCode WHERE T2.Language  =  ""English"")",True,False,False,"['Lives_in', 'country', 'countries']",cross-encoder
"Was ist die offizielle Sprache, die in dem Land gesprochen wird, dessen Staatsoberhaupt Beatrix ist?","SELECT T2.Language FROM country AS T1 JOIN countrylanguage AS T2 ON T1.Code  =  T2.CountryCode WHERE T1.HeadOfState  =  ""Beatrix"" AND T2.IsOfficial  =  ""T""",True,False,False,"['language', 'country', 'countries']",cross-encoder
"Was ist die offizielle Sprache, die in dem Land gesprochen wird, dessen Staatsoberhaupt Beatrix ist?","SELECT T2.Language FROM country AS T1 JOIN countrylanguage AS T2 ON T1.Code  =  T2.CountryCode WHERE T1.HeadOfState  =  ""Beatrix"" AND T2.IsOfficial  =  ""T""",True,False,False,"['language', 'country', 'countries']",cross-encoder
"Wie hoch ist die Gesamtzahl der einzigartigen offiziellen Sprachen, die in den Ländern gesprochen werden, die vor 1930 gegründet wurden?","SELECT count(DISTINCT T2.Language) FROM country AS T1 JOIN countrylanguage AS T2 ON T1.Code  =  T2.CountryCode WHERE  IndepYear  <  1930 AND T2.IsOfficial  =  ""T""",True,False,False,"['language', 'country', 'countries']",cross-encoder
"Wie hoch ist die Gesamtzahl der einzelnen offiziellen Sprachen in den Ländern, die vor 1930 gegründet wurden?","SELECT count(DISTINCT T2.Language) FROM country AS T1 JOIN countrylanguage AS T2 ON T1.Code  =  T2.CountryCode WHERE  IndepYear  <  1930 AND T2.IsOfficial  =  ""T""",True,False,False,"['language', 'country', 'countries']",cross-encoder
"Welches sind die Länder, die eine größere Fläche als jedes andere Land in Europa haben?","SELECT Name FROM country WHERE SurfaceArea  >  (SELECT min(SurfaceArea) FROM country WHERE Continent  =  ""Europe"")",True,False,False,"['country', 'countries', 'country', 'countries']",cross-encoder
Welche Länder haben eine größere Fläche als jedes andere Land in Europa?,"SELECT Name FROM country WHERE SurfaceArea  >  (SELECT min(SurfaceArea) FROM country WHERE Continent  =  ""Europe"")",True,False,False,"['country', 'countries', 'country', 'countries']",cross-encoder
"Welches sind die afrikanischen Länder, die eine geringere Bevölkerung haben als jedes andere Land in Asien?","SELECT Name FROM country WHERE Continent  =  ""Africa""  AND population  <  (SELECT max(population) FROM country WHERE Continent  =  ""Asia"")",True,False,False,"['country', 'countries', 'country', 'countries']",cross-encoder
Welche afrikanischen Länder haben eine geringere Bevölkerung als jedes andere Land in Asien?,"SELECT Name FROM country WHERE Continent  =  ""Africa""  AND population  <  (SELECT min(population) FROM country WHERE Continent  =  ""Asia"")",True,False,False,"['country', 'countries', 'country', 'countries']",cross-encoder
"Welche asiatischen Länder haben eine Bevölkerung, die größer als die jedes Landes in Afrika ist?","SELECT Name FROM country WHERE Continent  =  ""Asia""  AND population  >  (SELECT max(population) FROM country WHERE Continent  =  ""Africa"")",True,False,False,"['country', 'countries', 'country', 'countries']",cross-encoder
"Welches sind die asiatischen Länder, deren Bevölkerung größer als die jedes anderen Landes in Afrika ist?","SELECT Name FROM country WHERE Continent  =  ""Asia""  AND population  >  (SELECT min(population) FROM country WHERE Continent  =  ""Africa"")",True,False,False,"['country', 'countries', 'country', 'countries']",cross-encoder
"Wie lauten die Ländercodes für Länder, die kein Englisch sprechen?","SELECT CountryCode FROM countrylanguage EXCEPT SELECT CountryCode FROM countrylanguage WHERE LANGUAGE  =  ""English""",True,False,False,"['country', 'countries']",cross-encoder
"Geben Sie die Ländercodes für Länder, die kein Englisch sprechen, zurück.","SELECT CountryCode FROM countrylanguage EXCEPT SELECT CountryCode FROM countrylanguage WHERE LANGUAGE  =  ""English""",True,False,False,"['country', 'countries']",cross-encoder
"Wie lauten die Ländercodes von Ländern, in denen andere Sprachen als Englisch gesprochen werden?","SELECT DISTINCT CountryCode FROM countrylanguage WHERE LANGUAGE != ""English""",True,False,False,"['country', 'countries', 'language']",cross-encoder
"Geben Sie die Ländercodes von Ländern an, in denen Menschen Sprachen sprechen, die nicht Englisch sind.","SELECT DISTINCT CountryCode FROM countrylanguage WHERE LANGUAGE != ""English""",True,False,False,"['country', 'countries', 'language']",cross-encoder
"Wie lauten die Ländercodes der Länder, in denen kein Englisch gesprochen wird und deren Regierungsformen nicht Republik sind?","SELECT Code FROM country WHERE GovernmentForm != ""Republic"" EXCEPT SELECT CountryCode FROM countrylanguage WHERE LANGUAGE  =  ""English""",True,False,False,"['country', 'countries']",cross-encoder
"Geben Sie die Ländercodes der Länder an, in denen kein Englisch gesprochen wird und deren Regierungsformen nicht Republik sind.","SELECT Code FROM country WHERE GovernmentForm != ""Republic"" EXCEPT SELECT CountryCode FROM countrylanguage WHERE LANGUAGE  =  ""English""",True,False,False,"['country', 'countries']",cross-encoder
"Welche Städte liegen in europäischen Ländern, in denen Englisch nicht die offizielle Sprache ist?",SELECT DISTINCT T2.Name FROM country AS T1 JOIN city AS T2 ON T2.CountryCode  =  T1.Code WHERE T1.Continent  =  'Europe' AND T1.Name NOT IN (SELECT T3.Name FROM country AS T3 JOIN countrylanguage AS T4 ON T3.Code  =  T4.CountryCode WHERE T4.IsOfficial  =  'T' AND T4.Language  =  'English'),True,False,False,"['city', 'country', 'countries', 'language']",cross-encoder
"Wie lauten die Namen der Städte in Europa, für die Englisch nicht die offizielle Sprache ist?",SELECT DISTINCT T2.Name FROM country AS T1 JOIN city AS T2 ON T2.CountryCode  =  T1.Code WHERE T1.Continent  =  'Europe' AND T1.Name NOT IN (SELECT T3.Name FROM country AS T3 JOIN countrylanguage AS T4 ON T3.Code  =  T4.CountryCode WHERE T4.IsOfficial  =  'T' AND T4.Language  =  'English'),True,False,False,"['city', 'language']",cross-encoder
"Welche einzigartigen Städte gibt es in asiatischen Ländern, in denen Chinesisch die offizielle Sprache ist?","select distinct t3.name from country as t1 join countrylanguage as t2 on t1.code  =  t2.countrycode join city as t3 on t1.code  =  t3.countrycode where t2.isofficial  =  't' and t2.language  =  'chinese' and t1.continent  =  ""asia""",True,False,False,"['city', 'country', 'countries', 'language']",cross-encoder
"Geben Sie die verschiedenen Namen von Städten in Asien zurück, für die Chinesisch die offizielle Sprache ist.","SELECT DISTINCT T3.Name FROM country AS T1 JOIN countrylanguage AS T2 ON T1.Code  =  T2.CountryCode JOIN city AS T3 ON T1.Code  =  T3.CountryCode WHERE T2.IsOfficial  =  'T' AND T2.Language  =  'Chinese' AND T1.Continent  =  ""Asia""",True,False,False,"['city', 'language']",cross-encoder
"Wie lauten der Name, das Unabhängigkeitsjahr und die Fläche des Landes mit der kleinsten Bevölkerung ?","SELECT Name ,  SurfaceArea ,  IndepYear FROM country ORDER BY Population LIMIT 1",True,False,False,"['country', 'countries']",cross-encoder
"Geben Sie den Namen, das Jahr der Unabhängigkeit und die Fläche des Landes mit der geringsten Bevölkerung an.","SELECT Name ,  SurfaceArea ,  IndepYear FROM country ORDER BY Population LIMIT 1",True,False,False,"['country', 'countries']",cross-encoder
"Wie lauten Bevölkerung, Name und Führer des Landes mit der größten Fläche?","SELECT Name ,  population ,  HeadOfState FROM country ORDER BY SurfaceArea DESC LIMIT 1",True,False,False,"['country', 'countries']",cross-encoder
"Geben Sie den Namen, die Bevölkerung und das Staatsoberhaupt des Landes mit der größten Fläche an.","SELECT Name ,  population ,  HeadOfState FROM country ORDER BY SurfaceArea DESC LIMIT 1",True,False,False,"['country', 'countries']",cross-encoder
"Geben Sie den Namen des Landes und die Anzahl der gesprochenen Sprachen für jedes Land an, das mindestens 3 Sprachen spricht.","SELECT COUNT(T2.Language) ,  T1.Name FROM country AS T1 JOIN countrylanguage AS T2 ON T1.Code  =  T2.CountryCode GROUP BY T1.Name HAVING COUNT(*)  >  2",True,False,False,"['country', 'countries', 'language', 'country', 'countries', 'language']",cross-encoder
"Wie lauten die Namen der Länder, die mehr als 2 Sprachen sprechen, sowie die Anzahl der Sprachen, die sie sprechen?","SELECT COUNT(T2.Language) ,  T1.Name FROM country AS T1 JOIN countrylanguage AS T2 ON T1.Code  =  T2.CountryCode GROUP BY T1.Name HAVING COUNT(*)  >  2",True,False,False,"['country', 'countries', 'language', 'language']",cross-encoder
"Ermitteln Sie die Anzahl der Städte in jedem Bezirk, deren Bevölkerung größer ist als die durchschnittliche Einwohnerzahl der Städte?","SELECT count(*) ,  District FROM city WHERE Population  >  (SELECT avg(Population) FROM city) GROUP BY District",True,False,False,"['city', 'district', 'city']",cross-encoder
"Wie viele Städte in jedem Bezirk haben eine Bevölkerung, die über der durchschnittlichen Bevölkerung aller Städte liegt?","SELECT count(*) ,  District FROM city WHERE Population  >  (SELECT avg(Population) FROM city) GROUP BY District",True,False,False,"['city', 'district', 'city']",cross-encoder
"Finden Sie die durchschnittliche Lebenserwartung und die Gesamtbevölkerung für jeden Kontinent, dessen durchschnittliche Lebenserwartung weniger als 72 Jahre beträgt.","SELECT sum(Population) ,  avg(LifeExpectancy) ,  Continent FROM country GROUP BY Continent HAVING avg(LifeExpectancy)  <  72",False,False,False,['continents'],cross-encoder
"Welches sind die verschiedenen Kontinente und die entsprechende Gesamtbevölkerung und durchschnittliche Lebenserwartung für Kontinente, die eine durchschnittliche Lebenserwartung von weniger als 72 Jahren haben?","SELECT sum(Population) ,  avg(LifeExpectancy) ,  Continent FROM country GROUP BY Continent HAVING avg(LifeExpectancy)  <  72",False,False,False,"['continents', 'continents']",cross-encoder
Wie lauten die Namen und Gebiete der Länder mit den 5 größten Gebieten?,"SELECT Name ,  SurfaceArea FROM country ORDER BY SurfaceArea DESC LIMIT 5",True,False,False,"['country', 'countries']",cross-encoder
Geben Sie die Namen und Flächen der 5 größten Länder zurück.,"SELECT Name ,  SurfaceArea FROM country ORDER BY SurfaceArea DESC LIMIT 5",True,False,False,"['country', 'countries']",cross-encoder
Wie lauten die Namen der Länder mit den 3 bevölkerungsreichsten Ländern?,SELECT Name FROM country ORDER BY Population DESC LIMIT 3,True,False,False,"['country', 'countries', 'country', 'countries']",cross-encoder
Geben Sie die Namen der 3 bevölkerungsreichsten Länder zurück.,SELECT Name FROM country ORDER BY Population DESC LIMIT 3,True,False,False,"['country', 'countries']",cross-encoder
Geben Sie die Namen der 3 Länder mit den wenigsten Einwohnern zurück.,SELECT Name FROM country ORDER BY Population ASC LIMIT 3,True,False,False,"['country', 'countries']",cross-encoder
Wie viele Länder gibt es in Asien?,"SELECT count(*) FROM country WHERE continent  =  ""Asia""",True,False,False,"['country', 'countries']",cross-encoder
Zählen Sie die Anzahl der Länder in Asien.,"SELECT count(*) FROM country WHERE continent  =  ""Asia""",True,False,False,"['country', 'countries']",cross-encoder
"Wie lauten die Namen der Länder, die auf dem europäischen Kontinent liegen und eine Bevölkerung von 80000 Menschen haben?","SELECT Name FROM country WHERE continent  =  ""Europe"" AND Population  =  ""80000""",True,False,False,"['country', 'countries', 'continents']",cross-encoder
"Nennen Sie die Namen der Länder, die sich auf dem europäischen Kontinent befinden und eine Bevölkerung von 80000 Einwohnern haben.","SELECT Name FROM country WHERE continent  =  ""Europe"" AND Population  =  ""80000""",True,False,False,"['country', 'countries', 'continents']",cross-encoder
"Wie hoch ist die Gesamtbevölkerung und die durchschnittliche Fläche der Länder auf dem nordamerikanischen Kontinent, deren Fläche größer als 3000 ist?","select sum(population) ,  avg(surfacearea) from country where continent  =  ""north america"" and surfacearea  >  3000",True,False,False,"['country', 'countries', 'continents']",cross-encoder
"Geben Sie die Gesamtbevölkerung und die durchschnittliche Fläche der Länder Nordamerikas an, die eine Fläche von mehr als 3000 Einwohnern haben.","select sum(population) ,  avg(surfacearea) from country where continent  =  ""north america"" and surfacearea  >  3000",True,False,False,"['country', 'countries']",cross-encoder
"Welches sind die Städte, deren Einwohnerzahl zwischen 160000 und 900000 liegt?",SELECT name FROM city WHERE Population BETWEEN 160000 AND 900000,True,False,False,['city'],cross-encoder
"Geben Sie die Namen der Städte an, die zwischen 160000 und 900000 Einwohner haben.",select name from city where population between 160000 and 900000,True,False,False,['city'],cross-encoder
Welche Sprache wird von der größten Anzahl von Ländern gesprochen?,SELECT LANGUAGE FROM countrylanguage GROUP BY LANGUAGE ORDER BY count(*) DESC LIMIT 1,True,False,False,"['language', 'country', 'countries']",cross-encoder
"Geben Sie die Sprache an, die in den meisten Ländern gesprochen wird.",SELECT LANGUAGE FROM countrylanguage GROUP BY LANGUAGE ORDER BY count(*) DESC LIMIT 1,True,False,False,"['language', 'country', 'countries']",cross-encoder
"Welches ist die Sprache, die in jedem Land vom größten Prozentsatz der Bevölkerung gesprochen wird?","SELECT LANGUAGE ,  CountryCode ,  max(Percentage) FROM countrylanguage GROUP BY CountryCode",True,False,False,"['language', 'country', 'countries']",cross-encoder
"Wie lauten die Ländercodes der verschiedenen Länder, und welche Sprachen werden in jedem Land vom größten Prozentsatz der Menschen gesprochen?","SELECT LANGUAGE ,  CountryCode ,  max(Percentage) FROM countrylanguage GROUP BY CountryCode",True,False,False,"['country', 'countries', 'language', 'country', 'countries']",cross-encoder
"Wie hoch ist die Gesamtzahl der Länder, in denen Spanisch vom größten Prozentsatz der Menschen gesprochen wird?","SELECT count(*) ,   max(Percentage) FROM countrylanguage WHERE LANGUAGE  =  ""Spanish"" GROUP BY CountryCode",True,False,False,"['country', 'countries']",cross-encoder
"Zählen Sie die Anzahl der Länder, in denen Spanisch die am meisten gesprochene Sprache ist.","SELECT count(*) ,   max(Percentage) FROM countrylanguage WHERE LANGUAGE  =  ""Spanish"" GROUP BY CountryCode",True,False,False,"['country', 'countries', 'language']",cross-encoder
"Wie lauten die Codes der Länder, in denen Spanisch vom größten Prozentsatz der Menschen gesprochen wird?","SELECT CountryCode ,  max(Percentage) FROM countrylanguage WHERE LANGUAGE  =  ""Spanish"" GROUP BY CountryCode",True,False,False,"['country', 'countries']",cross-encoder
"Geben Sie die Codes der Länder zurück, in denen Spanisch die am meisten gesprochene Sprache ist.","SELECT CountryCode ,  max(Percentage) FROM countrylanguage WHERE LANGUAGE  =  ""Spanish"" GROUP BY CountryCode",True,False,False,"['country', 'countries', 'language']",cross-encoder
Wie viele Dirigenten gibt es?,SELECT count(*) FROM conductor,True,False,False,['conductor'],cross-encoder
Zählen Sie die Anzahl der Dirigenten.,SELECT count(*) FROM conductor,True,False,False,['conductor'],cross-encoder
Geben Sie die Namen der Dirigenten in aufsteigender Reihenfolge ihres Alters an.,SELECT Name FROM conductor ORDER BY Age ASC,True,False,False,['conductor'],cross-encoder
Wie lauten die Namen der Dirigenten in aufsteigender Reihenfolge ihres Alters?,SELECT Name FROM conductor ORDER BY Age ASC,True,False,False,['conductor'],cross-encoder
"Wie lauten die Namen von Dirigenten, deren Nationalität nicht ""USA"" ist?",SELECT Name FROM conductor WHERE Nationality != 'USA',True,False,False,['conductor'],cross-encoder
"Geben Sie die Namen von Dirigenten zurück, die nicht die Nationalität ""USA"" haben.",SELECT Name FROM conductor WHERE Nationality != 'USA',True,False,False,['conductor'],cross-encoder
Wie lauten die Plattenfirmen von Orchestern in absteigender Reihenfolge der Gründungsjahre?,SELECT Record_Company FROM orchestra ORDER BY Year_of_Founded DESC,True,False,False,['orchestra'],cross-encoder
"Geben Sie die Plattenfirmen von Orchestern zurück, absteigend sortiert nach den Jahren ihrer Gründung.",SELECT Record_Company FROM orchestra ORDER BY Year_of_Founded DESC,True,False,False,['orchestra'],cross-encoder
Wie hoch ist die durchschnittliche Besucherzahl der Aufführungen?,SELECT avg(Attendance) FROM SHOW,False,False,False,['performance'],cross-encoder
Geben Sie die durchschnittliche Besucherzahl aller Aufführungen zurück.,SELECT avg(Attendance) FROM SHOW,False,False,False,['performance'],cross-encoder
"Wie hoch ist der maximale und minimale Anteil der Aufführungen, deren Art nicht ""Live-Finale"" ist.","SELECT max(SHARE) ,  min(SHARE) FROM performance WHERE TYPE != ""Live final""",True,False,False,['performance'],cross-encoder
"Geben Sie den maximalen und minimalen Anteil von Aufführungen zurück, die nicht den Typ ""Live-Finale"" haben.","SELECT max(SHARE) ,  min(SHARE) FROM performance WHERE TYPE != ""Live final""",True,False,False,['performance'],cross-encoder
Wie viele verschiedene Nationalitäten haben Dirigenten?,SELECT count(DISTINCT Nationality) FROM conductor,True,False,False,['conductor'],cross-encoder
Zählen Sie die Anzahl der verschiedenen Nationalitäten der Dirigenten.,SELECT count(DISTINCT Nationality) FROM conductor,True,False,False,['conductor'],cross-encoder
Führen Sie die Namen der Dirigenten in absteigender Reihenfolge der Arbeitsjahre auf.,SELECT Name FROM conductor ORDER BY Year_of_Work DESC,True,False,False,['conductor'],cross-encoder
"Wie lauten die Namen der Dirigenten, absteigend sortiert nach der Anzahl der Jahre, in denen sie gearbeitet haben?",SELECT Name FROM conductor ORDER BY Year_of_Work DESC,True,False,False,"['conductor', 'works_on']",cross-encoder
Führen Sie den Namen des Dirigenten mit den meisten Arbeitsjahren auf.,SELECT Name FROM conductor ORDER BY Year_of_Work DESC LIMIT 1,True,False,False,['conductor'],cross-encoder
"Wie lautet der Name des Dirigenten, der die meisten Jahre gearbeitet hat?",SELECT Name FROM conductor ORDER BY Year_of_Work DESC LIMIT 1,True,False,False,"['conductor', 'works_on']",cross-encoder
"Geben Sie die Namen der Dirigenten und der Orchester an, die sie dirigiert haben.","SELECT T1.Name ,  T2.Orchestra FROM conductor AS T1 JOIN orchestra AS T2 ON T1.Conductor_ID  =  T2.Conductor_ID",True,False,False,"['conductor', 'orchestra']",cross-encoder
"Wie lauten die Namen der Dirigenten sowie der entsprechenden Orchester, die sie dirigiert haben?","SELECT T1.Name ,  T2.Orchestra FROM conductor AS T1 JOIN orchestra AS T2 ON T1.Conductor_ID  =  T2.Conductor_ID",True,False,False,"['conductor', 'orchestra']",cross-encoder
"Zeigen Sie die Namen der Dirigenten an, die mehr als ein Orchester dirigiert haben.",SELECT T1.Name FROM conductor AS T1 JOIN orchestra AS T2 ON T1.Conductor_ID  =  T2.Conductor_ID GROUP BY T2.Conductor_ID HAVING COUNT(*)  >  1,True,False,False,"['conductor', 'orchestra']",cross-encoder
"Wie lauten die Namen von Dirigenten, die in mehr als einem Orchester dirigiert haben?",SELECT T1.Name FROM conductor AS T1 JOIN orchestra AS T2 ON T1.Conductor_ID  =  T2.Conductor_ID GROUP BY T2.Conductor_ID HAVING COUNT(*)  >  1,True,False,False,"['conductor', 'orchestra']",cross-encoder
"Zeigen Sie den Namen des Dirigenten an, der die meisten Orchester dirigiert hat.",SELECT T1.Name FROM conductor AS T1 JOIN orchestra AS T2 ON T1.Conductor_ID  =  T2.Conductor_ID GROUP BY T2.Conductor_ID ORDER BY COUNT(*) DESC LIMIT 1,True,False,False,"['conductor', 'orchestra']",cross-encoder
"Wie lautet der Name des Dirigenten, der die meisten Orchester dirigiert hat?",SELECT T1.Name FROM conductor AS T1 JOIN orchestra AS T2 ON T1.Conductor_ID  =  T2.Conductor_ID GROUP BY T2.Conductor_ID ORDER BY COUNT(*) DESC LIMIT 1,True,False,False,"['conductor', 'orchestra']",cross-encoder
"Bitte geben Sie den Namen des Dirigenten an, der nach 2008 gegründete Orchester dirigiert hat.",SELECT T1.Name FROM conductor AS T1 JOIN orchestra AS T2 ON T1.Conductor_ID  =  T2.Conductor_ID WHERE Year_of_Founded  >  2008,True,False,False,"['conductor', 'orchestra']",cross-encoder
"Wie lauten die Namen der Dirigenten, die nach dem Jahr 2008 gegründete Orchester dirigiert haben?",SELECT T1.Name FROM conductor AS T1 JOIN orchestra AS T2 ON T1.Conductor_ID  =  T2.Conductor_ID WHERE Year_of_Founded  >  2008,True,False,False,"['conductor', 'orchestra']",cross-encoder
Bitte geben Sie die verschiedenen Plattenfirmen und die entsprechende Anzahl von Orchestern an.,"SELECT Record_Company ,  COUNT(*) FROM orchestra GROUP BY Record_Company",True,False,False,['orchestra'],cross-encoder
Wie viele Orchester verwaltet jede Plattenfirma?,"SELECT Record_Company ,  COUNT(*) FROM orchestra GROUP BY Record_Company",True,False,False,['orchestra'],cross-encoder
Bitte zeigen Sie die Plattenformate von Orchestern in aufsteigender Reihenfolge der Zählung an.,SELECT Major_Record_Format FROM orchestra GROUP BY Major_Record_Format ORDER BY COUNT(*) ASC,True,False,False,"['orchestra', 'Payments', 'payment']",cross-encoder
"Welches sind die wichtigsten Plattenformate von Orchestern, sortiert nach ihrer Häufigkeit?",SELECT Major_Record_Format FROM orchestra GROUP BY Major_Record_Format ORDER BY COUNT(*) ASC,True,False,False,['orchestra'],cross-encoder
"Führen Sie die Plattenfirma auf, die von der größten Anzahl von Orchestern gemeinsam genutzt wird.",SELECT Record_Company FROM orchestra GROUP BY Record_Company ORDER BY COUNT(*) DESC LIMIT 1,True,False,False,['orchestra'],cross-encoder
"Welches ist die Plattenfirma, die von der größten Anzahl von Orchestern genutzt wird?",SELECT Record_Company FROM orchestra GROUP BY Record_Company ORDER BY COUNT(*) DESC LIMIT 1,True,False,False,['orchestra'],cross-encoder
"Nennen Sie die Namen der Orchester, die keine Aufführungen haben.",SELECT Orchestra FROM orchestra WHERE Orchestra_ID NOT IN (SELECT Orchestra_ID FROM performance),True,False,False,"['orchestra', 'performance']",cross-encoder
"Welches sind die Orchester, die keine Aufführungen haben?",SELECT Orchestra FROM orchestra WHERE Orchestra_ID NOT IN (SELECT Orchestra_ID FROM performance),True,False,False,"['orchestra', 'performance']",cross-encoder
"Geben Sie die Plattenfirmen an, die sich die vor 2003 und nach 2003 gegründeten Orchester teilen.",SELECT Record_Company FROM orchestra WHERE Year_of_Founded  <  2003 INTERSECT SELECT Record_Company FROM orchestra WHERE Year_of_Founded  >  2003,True,False,False,['orchestra'],cross-encoder
"Welches sind die Plattenfirmen, die sowohl von den vor 2003 gegründeten Orchestern als auch von den nach 2003 gegründeten Orchestern genutzt werden?",SELECT Record_Company FROM orchestra WHERE Year_of_Founded  <  2003 INTERSECT SELECT Record_Company FROM orchestra WHERE Year_of_Founded  >  2003,True,False,False,"['orchestra', 'orchestra']",cross-encoder
"Finden Sie die Anzahl der Orchester, deren Plattenformat ""CD"" oder ""DVD"" ist.","SELECT COUNT(*) FROM orchestra WHERE Major_Record_Format  =  ""CD"" OR Major_Record_Format  =  ""DVD""",True,False,False,['orchestra'],cross-encoder
"Zählen Sie die Anzahl der Orchester, deren Plattenformat ""CD"" oder ""DVD"" ist.","SELECT COUNT(*) FROM orchestra WHERE Major_Record_Format  =  ""CD"" OR Major_Record_Format  =  ""DVD""",True,False,False,['orchestra'],cross-encoder
"Zeigen Sie die Gründungsjahre von Orchestern an, die mehr als eine Aufführung gegeben haben.",SELECT Year_of_Founded FROM orchestra AS T1 JOIN performance AS T2 ON T1.Orchestra_ID  =  T2.Orchestra_ID GROUP BY T2.Orchestra_ID HAVING COUNT(*)  >  1,True,False,False,"['orchestra', 'performance']",cross-encoder
"Was sind Gründungsjahre für Orchester, die mehr als eine Aufführung gegeben haben?",SELECT Year_of_Founded FROM orchestra AS T1 JOIN performance AS T2 ON T1.Orchestra_ID  =  T2.Orchestra_ID GROUP BY T2.Orchestra_ID HAVING COUNT(*)  >  1,True,False,False,"['orchestra', 'performance']",cross-encoder
Wie viele Gymnasiasten gibt es?,SELECT count(*) FROM Highschooler,True,False,False,['Highschooler'],cross-encoder
Zählen Sie die Anzahl der Gymnasiasten.,SELECT count(*) FROM Highschooler,True,False,False,['Highschooler'],cross-encoder
Zeigen Sie die Namen und Klassen der einzelnen Gymnasiasten an.,"SELECT name ,  grade FROM Highschooler",True,False,False,"['CLASS', 'Highschooler']",cross-encoder
Wie lauten die Namen und die Klassen der einzelnen Gymnasiasten und Gymnasiastinnen?,"SELECT name ,  grade FROM Highschooler",True,False,False,"['CLASS', 'Highschooler']",cross-encoder
Zeigen Sie alle Klassen der Gymnasiasten an.,SELECT grade FROM Highschooler,True,False,False,"['CLASS', 'Highschooler']",cross-encoder
Wie sind die Klassen der einzelnen Gymnasiasten?,SELECT grade FROM Highschooler,True,False,False,"['CLASS', 'Highschooler']",cross-encoder
In welcher Klasse ist Kyle?,"SELECT grade FROM Highschooler WHERE name  =  ""Kyle""",False,False,False,['CLASS'],cross-encoder
Geben Sie die Klasse für den Gymnasiasten namens Kyle zurück.,"SELECT grade FROM Highschooler WHERE name  =  ""Kyle""",True,False,False,"['CLASS', 'Highschooler']",cross-encoder
Zeigen Sie die Namen aller Gymnasiasten in Klasse 10 an.,SELECT name FROM Highschooler WHERE grade  =  10,True,False,False,"['Highschooler', 'CLASS']",cross-encoder
Wie lauten die Namen aller Gymnasiasten in Klasse 10?,SELECT name FROM Highschooler WHERE grade  =  10,True,False,False,"['Highschooler', 'CLASS']",cross-encoder
Zeigen Sie die ID des Gymnasiasten namens Kyle an.,"SELECT ID FROM Highschooler WHERE name  =  ""Kyle""",True,False,False,['Highschooler'],cross-encoder
Wie viele Gymnasiasten gibt es in Klasse 9 oder 10?,SELECT count(*) FROM Highschooler WHERE grade  =  9 OR grade  =  10,True,False,False,"['Highschooler', 'CLASS']",cross-encoder
Zählen Sie die Anzahl der Gymnasiasten in den Klassen 9 oder 10.,SELECT count(*) FROM Highschooler WHERE grade  =  9 OR grade  =  10,True,False,False,"['Highschooler', 'CLASS']",cross-encoder
Zeigen Sie die Anzahl der Gymnasiasten für jede Klasse an.,"SELECT grade ,  count(*) FROM Highschooler GROUP BY grade",True,False,False,"['Highschooler', 'CLASS']",cross-encoder
Wie viele Gymnasiasten gibt es in jeder Klasse?,"SELECT grade ,  count(*) FROM Highschooler GROUP BY grade",True,False,False,"['Highschooler', 'CLASS']",cross-encoder
Welche Klasse hat die meisten Gymnasiasten?,SELECT grade FROM Highschooler GROUP BY grade ORDER BY count(*) DESC LIMIT 1,True,False,False,"['CLASS', 'Highschooler']",cross-encoder
Geben Sie die Klasse mit der höchsten Anzahl von Gymnasiasten an.,SELECT grade FROM Highschooler GROUP BY grade ORDER BY count(*) DESC LIMIT 1,True,False,False,"['CLASS', 'Highschooler']",cross-encoder
"Zeigen Sie mir alle Klassen, die mindestens 4 Schüler haben.",SELECT grade FROM Highschooler GROUP BY grade HAVING count(*)  >=  4,True,False,False,"['CLASS', 'school']",cross-encoder
In welchen Klassen gibt es 4 oder mehr Gymnasiasten?,SELECT grade FROM Highschooler GROUP BY grade HAVING count(*)  >=  4,True,False,False,"['CLASS', 'Highschooler']",cross-encoder
Zeigen Sie die entsprechenden IDs der Schüler und die Anzahl ihrer Freunde.,"SELECT student_id ,  count(*) FROM Friend GROUP BY student_id",True,False,False,"['school', 'Friend']",cross-encoder
Wie viele Freunde hat jeder Schüler?,"SELECT student_id ,  count(*) FROM Friend GROUP BY student_id",True,False,False,"['Friend', 'school']",cross-encoder
Zeigen Sie die Namen der Gymnasiasten und die entsprechende Anzahl ihrer Freunde.,"SELECT T2.name ,  count(*) FROM Friend AS T1 JOIN Highschooler AS T2 ON T1.student_id  =  T2.id GROUP BY T1.student_id",True,False,False,"['Highschooler', 'Friend']",cross-encoder
Wie lauten die Namen der Gymnasiasten und wie viele Freunde hat jeder von ihnen?,"SELECT T2.name ,  count(*) FROM Friend AS T1 JOIN Highschooler AS T2 ON T1.student_id  =  T2.id GROUP BY T1.student_id",True,False,False,"['Highschooler', 'Friend']",cross-encoder
"Wie lautet der Name des Gymnasiasten, der die meisten Freunde hat?",SELECT T2.name FROM Friend AS T1 JOIN Highschooler AS T2 ON T1.student_id  =  T2.id GROUP BY T1.student_id ORDER BY count(*) DESC LIMIT 1,True,False,False,"['Highschooler', 'Friend']",cross-encoder
Geben Sie den Namen des Gymnasiasten mit den meisten Freunden zurück.,SELECT T2.name FROM Friend AS T1 JOIN Highschooler AS T2 ON T1.student_id  =  T2.id GROUP BY T1.student_id ORDER BY count(*) DESC LIMIT 1,True,False,False,"['Highschooler', 'Friend']",cross-encoder
"Zeigen Sie die Namen der Gymnasiasten, die mindestens 3 Freunde haben.",SELECT T2.name FROM Friend AS T1 JOIN Highschooler AS T2 ON T1.student_id  =  T2.id GROUP BY T1.student_id HAVING count(*)  >=  3,True,False,False,"['Highschooler', 'Friend']",cross-encoder
"Wie lauten die Namen der Gymnasiasten, die 3 oder mehr Freunde haben?",SELECT T2.name FROM Friend AS T1 JOIN Highschooler AS T2 ON T1.student_id  =  T2.id GROUP BY T1.student_id HAVING count(*)  >=  3,True,False,False,"['Highschooler', 'Friend']",cross-encoder
Zeigen Sie die Namen aller Freunde des Gymnasiasten Kyle.,"SELECT T3.name FROM Friend AS T1 JOIN Highschooler AS T2 ON T1.student_id  =  T2.id JOIN Highschooler AS T3 ON T1.friend_id  =  T3.id WHERE T2.name  =  ""Kyle""",True,False,False,"['Friend', 'Highschooler']",cross-encoder
Geben Sie die Namen der Freunde des Schülers Kyle aus dem Gymnasium zurück.,"SELECT T3.name FROM Friend AS T1 JOIN Highschooler AS T2 ON T1.student_id  =  T2.id JOIN Highschooler AS T3 ON T1.friend_id  =  T3.id WHERE T2.name  =  ""Kyle""",True,False,False,"['Friend', 'school']",cross-encoder
Wie viele Freunde hat des Gymnasiasten Kyle?,"SELECT count(*) FROM Friend AS T1 JOIN Highschooler AS T2 ON T1.student_id  =  T2.id WHERE T2.name  =  ""Kyle""",True,False,False,"['Friend', 'Highschooler']",cross-encoder
"Zählen Sie die Anzahl der Freunde, die Kyle hat.","SELECT count(*) FROM Friend AS T1 JOIN Highschooler AS T2 ON T1.student_id  =  T2.id WHERE T2.name  =  ""Kyle""",True,False,False,['Friend'],cross-encoder
"Zeigen Sie die IDs aller Schüler an, die keine Freunde haben.",SELECT id FROM Highschooler EXCEPT SELECT student_id FROM Friend,True,False,False,"['school', 'Friend']",cross-encoder
"Wie lauten die IDs von Schülern, die keine Freunde haben?",SELECT id FROM Highschooler EXCEPT SELECT student_id FROM Friend,True,False,False,"['school', 'Friend']",cross-encoder
"Zeigen Sie die Namen aller Schüler des Gymnasiums, die keine Freunde haben.",SELECT name FROM Highschooler EXCEPT SELECT T2.name FROM Friend AS T1 JOIN Highschooler AS T2 ON T1.student_id  =  T2.id,True,False,False,"['school', 'Friend']",cross-encoder
"Wie lauten die Namen der Schüler, die keine Freunde haben?",SELECT name FROM Highschooler EXCEPT SELECT T2.name FROM Friend AS T1 JOIN Highschooler AS T2 ON T1.student_id  =  T2.id,True,False,False,"['school', 'Friend']",cross-encoder
"Zeigen Sie die IDs von Gymnasiasten, die Freunde haben und auch von jemand anderem gemocht werden.",SELECT student_id FROM Friend INTERSECT SELECT liked_id FROM Likes,True,False,False,"['Highschooler', 'Friend']",cross-encoder
"Wie lauten die IDs von Studierenden, die sowohl Freunde haben als auch gemocht werden?",SELECT student_id FROM Friend INTERSECT SELECT liked_id FROM Likes,True,False,False,['Friend'],cross-encoder
"Zeigen Sie die Namen aller Studierenden an, die einige Freunde haben und auch von jemand anderem gemocht werden.",SELECT T2.name FROM Friend AS T1 JOIN Highschooler AS T2 ON T1.student_id  =  T2.id INTERSECT SELECT T2.name FROM Likes AS T1 JOIN Highschooler AS T2 ON T1.liked_id  =  T2.id,True,False,False,['Friend'],cross-encoder
"Wie lauten die Namen von Gymnasiasten, die sowohl Freunde haben als auch gemocht werden?",SELECT T2.name FROM Friend AS T1 JOIN Highschooler AS T2 ON T1.student_id  =  T2.id INTERSECT SELECT T2.name FROM Likes AS T1 JOIN Highschooler AS T2 ON T1.liked_id  =  T2.id,True,False,False,"['Highschooler', 'Friend']",cross-encoder
"Zeigen Sie die Namen der Gymnasiasten, die Vorlieben haben, und die Anzahl der Vorlieben für jede.","SELECT T2.name ,  count(*) FROM Likes AS T1 JOIN Highschooler AS T2 ON T1.student_id  =  T2.id GROUP BY T1.student_id",True,False,False,['Highschooler'],cross-encoder
"Was sind die Namen der Gymnasiasten, die Vorlieben haben, und wie viele Vorlieben hat jeder von ihnen?","SELECT T2.name ,  count(*) FROM Likes AS T1 JOIN Highschooler AS T2 ON T1.student_id  =  T2.id GROUP BY T1.student_id",True,False,False,['Highschooler'],cross-encoder
"Wie lautet der Name des Gymnasiasten, der die meisten Vorlieben hat?",SELECT T2.name FROM Likes AS T1 JOIN Highschooler AS T2 ON T1.student_id  =  T2.id GROUP BY T1.student_id ORDER BY count(*) DESC LIMIT 1,True,False,False,['Highschooler'],cross-encoder
Geben Sie den Namen des Schülers/der Schülerin mit den meisten Vorlieben an.,SELECT T2.name FROM Likes AS T1 JOIN Highschooler AS T2 ON T1.student_id  =  T2.id GROUP BY T1.student_id ORDER BY count(*) DESC LIMIT 1,True,False,False,['school'],cross-encoder
"Wie lauten die Namen der Schülerinnen und Schüler, die 2 oder mehr Vorlieben haben?",SELECT T2.name FROM Likes AS T1 JOIN Highschooler AS T2 ON T1.student_id  =  T2.id GROUP BY T1.student_id HAVING count(*)  >=  2,True,False,False,['school'],cross-encoder
"Zeigen Sie die Namen der Schülerinnen und Schüler, die eine höhere Note als 5 haben und mindestens 2 Freunde haben.",SELECT T2.name FROM Friend AS T1 JOIN Highschooler AS T2 ON T1.student_id  =  T2.id WHERE T2.grade  >  5 GROUP BY T1.student_id HAVING count(*)  >=  2,True,False,False,"['school', 'Friend']",cross-encoder
"Wie lauten die Namen von Gymnasiasten, die eine Klasse über 5 haben, und zwei oder mehr Freunde haben?",SELECT T2.name FROM Friend AS T1 JOIN Highschooler AS T2 ON T1.student_id  =  T2.id WHERE T2.grade  >  5 GROUP BY T1.student_id HAVING count(*)  >=  2,True,False,False,"['Highschooler', 'CLASS', 'Friend']",cross-encoder
"Geben Sie die Anzahl der Vorlieben zurück, die der Gymnasiast mit dem Namen Kyle hat.","SELECT count(*) FROM Likes AS T1 JOIN Highschooler AS T2 ON T1.student_id  =  T2.id WHERE T2.name  =  ""Kyle""",True,False,False,['Highschooler'],cross-encoder
"Ermitteln Sie die Durchschnittsnote aller Schülerinnen und Schüler, die einige Freunde haben.",SELECT avg(grade) FROM Highschooler WHERE id IN (SELECT T1.student_id FROM Friend AS T1 JOIN Highschooler AS T2 ON T1.student_id  =  T2.id),True,False,False,"['school', 'Friend']",cross-encoder
"Wie ist die Durchschnittsnote der Schülerinnen und Schüler, die Freunde haben?",SELECT avg(grade) FROM Highschooler WHERE id IN (SELECT T1.student_id FROM Friend AS T1 JOIN Highschooler AS T2 ON T1.student_id  =  T2.id),True,False,False,"['school', 'Friend']",cross-encoder
"Finden Sie die Mindestnote der Schülerinnen und Schüler, die keine Freunde haben.",SELECT min(grade) FROM Highschooler WHERE id NOT IN (SELECT T1.student_id FROM Friend AS T1 JOIN Highschooler AS T2 ON T1.student_id  =  T2.id),True,False,False,"['school', 'Friend']",cross-encoder
"Was ist die niedrigste Note der Schülerinnen und Schüler, die keine Freunde haben?",SELECT min(grade) FROM Highschooler WHERE id NOT IN (SELECT T1.student_id FROM Friend AS T1 JOIN Highschooler AS T2 ON T1.student_id  =  T2.id),True,False,False,"['highlow', 'school', 'Friend']",cross-encoder
In welchen Bundsstaaten leben sowohl Besitzer als auch Fachleute?,SELECT state FROM Owners INTERSECT SELECT state FROM Professionals,True,False,False,"['Lives_in', 'Owners']",cross-encoder
"Finden Sie die Bundesstaaten, in denen sowohl Besitzer als auch Fachleute wohnen.",SELECT state FROM Owners INTERSECT SELECT state FROM Professionals,True,False,False,['Owners'],cross-encoder
"Wie ist das Durchschnittsalter der Hunde, die einer Behandlung unterzogen wurden?",SELECT avg(age) FROM Dogs WHERE dog_id IN ( SELECT dog_id FROM Treatments ),True,False,False,"['Treatments', 'Treatment_Types', 'Undergoes']",cross-encoder
"Welche Fachleute leben im Bundesstaat Indiana oder haben mehr als 2 Behandlungen hinter sich? Geben Sie seine ID, seinen Nachnamen und sein Mobiltelefon an.","SELECT professional_id ,  last_name ,  cell_number FROM Professionals WHERE state  =  'Indiana' UNION SELECT T1.professional_id ,  T1.last_name ,  T1.cell_number FROM Professionals AS T1 JOIN Treatments AS T2 ON T1.professional_id  =  T2.professional_id GROUP BY T1.professional_id HAVING count(*)  >  2",True,False,False,"['Lives_in', 'Treatments', 'Treatment_Types', 'Undergoes']",cross-encoder
"Finden Sie ID, Nachname und Mobiltelefon der Fachleute, die im Bundesstaat Indiana leben oder mehr als zwei Behandlungen durchgeführt haben.","SELECT professional_id ,  last_name ,  cell_number FROM Professionals WHERE state  =  'Indiana' UNION SELECT T1.professional_id ,  T1.last_name ,  T1.cell_number FROM Professionals AS T1 JOIN Treatments AS T2 ON T1.professional_id  =  T2.professional_id GROUP BY T1.professional_id HAVING count(*)  >  2",True,False,False,"['Lives_in', 'Treatments', 'Treatment_Types', 'Undergoes']",cross-encoder
Welche Hunde haben ihren Besitzer nicht mehr als 1000 für die Behandlung gekostet ? Listen Sie die Namen der Hunde auf.,select name from dogs where dog_id not in ( select dog_id from treatments group by dog_id having sum(cost_of_treatment)  >  1000 ),True,False,False,"['Dogs', 'Owners', 'Treatments', 'Treatment_Types', 'Undergoes', 'list', 'Dogs']",cross-encoder
"Wie lauten die Namen der Hunde, für die der Besitzer nicht mehr als 1000 für die Behandlung ausgegeben hat ?",select name from dogs where dog_id not in ( select dog_id from treatments group by dog_id having sum(cost_of_treatment)  >  1000 ),True,False,False,"['Owners', 'Treatments', 'Treatment_Types', 'Undergoes']",cross-encoder
"Welche Vornamen werden für Fachleute oder Besitzer verwendet, aber nicht als Hundenamen verwendet ?",SELECT first_name FROM Professionals UNION SELECT first_name FROM Owners EXCEPT SELECT name FROM Dogs,True,False,False,['Owners'],cross-encoder
"Finden Sie die Vornamen, die für Fachleute oder Besitzer verwendet werden, aber nicht als Hundenamen verwendet werden.",SELECT first_name FROM Professionals UNION SELECT first_name FROM Owners EXCEPT SELECT name FROM Dogs,True,False,False,['Owners'],cross-encoder
"Welcher Fachmann hat keine Behandlung bei Hunden durchgeführt? Führen Sie die ID, Rolle und E-Mail des Fachmanns auf.","SELECT professional_id ,  role_code ,  email_address FROM Professionals EXCEPT SELECT T1.professional_id ,  T1.role_code ,  T1.email_address FROM Professionals AS T1 JOIN Treatments AS T2 ON T1.professional_id  =  T2.professional_id",True,False,False,"['Treatments', 'Treatment_Types', 'Undergoes', 'Roles']",cross-encoder
"Geben Sie mir die ID, Rolle und E-Mail der Fachleute an, die keine Behandlung an Hunden durchgeführt haben.","SELECT professional_id ,  role_code ,  email_address FROM Professionals EXCEPT SELECT T1.professional_id ,  T1.role_code ,  T1.email_address FROM Professionals AS T1 JOIN Treatments AS T2 ON T1.professional_id  =  T2.professional_id",True,False,False,"['Roles', 'Treatments', 'Treatment_Types', 'Undergoes']",cross-encoder
"Geben Sie die ID, den Vornamen und den Nachnamen des Besitzers mit den meisten Hunden zurück.","SELECT T1.owner_id ,  T2.first_name ,  T2.last_name FROM Dogs AS T1 JOIN Owners AS T2 ON T1.owner_id  =  T2.owner_id GROUP BY T1.owner_id ORDER BY count(*) DESC LIMIT 1",True,False,False,['Owners'],cross-encoder
"Welche Fachleute haben mindestens zwei Behandlungen durchgeführt? Geben Sie die ID, die Rolle und den Vornamen des Fachmanns an.","SELECT T1.professional_id ,  T1.role_code ,  T1.first_name FROM Professionals AS T1 JOIN Treatments AS T2 ON T1.professional_id  =  T2.professional_id GROUP BY T1.professional_id HAVING count(*)  >=  2",True,False,False,"['Treatments', 'Treatment_Types', 'Undergoes', 'Roles']",cross-encoder
"Wie lauten ID, Rolle und Vorname der Fachleute, die zwei oder mehr Behandlungen durchgeführt haben?","SELECT T1.professional_id ,  T1.role_code ,  T1.first_name FROM Professionals AS T1 JOIN Treatments AS T2 ON T1.professional_id  =  T2.professional_id GROUP BY T1.professional_id HAVING count(*)  >=  2",True,False,False,"['Roles', 'Treatments', 'Treatment_Types', 'Undergoes']",cross-encoder
Welcher Besitzer hat für die meisten Behandlungen seiner Hunde bezahlt? Nennen Sie die Besitzer-ID und den Nachnamen.,"SELECT T1.owner_id ,  T1.last_name FROM Owners AS T1 JOIN Dogs AS T2 ON T1.owner_id  =  T2.owner_id JOIN Treatments AS T3 ON T2.dog_id  =  T3.dog_id GROUP BY T1.owner_id ORDER BY count(*) DESC LIMIT 1",True,False,False,"['Owners', 'Treatments', 'Treatment_Types', 'Undergoes', 'Dogs']",cross-encoder
"Nennen Sie mir die ID und den Nachnamen des Besitzers, der für die Behandlung seiner Hunde am meisten ausgegeben hat.","SELECT T1.owner_id ,  T1.last_name FROM Owners AS T1 JOIN Dogs AS T2 ON T1.owner_id  =  T2.owner_id JOIN Treatments AS T3 ON T2.dog_id  =  T3.dog_id GROUP BY T1.owner_id ORDER BY count(*) DESC LIMIT 1",True,False,False,"['Owners', 'Treatments', 'Treatment_Types', 'Undergoes', 'Dogs']",cross-encoder
"Wie lautet die Beschreibung der Behandlungsart, die insgesamt am wenigsten Geld kostet?",SELECT T1.treatment_type_description FROM Treatment_types AS T1 JOIN Treatments AS T2 ON T1.treatment_type_code  =  T2.treatment_type_code GROUP BY T1.treatment_type_code ORDER BY sum(cost_of_treatment) ASC LIMIT 1,True,False,False,"['Treatments', 'Treatment_Types', 'Undergoes']",cross-encoder
"Nennen Sie mir die Beschreibung der Behandlungsart, deren Gesamtkosten am niedrigsten sind.",SELECT T1.treatment_type_description FROM Treatment_types AS T1 JOIN Treatments AS T2 ON T1.treatment_type_code  =  T2.treatment_type_code GROUP BY T1.treatment_type_code ORDER BY sum(cost_of_treatment) ASC LIMIT 1,True,False,False,"['Treatments', 'Treatment_Types', 'Undergoes']",cross-encoder
Welcher Besitzer hat insgesamt am meisten Geld für seine Hunde bezahlt? Geben Sie die ID und Postleitzahl des Besitzers an.,"SELECT T1.owner_id ,  T1.zip_code FROM Owners AS T1 JOIN Dogs AS T2 ON T1.owner_id  =  T2.owner_id JOIN Treatments AS T3 ON T2.dog_id  =  T3.dog_id GROUP BY T1.owner_id ORDER BY sum(T3.cost_of_treatment) DESC LIMIT 1",True,False,False,"['Owners', 'Dogs', 'Owners']",cross-encoder
"Suchen Sie die ID und Postleitzahl des Besitzers, der insgesamt am meisten Geld für seine Hunde ausgegeben hat.","SELECT T1.owner_id ,  T1.zip_code FROM Owners AS T1 JOIN Dogs AS T2 ON T1.owner_id  =  T2.owner_id JOIN Treatments AS T3 ON T2.dog_id  =  T3.dog_id GROUP BY T1.owner_id ORDER BY sum(T3.cost_of_treatment) DESC LIMIT 1",True,False,False,"['Owners', 'Dogs']",cross-encoder
Welche Fachleute haben mindestens zwei Arten von Behandlungen durchgeführt? Geben Sie die ID und das Mobiltelefon des Fachmanns an.,"SELECT T1.professional_id ,  T1.cell_number FROM Professionals AS T1 JOIN Treatments AS T2 ON T1.professional_id  =  T2.professional_id GROUP BY T1.professional_id HAVING count(*)  >=  2",True,False,False,"['Treatments', 'Treatment_Types', 'Undergoes']",cross-encoder
"Finden Sie die ID und das Mobiltelefon des Fachmanns, der zwei oder mehr Arten von Behandlungen durchgeführt hat.","SELECT T1.professional_id ,  T1.cell_number FROM Professionals AS T1 JOIN Treatments AS T2 ON T1.professional_id  =  T2.professional_id GROUP BY T1.professional_id HAVING count(*)  >=  2",True,False,False,"['Treatments', 'Treatment_Types', 'Undergoes']",cross-encoder
"Wie lauten Vor- und Nachname der Fachleute, die Behandlungen mit unterdurchschnittlichen Kosten durchgeführt haben?","SELECT DISTINCT T1.first_name ,  T1.last_name FROM Professionals AS T1 JOIN Treatments AS T2 WHERE cost_of_treatment  <  ( SELECT avg(cost_of_treatment) FROM Treatments )",True,False,False,"['Treatments', 'Treatment_Types', 'Undergoes']",cross-encoder
"Welche Fachleute haben eine Behandlung durchgeführt, die weniger als der Durchschnitt kostet? Nennen Sie mir die Vor- und Nachnamen des Fachmanns.","SELECT DISTINCT T1.first_name ,  T1.last_name FROM Professionals AS T1 JOIN Treatments AS T2 WHERE cost_of_treatment  <  ( SELECT avg(cost_of_treatment) FROM Treatments )",True,False,False,"['Treatments', 'Treatment_Types', 'Undergoes']",cross-encoder
"Geben Sie das Datum jeder Behandlung an, zusammen mit dem Vornamen des Fachmanns, der die Behandlung durchgeführt hat.","SELECT T1.date_of_treatment ,  T2.first_name FROM Treatments AS T1 JOIN Professionals AS T2 ON T1.professional_id  =  T2.professional_id",True,False,False,"['Treatments', 'Treatment_Types', 'Undergoes', 'Treatments', 'Treatment_Types', 'Undergoes']",cross-encoder
Wie lauten das Datum und der Vorname des operierenden Fachmanns für jede Behandlung?,"SELECT T1.date_of_treatment ,  T2.first_name FROM Treatments AS T1 JOIN Professionals AS T2 ON T1.professional_id  =  T2.professional_id",True,False,False,"['Treatments', 'Treatment_Types', 'Undergoes']",cross-encoder
Nennen Sie die Kosten jeder Behandlung und die entsprechende Beschreibung der Behandlungsart.,"SELECT T1.cost_of_treatment ,  T2.treatment_type_description FROM Treatments AS T1 JOIN treatment_types AS T2 ON T1.treatment_type_code  =  T2.treatment_type_code",True,False,False,"['Treatments', 'Treatment_Types', 'Undergoes', 'Treatments', 'Treatment_Types', 'Undergoes']",cross-encoder
Wie lauten die Kosten und die Beschreibung der Behandlungsart für jede Behandlung?,"SELECT T1.cost_of_treatment ,  T2.treatment_type_description FROM Treatments AS T1 JOIN treatment_types AS T2 ON T1.treatment_type_code  =  T2.treatment_type_code",True,False,False,"['Treatments', 'Treatment_Types', 'Undergoes', 'Treatments', 'Treatment_Types', 'Undergoes']",cross-encoder
"Geben Sie den Vornamen, den Nachnamen und die Größe ihres oder seines Hundes.","SELECT T1.first_name ,  T1.last_name ,  T2.size_code FROM Owners AS T1 JOIN Dogs AS T2 ON T1.owner_id  =  T2.owner_id",False,False,False,['Sizes'],cross-encoder
"Wie lauten der Vorname, der Nachname und die Größe des Hundes jedes Besitzers?","SELECT T1.first_name ,  T1.last_name ,  T2.size_code FROM Owners AS T1 JOIN Dogs AS T2 ON T1.owner_id  =  T2.owner_id",True,False,False,"['Sizes', 'Owners']",cross-encoder
Listen Sie Paare aus dem Vornamen des Besitzers und dem Namen des Hundes auf.,"SELECT T1.first_name ,  T2.name FROM Owners AS T1 JOIN Dogs AS T2 ON T1.owner_id  =  T2.owner_id",True,False,False,"['list', 'Owners']",cross-encoder
Wie lauten der Vorname jedes Besitzers und der Name des Hundes?,"SELECT T1.first_name ,  T2.name FROM Owners AS T1 JOIN Dogs AS T2 ON T1.owner_id  =  T2.owner_id",True,False,False,['Owners'],cross-encoder
Führen Sie die Namen der Hunde der seltensten Rasse und die Behandlungsdaten der Hunde auf.,"SELECT T1.name ,  T2.date_of_treatment FROM Dogs AS T1 JOIN Treatments AS T2 ON T1.dog_id  =  T2.dog_id WHERE T1.breed_code  =  ( SELECT breed_code FROM Dogs GROUP BY breed_code ORDER BY count(*) ASC LIMIT 1 )",True,False,False,"['Dogs', 'Treatments', 'Undergoes', 'Dogs']",cross-encoder
Welche Hunde gehören der seltensten Rasse an? Geben Sie deren Namen und Behandlungsdaten an.,"SELECT T1.name ,  T2.date_of_treatment FROM Dogs AS T1 JOIN Treatments AS T2 ON T1.dog_id  =  T2.dog_id WHERE T1.breed_code  =  ( SELECT breed_code FROM Dogs GROUP BY breed_code ORDER BY count(*) ASC LIMIT 1 )",True,False,False,"['Dogs', 'Treatments', 'Undergoes']",cross-encoder
"Welche Hunde gehören jemandem, der in Virginia lebt? Geben Sie den Vornamen des Besitzers und den Namen des Hundes an.","SELECT T1.first_name ,  T2.name FROM Owners AS T1 JOIN Dogs AS T2 ON T1.owner_id  =  T2.owner_id WHERE T1.state  =  'Virginia'",True,False,False,"['Dogs', 'Lives_in', 'Owners']",cross-encoder
"Finden Sie die Vornamen der Besitzer, die in Virginia leben, und die Namen der Hunde, die sie besitzen.","SELECT T1.first_name ,  T2.name FROM Owners AS T1 JOIN Dogs AS T2 ON T1.owner_id  =  T2.owner_id WHERE T1.state  =  'Virginia'",True,False,False,"['Owners', 'Lives_in']",cross-encoder
"Was sind das Ankunftsdatum und das Abreisedatum der Hunde, die einer Behandlung unterzogen wurden?","SELECT DISTINCT T1.date_arrived ,  T1.date_departed FROM Dogs AS T1 JOIN Treatments AS T2 ON T1.dog_id  =  T2.dog_id",True,False,False,"['Treatments', 'Treatment_Types', 'Undergoes']",cross-encoder
"Finden Sie das Ankunftsdatum und das Abreisedatum der Hunde, die eine Behandlung erhalten haben.","SELECT DISTINCT T1.date_arrived ,  T1.date_departed FROM Dogs AS T1 JOIN Treatments AS T2 ON T1.dog_id  =  T2.dog_id",True,False,False,"['Treatments', 'Treatment_Types', 'Undergoes']",cross-encoder
Geben Sie den Nachnamen des Besitzers oder der Besitzerin des jüngsten Hundes an.,SELECT T1.last_name FROM Owners AS T1 JOIN Dogs AS T2 ON T1.owner_id  =  T2.owner_id WHERE T2.age  =  ( SELECT max(age) FROM Dogs ),True,False,False,"['Owners', 'Owners']",cross-encoder
"Listen Sie die E-Mails der Fachleute auf, die im Staat Hawaii oder Wisconsin leben.",SELECT email_address FROM Professionals WHERE state  =  'Hawaii' OR state  =  'Wisconsin',False,False,False,"['list', 'Lives_in']",cross-encoder
"Wie lauten die E-Mails von Fachleuten, die entweder im Staat Hawaii oder im Staat Wisconsin leben?",SELECT email_address FROM Professionals WHERE state  =  'Hawaii' OR state  =  'Wisconsin',False,False,False,['Lives_in'],cross-encoder
Geben Sie das Ankunftsdatum und das Abreisedatum für alle Hunde an.,"SELECT date_arrived ,  date_departed FROM Dogs",True,False,False,['Dogs'],cross-encoder
Wie viele Hunde wurden einer Behandlung unterzogen?,SELECT count(DISTINCT dog_id) FROM Treatments,True,False,False,"['Dogs', 'Treatments', 'Treatment_Types', 'Undergoes']",cross-encoder
"Zählen Sie die Anzahl der Hunde, die eine Behandlung durchlaufen haben.",SELECT count(DISTINCT dog_id) FROM Treatments,True,False,False,"['Treatments', 'Treatment_Types', 'Undergoes']",cross-encoder
Wie viele Fachleute haben eine Behandlung von Hunden durchgeführt?,SELECT count(DISTINCT professional_id) FROM Treatments,True,False,False,"['Treatments', 'Treatment_Types', 'Undergoes']",cross-encoder
"Ermitteln Sie die Anzahl der Fachleute, die jemals Hunde behandelt haben.",SELECT count(DISTINCT professional_id) FROM Treatments,False,False,False,['Dogs'],cross-encoder
"Welche Fachleute leben in einer Stadt mit der Teilzeichenfolge ""West""? Führen Sie seine oder ihre Rolle, Straße, Stadt und Bundesland auf.","SELECT role_code ,  street ,  city ,  state FROM professionals WHERE city LIKE '%West%'",True,False,False,"['Lives_in', 'city', 'Roles', 'city', 'state']",cross-encoder
"Finden Sie die Rolle, Straße, Stadt und Staat der Fachleute, die in einer Stadt leben, die eine Teilzeichenfolge ""West"" enthält.","SELECT role_code ,  street ,  city ,  state FROM professionals WHERE city LIKE '%West%'",True,False,False,"['Roles', 'city', 'city', 'Lives_in']",cross-encoder
"Welche Eigentümer leben in dem Staat, dessen Name die Teilzeichenfolge 'North' enthält? Geben Sie seinen Vornamen, Nachnamen und seine E-Mail-Adresse an.","SELECT first_name ,  last_name ,  email_address FROM Owners WHERE state LIKE '%North%'",False,False,False,['Lives_in'],cross-encoder
"Geben Sie Vorname, Nachname und E-Mail der Eigentümer an, die in einem Staat leben, dessen Name die Teilzeichenfolge 'North' enthält.","SELECT first_name ,  last_name ,  email_address FROM Owners WHERE state LIKE '%North%'",False,False,False,['Lives_in'],cross-encoder
Wie viele Hunde haben ein Alter unter dem Durchschnitt?,SELECT count(*) FROM Dogs WHERE age  <  ( SELECT avg(age) FROM Dogs ),True,False,False,['Dogs'],cross-encoder
Wie viel kostet die zuletzte Behandlung?,SELECT cost_of_treatment FROM Treatments ORDER BY date_of_treatment DESC LIMIT 1,True,False,False,"['Treatments', 'Treatment_Types', 'Undergoes']",cross-encoder
Zeigen Sie mir die Kosten der in letzter Zeit durchgeführten Behandlung.,SELECT cost_of_treatment FROM Treatments ORDER BY date_of_treatment DESC LIMIT 1,True,False,False,"['Treatments', 'Treatment_Types', 'Undergoes']",cross-encoder
Wie viele Hunde haben keine Behandlung erhalten?,SELECT count(*) FROM Dogs WHERE dog_id NOT IN ( SELECT dog_id FROM Treatments ),True,False,False,"['Dogs', 'Treatments', 'Treatment_Types', 'Undergoes']",cross-encoder
"Sagen Sie mir die Anzahl der Hunde, die keine Behandlung erhalten haben.",select count(*) from dogs where dog_id not in ( select dog_id from treatments ),True,False,False,"['Treatments', 'Treatment_Types', 'Undergoes']",cross-encoder
Wie viele Besitzer haben vorübergehend keine Hunde?,SELECT count(*) FROM Owners WHERE owner_id NOT IN ( SELECT owner_id FROM Dogs ),True,False,False,['Owners'],cross-encoder
"Finden Sie die Anzahl der Besitzer, die zur Zeit keine Hunde besitzen.",SELECT count(*) FROM Owners WHERE owner_id NOT IN ( SELECT owner_id FROM Dogs ),True,False,False,"['Owners', 'Dogs']",cross-encoder
Wie viele Fachleute haben keine Behandlung von Hunden durchgeführt?,SELECT count(*) FROM Professionals WHERE professional_id NOT IN ( SELECT professional_id FROM Treatments ),True,False,False,"['Treatments', 'Treatment_Types', 'Undergoes']",cross-encoder
"Finden Sie die Zahl der Fachleute, die keine Hunde behandelt haben.",SELECT count(*) FROM Professionals WHERE professional_id NOT IN ( SELECT professional_id FROM Treatments ),False,False,False,['Dogs'],cross-encoder
"Geben Sie die Namen, die Alter und die Gewichte der Hunde an, die ausgesetzt wurden? 1 steht für ja, und 0 steht für nein.","SELECT name ,  age ,  weight FROM Dogs WHERE abandoned_yn  =  1",True,False,False,['Dogs'],cross-encoder
Berechnen Sie das Durchschnittsalter aller Hunde.,SELECT avg(age) FROM Dogs,True,False,False,['Dogs'],cross-encoder
Wie viel kostet jede Gebührenart? Geben Sie sowohl die Art als auch den Betrag der Gebühr an.,"SELECT charge_type ,  charge_amount FROM Charges",True,False,False,['Charges'],cross-encoder
Finden Sie die verschiedenen Rassentyp- und Größentyp-Kombinationen für Hunde.,"SELECT DISTINCT breed_code ,  size_code FROM dogs",True,False,False,['Dogs'],cross-encoder
"Nennen Sie die Vornamen aller Fachleute, zusammen mit der Beschreibung der Behandlung, die sie durchgeführt haben.","SELECT DISTINCT T1.first_name ,  T3.treatment_type_description FROM professionals AS T1 JOIN Treatments AS T2 ON T1.professional_id  =  T2.professional_id JOIN Treatment_types AS T3 ON T2.treatment_type_code  =  T3.treatment_type_code",True,False,False,"['Treatments', 'Treatment_Types', 'Undergoes']",cross-encoder
"Wie lauten der Vorname und die Beschreibung der Behandlung, die jeder Fachmann durchgeführt hat?","SELECT DISTINCT T1.first_name ,  T3.treatment_type_description FROM professionals AS T1 JOIN Treatments AS T2 ON T1.professional_id  =  T2.professional_id JOIN Treatment_types AS T3 ON T2.treatment_type_code  =  T3.treatment_type_code",True,False,False,"['Treatments', 'Treatment_Types', 'Undergoes']",cross-encoder
Wie viele Sängerinnen und Sänger gibt es?,SELECT count(*) FROM singer,True,False,False,['singer'],cross-encoder
Was sind die Anzahlen der Sängerinnen und Sänger?,SELECT count(*) FROM singer,True,False,False,['singer'],cross-encoder
Führen Sie die Namen der Sängerinnen und Sänger in aufsteigender Reihenfolge ihres Nettowerts auf.,SELECT Name FROM singer ORDER BY Net_Worth_Millions ASC,True,False,False,['singer'],cross-encoder
Wie lauten die Namen der Sängerinnen und Sänger in aufsteigender Reihenfolge ihres Nettowerts?,SELECT Name FROM singer ORDER BY Net_Worth_Millions ASC,True,False,False,['singer'],cross-encoder
Welches Geburtsjahr und welche Staatsbürgerschaft haben die Sängerinnen und Sänger?,"SELECT Birth_Year ,  Citizenship FROM singer",True,False,False,['singer'],cross-encoder
Was sind das Geburtsjahr und die Staatsbürgerschaft der Sängerinnen und Sänger?,"SELECT Birth_Year ,  Citizenship FROM singer",True,False,False,['singer'],cross-encoder
"Führen Sie die Namen der Sängerinnen und Sänger auf, deren Staatsbürgerschaft nicht ""Frankreich"" lautet.","SELECT Name FROM singer WHERE Citizenship != ""France""",True,False,False,['singer'],cross-encoder
"Wie lauten die Namen der Sängerinnen und Sänger, die keine französische Staatsbürgerschaft haben?","SELECT Name FROM singer WHERE Citizenship != ""France""",True,False,False,['singer'],cross-encoder
"Zeigen Sie die Namen der Sängerinnen und Sänger an, deren Geburtsjahr 1948 oder 1949 ist?",SELECT Name FROM singer WHERE Birth_Year  =  1948 OR Birth_Year  =  1949,True,False,False,['singer'],cross-encoder
"Wie lauten die Namen der Sängerinnen und Sänger, deren Geburtsjahr entweder 1948 oder 1949 ist?",SELECT Name FROM singer WHERE Birth_Year  =  1948 OR Birth_Year  =  1949,True,False,False,['singer'],cross-encoder
Wie lautet der Name der Sängerin oder des Sängers mit dem größten Nettowert?,SELECT Name FROM singer ORDER BY Net_Worth_Millions DESC LIMIT 1,True,False,False,['singer'],cross-encoder
"Wie heißt die Sängerin oder der Sänger, die oder der am meisten wert ist?",SELECT Name FROM singer ORDER BY Net_Worth_Millions DESC LIMIT 1,True,False,False,['singer'],cross-encoder
Zeigen Sie die unterschiedliche Staatsbürgerschaften der Sänger und die Anzahl der Sänger jeder Staatsbürgerschaft an.,"SELECT Citizenship ,  COUNT(*) FROM singer GROUP BY Citizenship",True,False,False,"['singer', 'singer']",cross-encoder
Wie viele Sängerinnen und Sänger kommen für jede Staatsbürgerschaft aus diesem Land?,"SELECT Citizenship ,  COUNT(*) FROM singer GROUP BY Citizenship",True,False,False,"['singer', 'country', 'countries']",cross-encoder
Bitte geben Sie die häufigste Staatsbürgerschaft der Sängerinnen und Sänger an.,SELECT Citizenship FROM singer GROUP BY Citizenship ORDER BY COUNT(*) DESC LIMIT 1,True,False,False,['singer'],cross-encoder
Welche ist die häufigste Staatsbürgerschaft von Sängern ?,select citizenship from singer group by citizenship order by count(*) desc limit 1,True,False,False,['singer'],cross-encoder
Zeigen Sie verschiedene Staatsbürgerschaften und den maximalen Nettowert der Sänger jeder Staatsbürgerschaft an.,"SELECT Citizenship ,  max(Net_Worth_Millions) FROM singer GROUP BY Citizenship",True,False,False,['singer'],cross-encoder
Zeigen Sie die Titel der Lieder und die Namen der Sängerinnen und Sänger an.,"SELECT T2.Title ,  T1.Name FROM singer AS T1 JOIN song AS T2 ON T1.Singer_ID  =  T2.Singer_ID",True,False,False,"['song', 'Songs', 'singer']",cross-encoder
Wie lauten die Titel der Lieder und die Namen der Sängerinnen und Sänger?,"SELECT T2.Title ,  T1.Name FROM singer AS T1 JOIN song AS T2 ON T1.Singer_ID  =  T2.Singer_ID",True,False,False,"['song', 'Songs', 'singer']",cross-encoder
"Zeigen Sie unterschiedliche Namen von Sängern an, deren Lieder mehr als 300000 verkauft worden sind.",SELECT DISTINCT T1.Name FROM singer AS T1 JOIN song AS T2 ON T1.Singer_ID  =  T2.Singer_ID WHERE T2.Sales  >  300000,True,False,False,"['singer', 'song', 'Songs', 'Sales']",cross-encoder
"Wie lauten die verschiedenen Namen der Sänger, die mehr als 300000 verkaufte Lieder haben?",SELECT DISTINCT T1.Name FROM singer AS T1 JOIN song AS T2 ON T1.Singer_ID  =  T2.Singer_ID WHERE T2.Sales  >  300000,True,False,False,"['singer', 'Sales', 'song', 'Songs']",cross-encoder
"Zeigen Sie die Namen der Sängerinnen und Sänger, die mehr als ein Lied haben.",SELECT T1.Name FROM singer AS T1 JOIN song AS T2 ON T1.Singer_ID  =  T2.Singer_ID GROUP BY T1.Name HAVING COUNT(*)  >  1,True,False,False,"['singer', 'song', 'Songs']",cross-encoder
"Wie lauten die Namen der Sängerinnen und Sänger, die mehr als ein Lied haben?",SELECT T1.Name FROM singer AS T1 JOIN song AS T2 ON T1.Singer_ID  =  T2.Singer_ID GROUP BY T1.Name HAVING COUNT(*)  >  1,True,False,False,"['singer', 'song', 'Songs']",cross-encoder
Zeigen Sie die Namen der Sängerinnen und Sänger und die Gesamtverkäufe ihrer Lieder an.,"SELECT T1.Name ,  sum(T2.Sales) FROM singer AS T1 JOIN song AS T2 ON T1.Singer_ID  =  T2.Singer_ID GROUP BY T1.Name",True,False,False,"['singer', 'song', 'Songs']",cross-encoder
Wie hoch sind die Gesamtverkäufe der Lieder der einzelnen Sängerinnen und Sänger?,"SELECT T1.Name ,  sum(T2.Sales) FROM singer AS T1 JOIN song AS T2 ON T1.Singer_ID  =  T2.Singer_ID GROUP BY T1.Name",True,False,False,"['song', 'Songs', 'singer']",cross-encoder
"Geben Sie die Namen der Sängerinnen und Sänger an, die kein Lied haben.",SELECT Name FROM singer WHERE Singer_ID NOT IN (SELECT Singer_ID FROM song),True,False,False,"['singer', 'song', 'Songs']",cross-encoder
"Wie lauten die Namen aller Sängerinnen und Sänger, die kein Lied haben?",SELECT Name FROM singer WHERE Singer_ID NOT IN (SELECT Singer_ID FROM song),True,False,False,"['singer', 'song', 'Songs']",cross-encoder
Zeigen Sie die gemeinsame Staatsbürgerschaft von Sängern mit Geburtsjahr vor 1945 und nach 1955.,SELECT Citizenship FROM singer WHERE Birth_Year  <  1945 INTERSECT SELECT Citizenship FROM singer WHERE Birth_Year  >  1955,True,False,False,['singer'],cross-encoder
Welche Staatsbürgerschaft haben Sängerinnen und Sänger mit einem Geburtsjahr vor 1945 und nach 1955?,SELECT Citizenship FROM singer WHERE Birth_Year  <  1945 INTERSECT SELECT Citizenship FROM singer WHERE Birth_Year  >  1955,True,False,False,['singer'],cross-encoder
Zeigen Sie die Beschreibungen der Immobilientypen der zu diesem Code gehörenden Immobilien an.,SELECT T2.property_type_description FROM Properties AS T1 JOIN Ref_Property_Types AS T2 ON T1.property_type_code  =  T2.property_type_code GROUP BY T1.property_type_code,True,False,False,['Properties'],cross-encoder
"Wie lauten die Namen von Immolibien, bei denen es sich entweder um Häuser oder Wohnungen mit mehr als 1 Zimmer handelt?","SELECT property_name FROM Properties WHERE property_type_code  =  ""House"" UNION SELECT property_name FROM Properties WHERE property_type_code  =  ""Apartment"" AND room_count  >  1",True,False,False,"['Apartments', 'Room']",cross-encoder
Wie hoch ist die Gesamtzahl der Sängerinnen und Sänger?,SELECT count(*) FROM singer,True,False,False,['singer'],cross-encoder
"Zeigen Sie Name, Land, Alter für alle Sängerinnen und Sänger, geordnet nach Alter vom ältesten bis zum jüngsten.","SELECT name ,  country ,  age FROM singer ORDER BY age DESC",False,False,False,"['country', 'countries', 'singer']",cross-encoder
"Wie lauten die Namen, Länder und das Alter aller Sängerinnen und Sänger in absteigender Reihenfolge des Alters?","SELECT name ,  country ,  age FROM singer ORDER BY age DESC",False,False,False,"['country', 'countries', 'singer']",cross-encoder
"Was ist das Durchschnitts-, Mindest- und Höchstalter aller Sängerinnen und Sänger aus Frankreich?","SELECT avg(age) ,  min(age) ,  max(age) FROM singer WHERE country  =  'France'",True,False,False,['singer'],cross-encoder
"Was ist das Durchschnitts-, Mindest- und Höchstalter für alle französischen Sängerinnen und Sänger?","SELECT avg(age) ,  min(age) ,  max(age) FROM singer WHERE country  =  'France'",True,False,False,['singer'],cross-encoder
Zeigen Sie den Namen und das Erscheinungsjahr des Liedes der jüngsten Sängerin oder des jüngsten Sängers an.,"SELECT song_name ,  song_release_year FROM singer ORDER BY age LIMIT 1",True,False,False,['singer'],cross-encoder
Wie lauten die Namen und Erscheinungsjahre aller Lieder der jüngsten Sängerin oder des jüngsten Sängers?,"SELECT song_name ,  song_release_year FROM singer ORDER BY age LIMIT 1",False,False,False,"['song', 'Songs', 'singer']",cross-encoder
Aus welchen verschiedenen Ländern kommen die Sängerinnen und Sänger über 20 Jahren?,SELECT DISTINCT country FROM singer WHERE age  >  20,False,False,False,"['country', 'countries', 'singer']",cross-encoder
Was sind die verschiedenen Länder mit Sängerinnen und Sängern über 20 Jahren?,SELECT DISTINCT country FROM singer WHERE age  >  20,False,False,False,"['country', 'countries', 'singer']",cross-encoder
Zeigen Sie alle Länder und die Anzahl der Sängerinnen und Sänger in jedem Land an.,"SELECT country ,  count(*) FROM singer GROUP BY country",False,False,False,"['country', 'countries', 'singer', 'country', 'countries']",cross-encoder
Wie viele Sängerinnen und Sänger kommen aus jedem Land?,"SELECT country ,  count(*) FROM singer GROUP BY country",False,False,False,"['singer', 'country', 'countries']",cross-encoder
Liste der Namen aller Lieder von Sängerinnen und Sängern über dem Durchschnittsalter.,SELECT song_name FROM singer WHERE age  >  (SELECT avg(age) FROM singer),False,False,False,"['list', 'song', 'Songs', 'singer']",cross-encoder
"Wie lauten die Namen aller Lieder von Sängerinnen und Sängern, die älter als der Durchschnitt sind?",SELECT song_name FROM singer WHERE age  >  (SELECT avg(age) FROM singer),False,False,False,"['song', 'Songs', 'singer']",cross-encoder
Zeigen Sie Standort und Namen aller Stadien mit einer Kapazität zwischen 5000 und 10000 an.,"SELECT LOCATION ,  name FROM stadium WHERE capacity BETWEEN 5000 AND 10000",False,False,False,"['Locations', 'LOCATION']",cross-encoder
Wie lauten die Standorte und Namen aller Stationen mit einer Kapazität zwischen 5000 und 10000?,"SELECT LOCATION ,  name FROM stadium WHERE capacity BETWEEN 5000 AND 10000",False,False,False,"['Locations', 'LOCATION']",cross-encoder
Wie lautet der Name und die Kapazität des Stadions mit der höchsten durchschnittlichen Besucherzahl?,"SELECT name ,  capacity FROM stadium ORDER BY average DESC LIMIT 1",True,False,False,['stadium'],cross-encoder
Wie lautet der Name und die Kapazität des Stadions mit der höchsten durchschnittlichen Besucherzahl?,"SELECT name ,  capacity FROM stadium ORDER BY average DESC LIMIT 1",True,False,False,['stadium'],cross-encoder
Wie viele Konzerte gibt es im Jahr 2014 oder 2015?,SELECT count(*) FROM concert WHERE YEAR  =  2014 OR YEAR  =  2015,True,False,False,['concert'],cross-encoder
Wie viele Konzerte aufgetreten 2014 oder 2015?,SELECT count(*) FROM concert WHERE YEAR  =  2014 OR YEAR  =  2015,True,False,False,['concert'],cross-encoder
Zeigen Sie den Stadionnamen und die Anzahl der Konzerte in jedem Stadion an.,"SELECT T2.name ,  count(*) FROM concert AS T1 JOIN stadium AS T2 ON T1.stadium_id  =  T2.stadium_id GROUP BY T1.stadium_id",True,False,False,"['concert', 'stadium']",cross-encoder
Wie viele Konzerte gibt es für jedes Stadion?,"SELECT T2.name ,  count(*) FROM concert AS T1 JOIN stadium AS T2 ON T1.stadium_id  =  T2.stadium_id GROUP BY T1.stadium_id",True,False,False,"['concert', 'stadium']",cross-encoder
Zeigen Sie den Namen und die Kapazität des Stadions mit den meisten Konzerten im Jahr 2014 oder danach.,"SELECT T2.name ,  T2.capacity FROM concert AS T1 JOIN stadium AS T2 ON T1.stadium_id  =  T2.stadium_id WHERE T1.year  >=  2014 GROUP BY T2.stadium_id ORDER BY count(*) DESC LIMIT 1",True,False,False,"['stadium', 'concert']",cross-encoder
Wie heißt das Stadion mit den meisten Konzerten nach 2013?,"select t2.name ,  t2.capacity from concert as t1 join stadium as t2 on t1.stadium_id  =  t2.stadium_id where t1.year  >  2013 group by t2.stadium_id order by count(*) desc limit 1",True,False,False,"['stadium', 'concert']",cross-encoder
In welchem Jahr gibt es die meisten Konzerte?,SELECT YEAR FROM concert GROUP BY YEAR ORDER BY count(*) DESC LIMIT 1,True,False,False,['concert'],cross-encoder
"Was ist das Jahr, das die meisten Konzerte hat?",SELECT YEAR FROM concert GROUP BY YEAR ORDER BY count(*) DESC LIMIT 1,True,False,False,['concert'],cross-encoder
Zeigen die Stadionnamen ohne Konzert.,SELECT name FROM stadium WHERE stadium_id NOT IN (SELECT stadium_id FROM concert),True,False,False,['concert'],cross-encoder
Wie heißen die Stadien ohne Konzerte?,SELECT name FROM stadium WHERE stadium_id NOT IN (SELECT stadium_id FROM concert),True,False,False,['concert'],cross-encoder
"Zeigen Sie Länder, aus denen eine Sängerin oder ein Sänger über 40 und eine Sängerin oder ein Sänger unter 30 stammen.",SELECT country FROM singer WHERE age  >  40 INTERSECT SELECT country FROM singer WHERE age  <  30,False,False,False,"['country', 'countries', 'singer', 'singer']",cross-encoder
"Zeige Namen für alle Stadien mit Ausnahme von Stadien, die im Jahr 2014 ein Konzert haben.",SELECT name FROM stadium EXCEPT SELECT T2.name FROM concert AS T1 JOIN stadium AS T2 ON T1.stadium_id  =  T2.stadium_id WHERE T1.year  =  2014,True,False,False,['concert'],cross-encoder
"Wie heißen alle Stadien, die 2014 kein Konzert hatten?",SELECT name FROM stadium EXCEPT SELECT T2.name FROM concert AS T1 JOIN stadium AS T2 ON T1.stadium_id  =  T2.stadium_id WHERE T1.year  =  2014,True,False,False,['concert'],cross-encoder
Zeigen Sie den Namen und das Thema aller Konzerte sowie die Anzahl der Sängerinnen und Sänger in jedem Konzert an.,"SELECT T2.concert_name ,  T2.theme ,  count(*) FROM singer_in_concert AS T1 JOIN concert AS T2 ON T1.concert_id  =  T2.concert_id GROUP BY T2.concert_id",True,False,False,"['concert', 'singer', 'concert']",cross-encoder
"Wie lauten die Namen, Themen und die Anzahl der Sängerinnen und Sänger für jedes Konzert?","select t2.concert_name ,  t2.theme ,  count(*) from singer_in_concert as t1 join concert as t2 on t1.concert_id  =  t2.concert_id group by t2.concert_id",True,False,False,"['singer', 'concert']",cross-encoder
Listen Sie die Namen von Sängerinnen und Sängern und die Anzahl der Konzerte für jede Sängerin und jeden Sänger auf.,"SELECT T2.name ,  count(*) FROM singer_in_concert AS T1 JOIN singer AS T2 ON T1.singer_id  =  T2.singer_id GROUP BY T2.singer_id",False,False,False,"['list', 'singer', 'concert', 'singer']",cross-encoder
Wie lauten die Namen der Sängerin/des Sängers und die Anzahl der Konzerte für jede Person?,"SELECT T2.name ,  count(*) FROM singer_in_concert AS T1 JOIN singer AS T2 ON T1.singer_id  =  T2.singer_id GROUP BY T2.singer_id",False,False,False,"['singer', 'concert', 'people', 'people']",cross-encoder
Listen Sie alle Sängernamen in Konzerten im Jahr 2014 auf.,SELECT T2.name FROM singer_in_concert AS T1 JOIN singer AS T2 ON T1.singer_id  =  T2.singer_id JOIN concert AS T3 ON T1.concert_id  =  T3.concert_id WHERE T3.year  =  2014,False,False,False,"['list', 'concert']",cross-encoder
"Wie lauten die Namen der Sängerinnen und Sänger, die 2014 in einem Konzert aufgetreten sind?",SELECT T2.name FROM singer_in_concert AS T1 JOIN singer AS T2 ON T1.singer_id  =  T2.singer_id JOIN concert AS T3 ON T1.concert_id  =  T3.concert_id WHERE T3.year  =  2014,True,False,False,"['singer', 'concert']",cross-encoder
"Wie lautet der Name und die Nation des Sängers, der ein Lied mit ""Hey"" im Namen hat?","SELECT name ,  country FROM singer WHERE song_name LIKE '%Hey%'",False,False,False,"['singer', 'song', 'Songs']",cross-encoder
"Wie lautet der Name und die Nation des/der Sänger/in, der/die ein Lied mit ""Hey"" im Namen hat?","SELECT name ,  country FROM singer WHERE song_name LIKE '%Hey%'",False,False,False,"['singer', 'song', 'Songs']",cross-encoder
"Finden Sie die Namen und die Standorte der Stadien, in denen einige Konzerte in den Jahren 2014 und 2015 stattfanden.","SELECT T2.name ,  T2.location FROM concert AS T1 JOIN stadium AS T2 ON T1.stadium_id  =  T2.stadium_id WHERE T1.Year  =  2014 INTERSECT SELECT T2.name ,  T2.location FROM concert AS T1 JOIN stadium AS T2 ON T1.stadium_id  =  T2.stadium_id WHERE T1.Year  =  2015",False,False,False,"['Locations', 'LOCATION', 'concert']",cross-encoder
"Wie lauten die Namen und Standorte der Stadien, in denen sowohl 2014 als auch 2015 Konzerte stattfanden?","SELECT T2.name ,  T2.location FROM concert AS T1 JOIN stadium AS T2 ON T1.stadium_id  =  T2.stadium_id WHERE T1.Year  =  2014 INTERSECT SELECT T2.name ,  T2.location FROM concert AS T1 JOIN stadium AS T2 ON T1.stadium_id  =  T2.stadium_id WHERE T1.Year  =  2015",False,False,False,"['Locations', 'LOCATION', 'concert']",cross-encoder
"Finden Sie die Anzahl der Konzerte, die in dem Stadion mit der höchsten Kapazität stattfanden.",select count(*) from concert where stadium_id = (select stadium_id from stadium order by capacity desc limit 1),True,False,False,"['concert', 'stadium']",cross-encoder
Wie viele Konzerte fanden in dem Stadion mit der größten Kapazität statt ?,select count(*) from concert where stadium_id = (select stadium_id from stadium order by capacity desc limit 1),True,False,False,"['concert', 'stadium']",cross-encoder
"Ermitteln Sie die Anzahl der Haustiere, deren Gewicht schwerer als 10 ist.",SELECT count(*) FROM pets WHERE weight  >  10,True,False,False,['Pets'],cross-encoder
Wie viele Haustiere haben ein größeres Gewicht als 10?,SELECT count(*) FROM pets WHERE weight  >  10,False,False,False,"['Pets', 'Sizes']",cross-encoder
Finden Sie das Höchstgewicht für jede Art von Haustier. Listen Sie das Höchstgewicht und den Haustiertyp auf.,"SELECT max(weight) ,  petType FROM pets GROUP BY petType",False,False,False,"['Has_Pet', 'list']",cross-encoder
Führen Sie das Höchstgewicht und den Typ für jede Art von Haustier auf.,"SELECT max(weight) ,  petType FROM pets GROUP BY petType",False,False,False,['Has_Pet'],cross-encoder
"Finden Sie die Anzahl der Haustiere von Studenten, die älter als 20 Jahre sind.",SELECT count(*) FROM student AS T1 JOIN has_pet AS T2 ON T1.stuid  =  T2.stuid WHERE T1.age  >  20,False,False,False,"['Pets', 'Student', 'Students']",cross-encoder
"Wie viele Haustiere besitzen Studenten, die älter als 20 Jahre sind?",SELECT count(*) FROM student AS T1 JOIN has_pet AS T2 ON T1.stuid  =  T2.stuid WHERE T1.age  >  20,False,False,False,"['Pets', 'Student', 'Students']",cross-encoder
Ermitteln Sie die Anzahl der verschiedenen Arten von Haustieren.,SELECT count(DISTINCT pettype) FROM pets,False,False,False,['Has_Pet'],cross-encoder
Wie viele verschiedene Arten von Haustieren gibt es?,SELECT count(DISTINCT pettype) FROM pets,False,False,False,['Has_Pet'],cross-encoder
"Finden Sie den Vornamen der Studierenden, die eine Katze oder einen Hund als Haustier haben.",SELECT DISTINCT T1.Fname FROM student AS T1 JOIN has_pet AS T2 ON T1.stuid  =  T2.stuid JOIN pets AS T3 ON T3.petid  =  T2.petid WHERE T3.pettype  =  'cat' OR T3.pettype  =  'dog',True,False,False,['Has_Pet'],cross-encoder
"Wie lauten die Vornamen aller Studierenden, die eine Katze oder einen Hund als Haustier haben?",SELECT DISTINCT T1.Fname FROM student AS T1 JOIN has_pet AS T2 ON T1.stuid  =  T2.stuid JOIN pets AS T3 ON T3.petid  =  T2.petid WHERE T3.pettype  =  'cat' OR T3.pettype  =  'dog',True,False,False,['Has_Pet'],cross-encoder
"Finden Sie den Vornamen von Studierenden, die sowohl Katzen als auch Hunde als Haustiere haben.",select t1.fname from student as t1 join has_pet as t2 on t1.stuid  =  t2.stuid join pets as t3 on t3.petid  =  t2.petid where t3.pettype  =  'cat' intersect select t1.fname from student as t1 join has_pet as t2 on t1.stuid  =  t2.stuid join pets as t3 on t3.petid  =  t2.petid where t3.pettype  =  'dog',False,False,False,"['Dogs', 'Pets']",cross-encoder
"Wie lauten die Vornamen der Studierenden, die sowohl Katzen als auch Hunde als Haustiere haben?",SELECT T1.Fname FROM student AS T1 JOIN has_pet AS T2 ON T1.stuid  =  T2.stuid JOIN pets AS T3 ON T3.petid  =  T2.petid WHERE T3.pettype  =  'cat' INTERSECT SELECT T1.Fname FROM student AS T1 JOIN has_pet AS T2 ON T1.stuid  =  T2.stuid JOIN pets AS T3 ON T3.petid  =  T2.petid WHERE T3.pettype  =  'dog',False,False,False,"['Dogs', 'Pets']",cross-encoder
"Finden Sie die Hauptfächer und das Alter der Studierenden, die keine Katze als Haustier haben.","SELECT major ,  age FROM student WHERE stuid NOT IN (SELECT T1.stuid FROM student AS T1 JOIN has_pet AS T2 ON T1.stuid  =  T2.stuid JOIN pets AS T3 ON T3.petid  =  T2.petid WHERE T3.pettype  =  'cat')",True,False,False,['Has_Pet'],cross-encoder
"Welches Hauptfach hat jeder Studierende, die keine Katze als Haustier besitzt, und wie alt sind sie?","SELECT major ,  age FROM student WHERE stuid NOT IN (SELECT T1.stuid FROM student AS T1 JOIN has_pet AS T2 ON T1.stuid  =  T2.stuid JOIN pets AS T3 ON T3.petid  =  T2.petid WHERE T3.pettype  =  'cat')",True,False,False,['Has_Pet'],cross-encoder
"Finden Sie die ID von Studierenden, die keine Katze als Haustier haben.",SELECT stuid FROM student EXCEPT SELECT T1.stuid FROM student AS T1 JOIN has_pet AS T2 ON T1.stuid  =  T2.stuid JOIN pets AS T3 ON T3.petid  =  T2.petid WHERE T3.pettype  =  'cat',True,False,False,['Has_Pet'],cross-encoder
"Was sind die IDs der Studierenden, die keine Katzen als Haustiere besitzen?",SELECT stuid FROM student EXCEPT SELECT T1.stuid FROM student AS T1 JOIN has_pet AS T2 ON T1.stuid  =  T2.stuid JOIN pets AS T3 ON T3.petid  =  T2.petid WHERE T3.pettype  =  'cat',True,False,False,['Pets'],cross-encoder
"Finden Sie den Vornamen und das Alter von Studierenden, die einen Hund, aber keine Katze als Haustier haben.","SELECT T1.fname ,  T1.age FROM student AS T1 JOIN has_pet AS T2 ON T1.stuid  =  T2.stuid JOIN pets AS T3 ON T3.petid  =  T2.petid WHERE T3.pettype  =  'dog' AND T1.stuid NOT IN (SELECT T1.stuid FROM student AS T1 JOIN has_pet AS T2 ON T1.stuid  =  T2.stuid JOIN pets AS T3 ON T3.petid  =  T2.petid WHERE T3.pettype  =  'cat')",True,False,False,['Has_Pet'],cross-encoder
Finden Sie den Typ und das Gewicht des jüngsten Haustieres.,"SELECT pettype ,  weight FROM pets ORDER BY pet_age LIMIT 1",True,False,False,['Pets'],cross-encoder
"Welche Art von Haustier ist das jüngste Tier, und wie viel wiegt es?","SELECT pettype ,  weight FROM pets ORDER BY pet_age LIMIT 1",False,False,False,['Has_Pet'],cross-encoder
"Ermitteln Sie die ID und das Gewicht aller Haustiere, die älter als 1 Jahr sind.","SELECT petid ,  weight FROM pets WHERE pet_age  >  1",True,False,False,['Pets'],cross-encoder
"Was ist die ID und das Gewicht jedes Haustieres, das älter als 1 Jahr ist?","SELECT petid ,  weight FROM pets WHERE pet_age  >  1",True,False,False,['Pets'],cross-encoder
Finden Sie das Durchschnitts- und Höchstalter für jede Art von Haustier.,"SELECT avg(pet_age) ,  max(pet_age) ,  pettype FROM pets GROUP BY pettype",False,False,False,['Has_Pet'],cross-encoder
Was ist das Durchschnitts- und Höchstalter für jede Art von Haustier?,"SELECT avg(pet_age) ,  max(pet_age) ,  pettype FROM pets GROUP BY pettype",False,False,False,['Has_Pet'],cross-encoder
Ermitteln Sie das Durchschnittsgewicht für jede Haustierart.,"SELECT avg(weight) ,  pettype FROM pets GROUP BY pettype",False,False,False,['Has_Pet'],cross-encoder
Wie hoch ist das Durchschnittsgewicht für jede Art von Haustier?,"SELECT avg(weight) ,  pettype FROM pets GROUP BY pettype",False,False,False,['Has_Pet'],cross-encoder
"Finden Sie den Vornamen und das Alter von Studierenden, die ein Haustier haben.","SELECT DISTINCT T1.fname ,  T1.age FROM student AS T1 JOIN has_pet AS T2 ON T1.stuid  =  T2.stuid",True,False,False,['Has_Pet'],cross-encoder
"Wie lauten die verschiedenen Vornamen und das Alter der Studierenden, die Haustiere haben?","SELECT DISTINCT T1.fname ,  T1.age FROM student AS T1 JOIN has_pet AS T2 ON T1.stuid  =  T2.stuid",False,False,False,['Pets'],cross-encoder
"Finden Sie den Ausweis des Haustieres des Studierenden, dessen Nachname ""Smith"" lautet.",SELECT T2.petid FROM student AS T1 JOIN has_pet AS T2 ON T1.stuid  =  T2.stuid WHERE T1.Lname  =  'Smith',False,False,False,['Pets'],cross-encoder
"Was ist die ID des Haustiers, das der Student mit dem Nachnamen ""Smith"" besitzt?",SELECT T2.petid FROM student AS T1 JOIN has_pet AS T2 ON T1.stuid  =  T2.stuid WHERE T1.Lname  =  'Smith',False,False,False,"['Has_Pet', 'Student', 'Students']",cross-encoder
"Finden Sie die Anzahl der Haustiere für alle Studierenden, die ein Haustier und eine Student-ID haben.","SELECT count(*) ,  T1.stuid FROM student AS T1 JOIN has_pet AS T2 ON T1.stuid  =  T2.stuid GROUP BY T1.stuid",False,False,False,"['Pets', 'Has_Pet']",cross-encoder
"Für Studierende, die Haustiere haben , wie viele Haustiere hat jeder Studierende ? Geben Sie statt der Namen ihre IDs an.","select count(*) ,  t1.stuid from student as t1 join has_pet as t2 on t1.stuid  =  t2.stuid group by t1.stuid",False,False,False,"['Pets', 'Pets']",cross-encoder
"Finden Sie den Vornamen und das Geschlecht von Studierenden, die mehr als ein Haustier haben.","SELECT T1.fname ,  T1.sex FROM student AS T1 JOIN has_pet AS T2 ON T1.stuid  =  T2.stuid GROUP BY T1.stuid HAVING count(*)  >  1",True,False,False,['Has_Pet'],cross-encoder
"Wie lautet der Vorname und das Geschlecht aller Studierenden, die mehr als ein Haustier haben?","SELECT T1.fname ,  T1.sex FROM student AS T1 JOIN has_pet AS T2 ON T1.stuid  =  T2.stuid GROUP BY T1.stuid HAVING count(*)  >  1",True,False,False,['Has_Pet'],cross-encoder
"Ermitteln Sie das Durchschnittsalter von Studierenden, die kein Haustier haben.",select avg(age) from student where stuid not in (select stuid from has_pet),True,False,False,['Has_Pet'],cross-encoder
"Wie hoch ist das Durchschnittsalter für alle Studierenden, die keine Haustiere besitzen?",select avg(age) from student where stuid not in (select stuid from has_pet),False,False,False,['Pets'],cross-encoder
Wie viele Kontinente gibt es?,SELECT count(*) FROM CONTINENTS;,True,False,False,['continents'],cross-encoder
Wie viele Kontinente gibt es?,SELECT count(*) FROM CONTINENTS;,True,False,False,['continents'],cross-encoder
"Wie viele Länder gibt es auf jedem Kontinent? Geben Sie die Kontinent-ID, den Namen des Kontinents und die Anzahl der Länder an.","SELECT T1.ContId ,  T1.Continent ,  count(*) FROM CONTINENTS AS T1 JOIN COUNTRIES AS T2 ON T1.ContId  =  T2.Continent GROUP BY T1.ContId;",False,False,False,"['country', 'countries', 'continents', 'continents', 'country', 'countries']",cross-encoder
"Geben Sie für jeden Kontinent seine ID, seinen Namen und die Anzahl seiner Länder an.","SELECT T1.ContId ,  T1.Continent ,  count(*) FROM CONTINENTS AS T1 JOIN COUNTRIES AS T2 ON T1.ContId  =  T2.Continent GROUP BY T1.ContId;",False,False,False,"['continents', 'country', 'countries']",cross-encoder
Wie viele Länder sind aufgelistet?,SELECT count(*) FROM COUNTRIES;,False,False,False,"['country', 'countries']",cross-encoder
Wie viele Länder gibt es?,SELECT count(*) FROM COUNTRIES;,False,False,False,"['country', 'countries']",cross-encoder
"Wie viele Modelle stellt jeder Autohersteller her? Geben Sie den vollständigen Namen, die ID und die Nummer des Herstellers an.","SELECT T1.FullName ,  T1.Id ,  count(*) FROM CAR_MAKERS AS T1 JOIN MODEL_LIST AS T2 ON T1.Id  =  T2.Maker GROUP BY T1.Id;",False,False,False,"['car_makers', 'manufacturer']",cross-encoder
Wie lautet der vollständige Name jedes Autoherstellers mit seiner ID und wie viele Modelle produziert er?,"SELECT T1.FullName ,  T1.Id ,  count(*) FROM CAR_MAKERS AS T1 JOIN MODEL_LIST AS T2 ON T1.Id  =  T2.Maker GROUP BY T1.Id;",True,False,False,['car_makers'],cross-encoder
"Finden Sie die Namen der Autohersteller, die im Jahr 1970 einige Autos hergestellt haben?",SELECT DISTINCT T1.Maker FROM CAR_MAKERS AS T1 JOIN MODEL_LIST AS T2 ON T1.Id  =  T2.Maker JOIN CAR_NAMES AS T3 ON T2.model  =  T3.model JOIN CARS_DATA AS T4 ON T3.MakeId  =  T4.id WHERE T4.year  =  '1970';,False,False,False,"['car_makers', 'made_by']",cross-encoder
"Wie lauten die Namen der verschiedenen Autohersteller, die im Jahr 1970 ein Auto produziert haben?",SELECT DISTINCT T1.Maker FROM CAR_MAKERS AS T1 JOIN MODEL_LIST AS T2 ON T1.Id  =  T2.Maker JOIN CAR_NAMES AS T3 ON T2.model  =  T3.model JOIN CARS_DATA AS T4 ON T3.MakeId  =  T4.id WHERE T4.year  =  '1970';,True,False,False,['car_makers'],cross-encoder
"Welches ist der Autohersteller, das im frühesten Jahr produziert wurde, und welches Jahr war es?","SELECT T2.Make ,  T1.Year FROM CARS_DATA AS T1 JOIN CAR_NAMES AS T2 ON T1.Id  =  T2.MakeId WHERE T1.Year  =  (SELECT min(YEAR) FROM CARS_DATA);",False,False,False,['car_makers'],cross-encoder
Wie viele Autohersteller gibt es auf jedem Kontinent? Geben Sie den Namen des Kontinents und die Anzahl an.,"SELECT T1.Continent ,  count(*) FROM CONTINENTS AS T1 JOIN COUNTRIES AS T2 ON T1.ContId  =  T2.continent JOIN car_makers AS T3 ON T2.CountryId  =  T3.Country GROUP BY T1.Continent;",True,False,False,"['car_makers', 'continents', 'continents']",cross-encoder
Wie lauten die Namen der einzelnen Kontinente und wie viele Autohersteller gibt es auf jedem Kontinent?,"SELECT T1.Continent ,  count(*) FROM CONTINENTS AS T1 JOIN COUNTRIES AS T2 ON T1.ContId  =  T2.continent JOIN car_makers AS T3 ON T2.CountryId  =  T3.Country GROUP BY T1.Continent;",True,False,False,"['continents', 'car_makers', 'continents']",cross-encoder
In welchem der Länder gibt es die meisten Autohersteller? Führen Sie den Namen des Landes auf.,SELECT T2.CountryName FROM CAR_MAKERS AS T1 JOIN COUNTRIES AS T2 ON T1.Country  =  T2.CountryId GROUP BY T1.Country ORDER BY Count(*) DESC LIMIT 1;,True,False,False,"['country', 'countries', 'car_makers', 'country', 'countries']",cross-encoder
Wie lautet der Name des Landes mit den meisten Autoherstellern?,SELECT T2.CountryName FROM CAR_MAKERS AS T1 JOIN COUNTRIES AS T2 ON T1.Country  =  T2.CountryId GROUP BY T1.Country ORDER BY Count(*) DESC LIMIT 1;,True,False,False,"['country', 'countries', 'car_makers']",cross-encoder
Wie viele Automodelle werden von jedem Hersteller produziert? Geben Sie nur die Anzahl und den vollständigen Namen des Herstellers an.,"select count(*) ,  t2.fullname from model_list as t1 join car_makers as t2 on t1.maker  =  t2.id group by t2.id;",False,False,False,"['manufacturer', 'manufacturer']",cross-encoder
"Wie viele Automodelle werden von jedem Hersteller produziert, und wie lauten die ID und der vollständige Name jedes Herstellers?","SELECT Count(*) ,  T2.FullName ,  T2.id FROM MODEL_LIST AS T1 JOIN CAR_MAKERS AS T2 ON T1.Maker  =  T2.Id GROUP BY T2.id;",False,False,False,"['manufacturer', 'manufacturer']",cross-encoder
Wie viele Autohersteller gibt es in Frankreich?,SELECT count(*) FROM CAR_MAKERS AS T1 JOIN COUNTRIES AS T2 ON T1.Country  =  T2.CountryId WHERE T2.CountryName  =  'france';,True,False,False,['car_makers'],cross-encoder
Wie hoch ist die Zahl der Autohersteller in Frankreich?,SELECT count(*) FROM CAR_MAKERS AS T1 JOIN COUNTRIES AS T2 ON T1.Country  =  T2.CountryId WHERE T2.CountryName  =  'france';,True,False,False,['car_makers'],cross-encoder
Wie viele Automodelle werden in den USA hergestellt?,SELECT count(*) FROM MODEL_LIST AS T1 JOIN CAR_MAKERS AS T2 ON T1.Maker  =  T2.Id JOIN COUNTRIES AS T3 ON T2.Country  =  T3.CountryId WHERE T3.CountryName  =  'usa';,False,False,False,['made_by'],cross-encoder
Wie viele Automodelle werden in den Vereinigten Staaten hergestellt?,SELECT count(*) FROM MODEL_LIST AS T1 JOIN CAR_MAKERS AS T2 ON T1.Maker  =  T2.Id JOIN COUNTRIES AS T3 ON T2.Country  =  T3.CountryId WHERE T3.CountryName  =  'usa';,False,False,False,['made_by'],cross-encoder
Welches sind alle Hersteller und Modelle?,"SELECT Maker ,  Model FROM MODEL_LIST;",False,False,False,['manufacturer'],cross-encoder
Welches sind die Hersteller und Modelle?,"SELECT Maker ,  Model FROM MODEL_LIST;",False,False,False,['manufacturer'],cross-encoder
In welchen Ländern gibt es mindestens einen Autohersteller? Name und ID der Liste.,"SELECT T1.CountryName ,  T1.CountryId FROM COUNTRIES AS T1 JOIN CAR_MAKERS AS T2 ON T1.CountryId  =  T2.Country GROUP BY T1.CountryId HAVING count(*)  >=  1;",False,False,False,"['country', 'countries', 'car_makers', 'list']",cross-encoder
"Wie lauten die Namen und IDs aller Länder, in denen es mindestens einen Autohersteller gibt?","SELECT T1.CountryName ,  T1.CountryId FROM COUNTRIES AS T1 JOIN CAR_MAKERS AS T2 ON T1.CountryId  =  T2.Country GROUP BY T1.CountryId HAVING count(*)  >=  1;",True,False,False,"['country', 'countries', 'car_makers']",cross-encoder
Welche Länder in Europa haben mindestens 3 Autohersteller?,SELECT T1.CountryName FROM COUNTRIES AS T1 JOIN CONTINENTS AS T2 ON T1.Continent  =  T2.ContId JOIN CAR_MAKERS AS T3 ON T1.CountryId  =  T3.Country WHERE T2.Continent  =  'europe' GROUP BY T1.CountryName HAVING count(*)  >=  3;,True,False,False,"['country', 'countries', 'car_makers']",cross-encoder
Wie lauten die Namen aller europäischen Länder mit mindestens 3 Herstellern?,SELECT T1.CountryName FROM COUNTRIES AS T1 JOIN CONTINENTS AS T2 ON T1.Continent  =  T2.ContId JOIN CAR_MAKERS AS T3 ON T1.CountryId  =  T3.Country WHERE T2.Continent  =  'europe' GROUP BY T1.CountryName HAVING count(*)  >=  3;,True,False,False,"['country', 'countries']",cross-encoder
Wie viele Autos wurden 1980 hergestellt?,SELECT count(*) FROM CARS_DATA WHERE YEAR  =  1980;,False,False,False,['made_by'],cross-encoder
Wie viele Automodelle wurden vom Hersteller mit dem vollen Namen American Motor Company hergestellt?,SELECT count(*) FROM CAR_MAKERS AS T1 JOIN MODEL_LIST AS T2 ON T1.Id  =  T2.Maker WHERE T1.FullName  =  'American Motor Company';,False,False,False,"['manufacturer', 'made_by']",cross-encoder
Wie viele Automodelle hat der Autohersteller American Motor Company hergestellt?,SELECT count(*) FROM CAR_MAKERS AS T1 JOIN MODEL_LIST AS T2 ON T1.Id  =  T2.Maker WHERE T1.FullName  =  'American Motor Company';,False,False,False,"['car_makers', 'made_by']",cross-encoder
Welche Hersteller haben mehr als 3 Automodelle entworfen? Geben Sie den vollständigen Namen und die ID an.,"SELECT T1.FullName ,  T1.Id FROM CAR_MAKERS AS T1 JOIN MODEL_LIST AS T2 ON T1.Id  =  T2.Maker GROUP BY T1.Id HAVING count(*)  >  3;",False,False,False,['manufacturer'],cross-encoder
Wie lauten die Namen und IDs aller Hersteller mit mehr als 3 Modellen?,"SELECT T1.FullName ,  T1.Id FROM CAR_MAKERS AS T1 JOIN MODEL_LIST AS T2 ON T1.Id  =  T2.Maker GROUP BY T1.Id HAVING count(*)  >  3;",False,False,False,['manufacturer'],cross-encoder
Welche markanten Modelle werden von Herstellern mit dem vollen Namen General Motors oder mit einem Gewicht von mehr als 3500 hergestellt?,SELECT DISTINCT T2.Model FROM CAR_NAMES AS T1 JOIN MODEL_LIST AS T2 ON T1.Model  =  T2.Model JOIN CAR_MAKERS AS T3 ON T2.Maker  =  T3.Id JOIN CARS_DATA AS T4 ON T1.MakeId  =  T4.Id WHERE T3.FullName  =  'General Motors' OR T4.weight  >  3500;,False,False,False,['made_by'],cross-encoder
"Was sind die verschiedenen Modelle, die entweder vom Autohersteller General Motors hergestellt werden oder mehr als 3500 wiegen?",SELECT DISTINCT T2.Model FROM CAR_NAMES AS T1 JOIN MODEL_LIST AS T2 ON T1.Model  =  T2.Model JOIN CAR_MAKERS AS T3 ON T2.Maker  =  T3.Id JOIN CARS_DATA AS T4 ON T1.MakeId  =  T4.Id WHERE T3.FullName  =  'General Motors' OR T4.weight  >  3500;,False,False,False,"['car_makers', 'made_by']",cross-encoder
In welchen verschiedenen Jahren wurden Autos mit einem Gewicht von weniger als 4000 und Autos mit einem Gewicht von mehr als 3000 hergestellt?,select distinct year from cars_data where weight between 3000 and 4000;,False,False,False,['made_by'],cross-encoder
In wie vielen Ländern gibt es mehr als 2 Autohersteller?,select count(*) from countries as t1 join car_makers as t2 on t1.countryid  =  t2.country group by t1.countryid having count(*)  >  2,True,False,False,"['country', 'countries', 'car_makers']",cross-encoder
Wie hoch ist die Zahl der Länder mit mehr als 2 Autoherstellern ?,select count(*) from countries as t1 join car_makers as t2 on t1.countryid  =  t2.country group by t1.countryid having count(*)  >  2,True,False,False,"['country', 'countries', 'car_makers']",cross-encoder
Welches ist das maximale mpg der Autos mit 8 Zylindern oder die vor 1980 hergestellt wurden ?,select max(mpg) from cars_data where cylinders  =  8 or year  <  1980,False,False,False,['made_by'],cross-encoder
"Wie lauten die Namen der Länder, in denen es keinen einzigen Autohersteller gibt?",SELECT CountryName FROM countries EXCEPT SELECT T1.CountryName FROM countries AS T1 JOIN CAR_MAKERS AS T2 ON T1.countryId  =  T2.Country;,True,False,False,"['country', 'countries', 'car_makers']",cross-encoder
"Wie lauten die Namen der Länder, in denen es keine Autohersteller gibt?",SELECT CountryName FROM countries EXCEPT SELECT T1.CountryName FROM countries AS T1 JOIN CAR_MAKERS AS T2 ON T1.countryId  =  T2.Country;,True,False,False,"['country', 'countries', 'car_makers']",cross-encoder
"Welches sind die Autohersteller, die mindestens 2 Modelle und mehr als 3 Autohersteller produzieren? Führen Sie die ID und den Hersteller auf.","select t1.id ,  t1.maker from car_makers as t1 join model_list as t2 on t1.id  =  t2.maker group by t1.id having count(*)  >=  2 intersect select t1.id ,  t1.maker from car_makers as t1 join model_list as t2 on t1.id  =  t2.maker join car_names as t3 on t2.model  =  t3.model group by t1.id having count(*)  >  3;",False,False,False,"['car_makers', 'car_makers', 'manufacturer']",cross-encoder
"Welches sind die IDs und Hersteller aller Autohersteller, die mindestens 2 Modelle und mehr als 3 Autos herstellen?","SELECT T1.Id ,  T1.Maker FROM CAR_MAKERS AS T1 JOIN MODEL_LIST AS T2 ON T1.Id  =  T2.Maker GROUP BY T1.Id HAVING count(*)  >=  2 INTERSECT SELECT T1.Id ,  T1.Maker FROM CAR_MAKERS AS T1 JOIN MODEL_LIST AS T2 ON T1.Id  =  T2.Maker JOIN CAR_NAMES AS T3 ON T2.model  =  T3.model GROUP BY T1.Id HAVING count(*)  >  3;",False,False,False,"['manufacturer', 'car_makers', 'made_by']",cross-encoder
"Was sind die IDs und die Namen der Länder, die mehr als 3 Autohersteller haben oder das ""Fiat""-Modell produzieren?","SELECT T1.countryId ,  T1.CountryName FROM Countries AS T1 JOIN CAR_MAKERS AS T2 ON T1.CountryId  =  T2.Country GROUP BY T1.countryId HAVING count(*)  >  3 UNION SELECT T1.countryId ,  T1.CountryName FROM Countries AS T1 JOIN CAR_MAKERS AS T2 ON T1.CountryId  =  T2.Country JOIN MODEL_LIST AS T3 ON T2.Id  =  T3.Maker WHERE T3.Model  =  'fiat';",True,False,False,"['country', 'countries', 'car_makers']",cross-encoder
"Wie lauten die IDs und Namen aller Länder, die entweder mehr als 3 Autohersteller haben oder Fiat-Modelle herstellen?","select t1.countryid ,  t1.countryname from countries as t1 join car_makers as t2 on t1.countryid  =  t2.country group by t1.countryid having count(*)  >  3 union select t1.countryid ,  t1.countryname from countries as t1 join car_makers as t2 on t1.countryid  =  t2.country join model_list as t3 on t2.id  =  t3.maker where t3.model  =  'fiat';",False,False,False,"['country', 'countries', 'car_makers', 'made_by']",cross-encoder
"Zu welchem Land gehört die Fluggesellschaft ""JetBlue Airways""?","SELECT Country FROM AIRLINES WHERE Airline  =  ""JetBlue Airways""",False,False,False,"['country', 'countries', 'airlines']",cross-encoder
"Zu welchem Land gehört die Fluggesellschaft ""JetBlue Airways""?","SELECT Country FROM AIRLINES WHERE Airline  =  ""JetBlue Airways""",False,False,False,"['country', 'countries', 'airlines']",cross-encoder
"Wie lautet die Abkürzung der Fluggesellschaft ""JetBlue Airways""?","SELECT Abbreviation FROM AIRLINES WHERE Airline  =  ""JetBlue Airways""",True,False,False,['airlines'],cross-encoder
"Führen Sie alle Namen von Fluggesellschaften und ihre Abkürzungen in ""USA"" auf.","SELECT Airline ,  Abbreviation FROM AIRLINES WHERE Country  =  ""USA""",True,False,False,['airlines'],cross-encoder
Wie lauten die Namen und Abkürzungen der Fluggesellschaften in den USA?,"SELECT Airline ,  Abbreviation FROM AIRLINES WHERE Country  =  ""USA""",True,False,False,['airlines'],cross-encoder
Führen Sie den Flughafencode und -namen in der Stadt Anthony auf.,"SELECT AirportCode ,  AirportName FROM AIRPORTS WHERE city  =  ""Anthony""",True,False,False,['city'],cross-encoder
"Geben Sie den Flughafencode und den Namen des Flughafens an, der der Stadt Anthony entspricht.","SELECT AirportCode ,  AirportName FROM AIRPORTS WHERE city  =  ""Anthony""",True,False,False,"['airport', 'airports', 'city']",cross-encoder
Wie viele Fluggesellschaften haben wir?,SELECT count(*) FROM AIRLINES,True,False,False,['airlines'],cross-encoder
Wie hoch ist die Gesamtzahl der Fluggesellschaften?,SELECT count(*) FROM AIRLINES,True,False,False,['airlines'],cross-encoder
Wie viele Flughäfen haben wir?,SELECT count(*) FROM AIRPORTS,True,False,False,"['airport', 'airports']",cross-encoder
Geben Sie die Anzahl der Flughäfen zurück.,SELECT count(*) FROM AIRPORTS,True,False,False,"['airport', 'airports']",cross-encoder
Wie viele Flüge haben wir?,SELECT count(*) FROM FLIGHTS,True,False,False,"['flight', 'flights']",cross-encoder
Geben Sie die Anzahl der Flüge zurück.,SELECT count(*) FROM FLIGHTS,True,False,False,"['flight', 'flights']",cross-encoder
Welche Fluggesellschaft hat die Abkürzung 'UAL'?,"SELECT Airline FROM AIRLINES WHERE Abbreviation  =  ""UAL""",True,False,False,['airlines'],cross-encoder
Geben Sie die Fluggesellschaft mit der Abkürzung 'UAL' an.,"SELECT Airline FROM AIRLINES WHERE Abbreviation  =  ""UAL""",True,False,False,['airlines'],cross-encoder
Wie viele Fluggesellschaften kommen aus den USA?,"SELECT count(*) FROM AIRLINES WHERE Country  =  ""USA""",True,False,False,['airlines'],cross-encoder
Geben Sie die Anzahl der Fluggesellschaften in den USA zurück.,"SELECT count(*) FROM AIRLINES WHERE Country  =  ""USA""",True,False,False,['airlines'],cross-encoder
In welcher Stadt und in welchem Land befindet sich der Flughafen Alton?,"SELECT City ,  Country FROM AIRPORTS WHERE AirportName  =  ""Alton""",False,False,False,"['city', 'country', 'countries', 'airport', 'airports']",cross-encoder
Geben Sie die Stadt und das Land für den Flughafen Alton an.,"SELECT City ,  Country FROM AIRPORTS WHERE AirportName  =  ""Alton""",False,False,False,"['city', 'country', 'countries', 'airport', 'airports']",cross-encoder
Wie lautet der Flughafenname für den Flughafen 'AKO'?,"SELECT AirportName FROM AIRPORTS WHERE AirportCode  =  ""AKO""",True,False,False,"['airport', 'airports']",cross-encoder
Geben Sie den Namen des Flughafens mit dem Code 'AKO' zurück.,"SELECT AirportName FROM AIRPORTS WHERE AirportCode  =  ""AKO""",True,False,False,"['airport', 'airports']",cross-encoder
Wie lauten die Flughafennamen bei der Stadt 'Aberdeen'?,"SELECT AirportName FROM AIRPORTS WHERE City = ""Aberdeen""",True,False,False,['city'],cross-encoder
Wie lauten die Namen der Flughäfen in Aberdeen?,"SELECT AirportName FROM AIRPORTS WHERE City = ""Aberdeen""",True,False,False,"['airport', 'airports']",cross-encoder
Wie viele Flüge starten von 'APG'?,"SELECT count(*) FROM FLIGHTS WHERE SourceAirport  =  ""APG""",True,False,False,"['flight', 'flights']",cross-encoder
"Zählen Sie die Anzahl der Flüge, die von 'APG' abfliegen.","SELECT count(*) FROM FLIGHTS WHERE SourceAirport  =  ""APG""",True,False,False,"['flight', 'flights']",cross-encoder
Wie viele Flüge haben Zielflughafen ATO?,"SELECT count(*) FROM FLIGHTS WHERE DestAirport  =  ""ATO""",True,False,False,"['flight', 'flights']",cross-encoder
Zählen Sie die Anzahl der Flüge nach 'ATO'.,"SELECT count(*) FROM FLIGHTS WHERE DestAirport  =  ""ATO""",True,False,False,"['flight', 'flights']",cross-encoder
Wieviele Flüge starten von der Stadt Aberdeen?,"SELECT count(*) FROM FLIGHTS AS T1 JOIN AIRPORTS AS T2 ON T1.SourceAirport  =  T2.AirportCode WHERE T2.City  =  ""Aberdeen""",True,False,False,"['flight', 'flights', 'city']",cross-encoder
"Geben Sie die Anzahl der Flüge zurück, die von Aberdeen abgeflogen sind.","SELECT count(*) FROM FLIGHTS AS T1 JOIN AIRPORTS AS T2 ON T1.SourceAirport  =  T2.AirportCode WHERE T2.City  =  ""Aberdeen""",True,False,False,"['flight', 'flights']",cross-encoder
Wie viele Flüge kommen in der Stadt Aberdeen an?,"SELECT count(*) FROM FLIGHTS AS T1 JOIN AIRPORTS AS T2 ON T1.DestAirport  =  T2.AirportCode WHERE T2.City  =  ""Aberdeen""",True,False,False,"['flight', 'flights', 'city']",cross-encoder
"Geben Sie die Anzahl der Flüge zurück, die in Aberdeen ankommen.","SELECT count(*) FROM FLIGHTS AS T1 JOIN AIRPORTS AS T2 ON T1.DestAirport  =  T2.AirportCode WHERE T2.City  =  ""Aberdeen""",True,False,False,"['flight', 'flights']",cross-encoder
Wie viele Flüge gehen von der Stadt 'Aberdeen' ab und haben das Ziel Stadt 'Ashley'?,"SELECT count(*) FROM FLIGHTS AS T1 JOIN AIRPORTS AS T2 ON T1.DestAirport  =  T2.AirportCode JOIN AIRPORTS AS T3 ON T1.SourceAirport  =  T3.AirportCode WHERE T2.City  =  ""Ashley"" AND T3.City  =  ""Aberdeen""",True,False,False,"['flight', 'flights', 'city', 'city']",cross-encoder
Wie viele Flüge fliegen von Aberdeen nach Ashley?,"SELECT count(*) FROM FLIGHTS AS T1 JOIN AIRPORTS AS T2 ON T1.DestAirport  =  T2.AirportCode JOIN AIRPORTS AS T3 ON T1.SourceAirport  =  T3.AirportCode WHERE T2.City  =  ""Ashley"" AND T3.City  =  ""Aberdeen""",True,False,False,"['flight', 'flights']",cross-encoder
Wie viele Flüge hat die Fluggesellschaft 'JetBlue Airways'?,"SELECT count(*) FROM FLIGHTS AS T1 JOIN AIRLINES AS T2 ON T1.Airline  =  T2.uid WHERE T2.Airline = ""JetBlue Airways""",True,False,False,"['flight', 'flights', 'airlines']",cross-encoder
Geben Sie die Anzahl der Flüge der Fluggesellschaft 'JetBlue Airways' an.,"SELECT count(*) FROM FLIGHTS AS T1 JOIN AIRLINES AS T2 ON T1.Airline  =  T2.uid WHERE T2.Airline = ""JetBlue Airways""",True,False,False,"['flight', 'flights', 'airlines']",cross-encoder
Wie viele Flüge der Fluggesellschaft 'United Airlines' gehen zum Flughafen 'ASY'?,"SELECT count(*) FROM AIRLINES AS T1 JOIN FLIGHTS AS T2 ON T2.Airline  =  T1.uid WHERE T1.Airline  =  ""United Airlines"" AND T2.DestAirport  =  ""ASY""",False,False,False,"['flight', 'flights', 'airlines', 'airlines', 'airport', 'airports']",cross-encoder
"Zählen Sie die Anzahl der Flüge von United Airlines, die am Flughafen 'ASY' ankommen.","SELECT count(*) FROM AIRLINES AS T1 JOIN FLIGHTS AS T2 ON T2.Airline  =  T1.uid WHERE T1.Airline  =  ""United Airlines"" AND T2.DestAirport  =  ""ASY""",False,False,False,"['flight', 'flights', 'airlines', 'airport', 'airports']",cross-encoder
Wie viele 'United Airlines'-Flüge gehen vom Flughafen 'AHD' ab?,"SELECT count(*) FROM AIRLINES AS T1 JOIN FLIGHTS AS T2 ON T2.Airline  =  T1.uid WHERE T1.Airline  =  ""United Airlines"" AND T2.SourceAirport  =  ""AHD""",False,False,False,"['airport', 'airports']",cross-encoder
"Geben Sie die Anzahl der United Airlines-Flüge zurück, die vom Flughafen 'AHD' abfliegen.","SELECT count(*) FROM AIRLINES AS T1 JOIN FLIGHTS AS T2 ON T2.Airline  =  T1.uid WHERE T1.Airline  =  ""United Airlines"" AND T2.SourceAirport  =  ""AHD""",False,False,False,"['airport', 'airports']",cross-encoder
Wie viele United Airlines-Flüge gehen in die Stadt 'Aberdeen'?,"SELECT count(*) FROM FLIGHTS AS T1 JOIN AIRPORTS AS T2 ON T1.DestAirport  =  T2.AirportCode JOIN AIRLINES AS T3 ON T3.uid  =  T1.Airline WHERE T2.City  =  ""Aberdeen"" AND T3.Airline  =  ""United Airlines""",True,False,False,['city'],cross-encoder
Welche Stadt hat die meisten ankommenden Flüge?,SELECT T1.City FROM AIRPORTS AS T1 JOIN FLIGHTS AS T2 ON T1.AirportCode  =  T2.DestAirport GROUP BY T1.City ORDER BY count(*) DESC LIMIT 1,True,False,False,"['city', 'flight', 'flights']",cross-encoder
Welche Stadt hat den häufigsten Zielflughafen?,SELECT T1.City FROM AIRPORTS AS T1 JOIN FLIGHTS AS T2 ON T1.AirportCode  =  T2.DestAirport GROUP BY T1.City ORDER BY count(*) DESC LIMIT 1,True,False,False,['city'],cross-encoder
Welche Stadt hat die meisten abfliegenden Flüge?,SELECT T1.City FROM AIRPORTS AS T1 JOIN FLIGHTS AS T2 ON T1.AirportCode  =  T2.SourceAirport GROUP BY T1.City ORDER BY count(*) DESC LIMIT 1,True,False,False,"['city', 'flight', 'flights']",cross-encoder
Welche Stadt ist der häufigste Ausgangsflughafen?,SELECT T1.City FROM AIRPORTS AS T1 JOIN FLIGHTS AS T2 ON T1.AirportCode  =  T2.SourceAirport GROUP BY T1.City ORDER BY count(*) DESC LIMIT 1,True,False,False,['city'],cross-encoder
Wie lautet der Code des Flughafens mit der höchsten Anzahl von Flügen?,SELECT T1.AirportCode FROM AIRPORTS AS T1 JOIN FLIGHTS AS T2 ON T1.AirportCode  =  T2.DestAirport OR T1.AirportCode  =  T2.SourceAirport GROUP BY T1.AirportCode ORDER BY count(*) DESC LIMIT 1,True,False,False,"['airport', 'airports', 'flight', 'flights']",cross-encoder
Wie lautet der Code des Flughafens mit den meisten Flügen?,SELECT T1.AirportCode FROM AIRPORTS AS T1 JOIN FLIGHTS AS T2 ON T1.AirportCode  =  T2.DestAirport OR T1.AirportCode  =  T2.SourceAirport GROUP BY T1.AirportCode ORDER BY count(*) DESC LIMIT 1,True,False,False,"['airport', 'airports', 'flight', 'flights']",cross-encoder
Wie lautet der Code des Flughafens mit der geringsten Anzahl von Flügen?,SELECT T1.AirportCode FROM AIRPORTS AS T1 JOIN FLIGHTS AS T2 ON T1.AirportCode  =  T2.DestAirport OR T1.AirportCode  =  T2.SourceAirport GROUP BY T1.AirportCode ORDER BY count(*) LIMIT 1,True,False,False,"['airport', 'airports', 'flight', 'flights']",cross-encoder
Geben Sie den Code des Flughafens mit den wenigsten Flügen an.,SELECT T1.AirportCode FROM AIRPORTS AS T1 JOIN FLIGHTS AS T2 ON T1.AirportCode  =  T2.DestAirport OR T1.AirportCode  =  T2.SourceAirport GROUP BY T1.AirportCode ORDER BY count(*) LIMIT 1,True,False,False,"['airport', 'airports', 'flight', 'flights']",cross-encoder
Welche Fluggesellschaft hat die meisten Flüge?,SELECT T1.Airline FROM AIRLINES AS T1 JOIN FLIGHTS AS T2 ON T1.uid  =  T2.Airline GROUP BY T1.Airline ORDER BY count(*) DESC LIMIT 1,True,False,False,"['airlines', 'flight', 'flights']",cross-encoder
Welche Fluggesellschaft bedient die meisten Flüge?,SELECT T1.Airline FROM AIRLINES AS T1 JOIN FLIGHTS AS T2 ON T1.uid  =  T2.Airline GROUP BY T1.Airline ORDER BY count(*) DESC LIMIT 1,True,False,False,"['airlines', 'flight', 'flights']",cross-encoder
Finden Sie die Abkürzung und das Land der Fluggesellschaft mit der geringsten Anzahl von Flügen?,"SELECT T1.Abbreviation ,  T1.Country FROM AIRLINES AS T1 JOIN FLIGHTS AS T2 ON T1.uid  =  T2.Airline GROUP BY T1.Airline ORDER BY count(*) LIMIT 1",False,False,False,"['country', 'countries', 'airlines', 'flight', 'flights']",cross-encoder
Welches ist die Abkürzung der Fluggesellschaft mit den wenigsten Flügen und in welchem Land befindet sie sich?,"SELECT T1.Abbreviation ,  T1.Country FROM AIRLINES AS T1 JOIN FLIGHTS AS T2 ON T1.uid  =  T2.Airline GROUP BY T1.Airline ORDER BY count(*) LIMIT 1",False,False,False,"['airlines', 'flight', 'flights', 'country', 'countries']",cross-encoder
"Welche Fluggesellschaften haben einige Flüge, die vom Flughafen 'AHD' abfliegen?","SELECT T1.Airline FROM AIRLINES AS T1 JOIN FLIGHTS AS T2 ON T1.uid  =  T2.Airline WHERE T2.SourceAirport  =  ""AHD""",False,False,False,"['airlines', 'flight', 'flights', 'airport', 'airports']",cross-encoder
Welche Fluggesellschaften haben einen Flug mit dem Quellflughafen 'AHD'?,"SELECT T1.Airline FROM AIRLINES AS T1 JOIN FLIGHTS AS T2 ON T1.uid  =  T2.Airline WHERE T2.SourceAirport  =  ""AHD""",True,False,False,"['airlines', 'flight', 'flights']",cross-encoder
"Welche Fluggesellschaften haben Flüge, die am Flughafen 'AHD' ankommen?","SELECT T1.Airline FROM AIRLINES AS T1 JOIN FLIGHTS AS T2 ON T1.uid  =  T2.Airline WHERE T2.DestAirport  =  ""AHD""",False,False,False,"['airlines', 'flight', 'flights', 'airport', 'airports']",cross-encoder
Welche Fluggesellschaften haben einen Flug mit Zielflughafen 'AHD'?,"SELECT T1.Airline FROM AIRLINES AS T1 JOIN FLIGHTS AS T2 ON T1.uid  =  T2.Airline WHERE T2.DestAirport  =  ""AHD""",True,False,False,"['airlines', 'flight', 'flights']",cross-encoder
"Finden Sie alle Fluggesellschaften, die Flüge von den beiden Flughäfen 'APG' und 'CVO' haben.","SELECT T1.Airline FROM AIRLINES AS T1 JOIN FLIGHTS AS T2 ON T1.uid  =  T2.Airline WHERE T2.SourceAirport  =  ""APG"" INTERSECT SELECT T1.Airline FROM AIRLINES AS T1 JOIN FLIGHTS AS T2 ON T1.uid  =  T2.Airline WHERE T2.SourceAirport  =  ""CVO""",False,False,False,"['airlines', 'flight', 'flights', 'airport', 'airports']",cross-encoder
"Welche Fluggesellschaften haben Flüge, die sowohl vom Flughafen 'APG' als auch vom Flughafen 'CVO' abfliegen?","SELECT T1.Airline FROM AIRLINES AS T1 JOIN FLIGHTS AS T2 ON T1.uid  =  T2.Airline WHERE T2.SourceAirport  =  ""APG"" INTERSECT SELECT T1.Airline FROM AIRLINES AS T1 JOIN FLIGHTS AS T2 ON T1.uid  =  T2.Airline WHERE T2.SourceAirport  =  ""CVO""",False,False,False,"['airlines', 'flight', 'flights', 'airport', 'airports', 'airport', 'airports']",cross-encoder
"Finden Sie alle Fluggesellschaften, die vom Flughafen 'CVO', aber nicht von der 'APG' abfliegen.","SELECT T1.Airline FROM AIRLINES AS T1 JOIN FLIGHTS AS T2 ON T1.uid  =  T2.Airline WHERE T2.SourceAirport  =  ""CVO"" EXCEPT SELECT T1.Airline FROM AIRLINES AS T1 JOIN FLIGHTS AS T2 ON T1.uid  =  T2.Airline WHERE T2.SourceAirport  =  ""APG""",False,False,False,"['airlines', 'airport', 'airports']",cross-encoder
"Welche Fluggesellschaften haben Abflüge vom Flughafen 'CVO', aber nicht von den Flughäfen 'APG'?","SELECT T1.Airline FROM AIRLINES AS T1 JOIN FLIGHTS AS T2 ON T1.uid  =  T2.Airline WHERE T2.SourceAirport  =  ""CVO"" EXCEPT SELECT T1.Airline FROM AIRLINES AS T1 JOIN FLIGHTS AS T2 ON T1.uid  =  T2.Airline WHERE T2.SourceAirport  =  ""APG""",False,False,False,"['airlines', 'airport', 'airports', 'airport', 'airports']",cross-encoder
"Finden Sie alle Fluggesellschaften, die mindestens 10 Flüge haben.",SELECT T1.Airline FROM AIRLINES AS T1 JOIN FLIGHTS AS T2 ON T1.uid  =  T2.Airline GROUP BY T1.Airline HAVING count(*)  >  10,True,False,False,"['airlines', 'flight', 'flights']",cross-encoder
Welche Fluggesellschaften haben mindestens 10 Flüge?,SELECT T1.Airline FROM AIRLINES AS T1 JOIN FLIGHTS AS T2 ON T1.uid  =  T2.Airline GROUP BY T1.Airline HAVING count(*)  >  10,True,False,False,"['airlines', 'flight', 'flights']",cross-encoder
"Finden Sie alle Fluggesellschaften, die weniger als 200 Flüge haben.",SELECT T1.Airline FROM AIRLINES AS T1 JOIN FLIGHTS AS T2 ON T1.uid  =  T2.Airline GROUP BY T1.Airline HAVING count(*)  <  200,True,False,False,"['airlines', 'flight', 'flights']",cross-encoder
Welche Fluggesellschaften haben weniger als 200 Flüge?,SELECT T1.Airline FROM AIRLINES AS T1 JOIN FLIGHTS AS T2 ON T1.uid  =  T2.Airline GROUP BY T1.Airline HAVING count(*)  <  200,True,False,False,"['airlines', 'flight', 'flights']",cross-encoder
"Was sind die Flugnummern der Fluggesellschaft ""United Airlines""?","SELECT T1.FlightNo FROM FLIGHTS AS T1 JOIN AIRLINES AS T2 ON T2.uid  =  T1.Airline WHERE T2.Airline  =  ""United Airlines""",True,False,False,"['airlines', 'airlines']",cross-encoder
"Welche Flugnummern entsprechen den Flügen der Fluggesellschaft ""United Airlines""?","SELECT T1.FlightNo FROM FLIGHTS AS T1 JOIN AIRLINES AS T2 ON T2.uid  =  T1.Airline WHERE T2.Airline  =  ""United Airlines""",True,False,False,"['flight', 'flights', 'airlines', 'airlines']",cross-encoder
"Wie sind die Flugnummern der Flüge, die vom Flughafen ""APG"" abfliegen?","SELECT FlightNo FROM FLIGHTS WHERE SourceAirport  =  ""APG""",False,False,False,"['flight', 'flights', 'airport', 'airports']",cross-encoder
"Geben Sie die Flugnummern der Flüge an, die vom Flughafen ""APG"" abfliegen.","SELECT FlightNo FROM FLIGHTS WHERE SourceAirport  =  ""APG""",False,False,False,"['flight', 'flights', 'airport', 'airports']",cross-encoder
"Wie sind die Flugnummern der am Flughafen ""APG"" ankommenden Flüge?","SELECT FlightNo FROM FLIGHTS WHERE DestAirport  =  ""APG""",False,False,False,"['airport', 'airports', 'flight', 'flights']",cross-encoder
"Geben Sie die Flugnummern der Flüge an, die am Flughafen ""APG"" landen.","SELECT FlightNo FROM FLIGHTS WHERE DestAirport  =  ""APG""",False,False,False,"['flight', 'flights', 'airport', 'airports']",cross-encoder
"Wie sind die Flugnummern der Flüge, die von der Stadt ""Aberdeen "" abfliegen?","SELECT T1.FlightNo FROM FLIGHTS AS T1 JOIN AIRPORTS AS T2 ON T1.SourceAirport   =  T2.AirportCode WHERE T2.City  =  ""Aberdeen""",True,False,False,"['flight', 'flights', 'city']",cross-encoder
"Geben Sie die Flugnummern der Flüge an, die von Aberdeen abfliegen.","SELECT T1.FlightNo FROM FLIGHTS AS T1 JOIN AIRPORTS AS T2 ON T1.SourceAirport   =  T2.AirportCode WHERE T2.City  =  ""Aberdeen""",True,False,False,"['flight', 'flights']",cross-encoder
"Wie lauten die Flugnummern der Flüge, die in der Stadt ""Aberdeen"" ankommen?","SELECT T1.FlightNo FROM FLIGHTS AS T1 JOIN AIRPORTS AS T2 ON T1.DestAirport   =  T2.AirportCode WHERE T2.City  =  ""Aberdeen""",True,False,False,"['flight', 'flights', 'city']",cross-encoder
"Geben Sie die Flugnummern der Flüge an, die in Aberdeen ankommen.","SELECT T1.FlightNo FROM FLIGHTS AS T1 JOIN AIRPORTS AS T2 ON T1.DestAirport   =  T2.AirportCode WHERE T2.City  =  ""Aberdeen""",True,False,False,"['flight', 'flights']",cross-encoder
"Geben Sie die Anzahl der Flüge an, die in Aberdeen oder in Abilene landen.","SELECT count(*) FROM Flights AS T1 JOIN Airports AS T2 ON T1.DestAirport  =  T2.AirportCode WHERE T2.city  =  ""Aberdeen"" OR T2.city  =  ""Abilene""",True,False,False,"['flight', 'flights']",cross-encoder
Wie viele Flüge landen in Aberdeen oder Abilene?,"SELECT count(*) FROM Flights AS T1 JOIN Airports AS T2 ON T1.DestAirport  =  T2.AirportCode WHERE T2.city  =  ""Aberdeen"" OR T2.city  =  ""Abilene""",True,False,False,"['flight', 'flights']",cross-encoder
"Finden Sie die Namen der Flughäfen, die keine Hin- und Rückflüge haben.",SELECT AirportName FROM Airports WHERE AirportCode NOT IN (SELECT SourceAirport FROM Flights UNION SELECT DestAirport FROM Flights),True,False,False,"['airport', 'airports']",cross-encoder
Welche Flughäfen haben keine abfliegenden oder ankommenden Flüge?,SELECT AirportName FROM Airports WHERE AirportCode NOT IN (SELECT SourceAirport FROM Flights UNION SELECT DestAirport FROM Flights),True,False,False,"['airport', 'airports', 'flight', 'flights']",cross-encoder
Wie viele Mitarbeiter sind dort beschäftigt?,SELECT count(*) FROM employee,True,False,False,['employee'],cross-encoder
Zählen Sie die Anzahl der Mitarbeiter,SELECT count(*) FROM employee,True,False,False,['employee'],cross-encoder
Sortieren Sie die Namen der Mitarbeiter nach ihrem Alter in aufsteigender Reihenfolge.,SELECT name FROM employee ORDER BY age,True,False,False,['employee'],cross-encoder
Listen Sie die Namen der Mitarbeiter auf und sortieren Sie sie in aufsteigender Reihenfolge ihres Alters.,SELECT name FROM employee ORDER BY age,False,False,False,"['list', 'employee']",cross-encoder
Wie hoch ist die Anzahl der Mitarbeiter aus jeder Stadt?,"SELECT count(*) ,  city FROM employee GROUP BY city",True,False,False,"['employee', 'city']",cross-encoder
Zählen Sie die MitarbeiterInnen für jede Stadt.,"SELECT count(*) ,  city FROM employee GROUP BY city",True,False,False,['city'],cross-encoder
Aus welchen Städten kommen mehr als ein Mitarbeiter unter 30 Jahren?,SELECT city FROM employee WHERE age  <  30 GROUP BY city HAVING count(*)  >  1,True,False,False,"['city', 'employee']",cross-encoder
"Suchen Sie die Städte, in denen mehr als ein Mitarbeiter unter 30 Jahren beschäftigt ist.",SELECT city FROM employee WHERE age  <  30 GROUP BY city HAVING count(*)  >  1,True,False,False,"['city', 'employee']",cross-encoder
Ermitteln Sie die Anzahl der Geschäfte an jedem Standort.,"SELECT count(*) ,  LOCATION FROM shop GROUP BY LOCATION",False,False,False,"['Stores', 'Shops', 'Locations', 'LOCATION']",cross-encoder
Wie viele Geschäfte gibt es an jedem Standort?,"SELECT count(*) ,  LOCATION FROM shop GROUP BY LOCATION",False,False,False,"['Stores', 'Shops', 'Locations', 'LOCATION']",cross-encoder
"Finden Sie den Namen des Geschäftsleiters und den Bezirk des Geschäfts, in dem die Anzahl der Produkte am größten ist.","SELECT manager_name ,  district FROM shop ORDER BY number_products DESC LIMIT 1",False,False,False,"['district', 'Stores', 'Shops', 'Products', 'Product']",cross-encoder
"Wie lauten der Name des Geschäftsleiters und der Bezirk des Geschäfts, das die größte Anzahl von Produkten verkauft?","SELECT manager_name ,  district FROM shop ORDER BY number_products DESC LIMIT 1",False,False,False,"['district', 'Stores', 'Shops', 'Products', 'Product', 'Sales']",cross-encoder
Finden Sie die minimale und maximale Anzahl von Produkten aller Geschäfte.,"SELECT min(Number_products) ,  max(Number_products) FROM shop",False,False,False,"['Products', 'Product', 'Stores', 'Shops']",cross-encoder
Wie hoch ist die minimale und maximale Anzahl der Produkte aller Geschäfte?,"SELECT min(Number_products) ,  max(Number_products) FROM shop",False,False,False,"['Products', 'Product', 'Stores', 'Shops']",cross-encoder
"Geben Sie den Namen, den Standort und den Bezirk aller Geschäfte in absteigender Reihenfolge der Anzahl der Produkte an.","SELECT name ,  LOCATION ,  district FROM shop ORDER BY number_products DESC",False,False,False,"['Locations', 'LOCATION', 'district', 'Stores', 'Shops', 'Products', 'Product']",cross-encoder
"Sortieren Sie alle Geschäfte nach der Anzahl der Produkte in absteigender Reihenfolge, und geben Sie den Namen, den Standort und den Bezirk jedes Geschäfts zurück.","SELECT name ,  LOCATION ,  district FROM shop ORDER BY number_products DESC",False,False,False,"['Stores', 'Shops', 'Products', 'Product', 'Locations', 'LOCATION', 'district', 'Stores', 'Shops']",cross-encoder
"Finden Sie die Namen von Geschäften, deren Anzahl der Produkte die durchschnittliche Anzahl der Produkte übersteigt.",SELECT name FROM shop WHERE number_products  >  (SELECT avg(number_products) FROM shop),False,False,False,"['Stores', 'Shops', 'Products', 'Product', 'Products', 'Product']",cross-encoder
Bei welchen Geschäften liegt die Anzahl der Produkte über dem Durchschnitt? Geben Sie mir die Namen der Geschäfte.,SELECT name FROM shop WHERE number_products  >  (SELECT avg(number_products) FROM shop),False,False,False,"['Stores', 'Shops', 'Products', 'Product', 'Stores', 'Shops']",cross-encoder
"Finden Sie den Namen des Mitarbeiters, der bei der Bewertung am häufigsten ausgezeichnet wurde.",SELECT t1.name FROM employee AS t1 JOIN evaluation AS t2 ON t1.Employee_ID  =  t2.Employee_ID GROUP BY t2.Employee_ID ORDER BY count(*) DESC LIMIT 1,False,False,False,"['employee', 'Rating']",cross-encoder
Welcher Mitarbeiter hat bei der Bewertung die meisten Auszeichnungen erhalten? Geben Sie mir den Namen des Mitarbeiters.,SELECT t1.name FROM employee AS t1 JOIN evaluation AS t2 ON t1.Employee_ID  =  t2.Employee_ID GROUP BY t2.Employee_ID ORDER BY count(*) DESC LIMIT 1,False,False,False,"['employee', 'Rating', 'employee']",cross-encoder
"Finden Sie den Namen des Mitarbeiters, der den höchsten einmaligen Bonus erhalten hat.",SELECT t1.name FROM employee AS t1 JOIN evaluation AS t2 ON t1.Employee_ID  =  t2.Employee_ID ORDER BY t2.bonus DESC LIMIT 1,True,False,False,['employee'],cross-encoder
Welcher Mitarbeiter hat den höchsten Bonus erhalten? Geben Sie mir den Namen des Mitarbeiters.,SELECT t1.name FROM employee AS t1 JOIN evaluation AS t2 ON t1.Employee_ID  =  t2.Employee_ID ORDER BY t2.bonus DESC LIMIT 1,True,False,False,"['employee', 'employee']",cross-encoder
"Finden Sie die Namen der Mitarbeiter, die bei der Bewertung nie einen Preis gewonnen haben.",SELECT name FROM employee WHERE Employee_ID NOT IN (SELECT Employee_ID FROM evaluation),False,False,False,"['employee', 'Rating']",cross-encoder
"Wie lauten die Namen der Mitarbeiter, die bei der Bewertung nie eine Auszeichnung erhalten haben?",SELECT name FROM employee WHERE Employee_ID NOT IN (SELECT Employee_ID FROM evaluation),False,False,False,"['employee', 'Rating']",cross-encoder
"Wie lautet der Name des Geschäfts, das die größte Anzahl von Mitarbeitern einstellt?",SELECT t2.name FROM hiring AS t1 JOIN shop AS t2 ON t1.shop_id  =  t2.shop_id GROUP BY t1.shop_id ORDER BY count(*) DESC LIMIT 1,False,False,False,"['Stores', 'Shops', 'employee']",cross-encoder
Welches Geschäft hat die meisten Mitarbeiter? Geben Sie mir den Namen des Geschäfts.,SELECT t2.name FROM hiring AS t1 JOIN shop AS t2 ON t1.shop_id  =  t2.shop_id GROUP BY t1.shop_id ORDER BY count(*) DESC LIMIT 1,False,False,False,"['Stores', 'Shops', 'employee', 'Stores', 'Shops']",cross-encoder
"Suchen Sie die Namen der Geschäfte, die keine Mitarbeiter einstellen.",SELECT name FROM shop WHERE shop_id NOT IN (SELECT shop_id FROM hiring),False,False,False,"['Stores', 'Shops', 'employee']",cross-encoder
Welche Geschäfte betreiben keine Mitarbeiter? Finden Sie die Namen der Geschäfte,SELECT name FROM shop WHERE shop_id NOT IN (SELECT shop_id FROM hiring),False,False,False,"['Stores', 'Shops', 'employee', 'Stores', 'Shops']",cross-encoder
Finden Sie die Anzahl der in jedem Geschäft eingestellten Mitarbeiter; zeigen Sie auch den Namen des Geschäfts an.,"SELECT count(*) ,  t2.name FROM hiring AS t1 JOIN shop AS t2 ON t1.shop_id  =  t2.shop_id GROUP BY t2.name",False,False,False,"['Stores', 'Shops', 'employee', 'Stores', 'Shops']",cross-encoder
Geben Sie für jedes Geschäft die Anzahl der dort beschäftigten Mitarbeiter und den Namen des Geschäfts an.,"SELECT count(*) ,  t2.name FROM hiring AS t1 JOIN shop AS t2 ON t1.shop_id  =  t2.shop_id GROUP BY t2.name",False,False,False,"['Stores', 'Shops', 'employee', 'Stores', 'Shops']",cross-encoder
"Wie hoch ist der Gesamtbonus, der in allen Bewertungen angegeben wird?",SELECT sum(bonus) FROM evaluation,False,False,False,['Rating'],cross-encoder
"Ermitteln Sie den Gesamtbetrag des Bonus, der in allen Bewertungen angegeben ist.",SELECT sum(bonus) FROM evaluation,False,False,False,['Rating'],cross-encoder
Geben Sie mir alle Informationen über die Einstellung.,SELECT * FROM hiring,True,False,False,['hiring'],cross-encoder
Was sind alle Informationen über die Einstellung?,SELECT * FROM hiring,True,False,False,['hiring'],cross-encoder
In welchem Bezirk gibt es sowohl Geschäfte mit weniger als 3000 Produkten als auch Geschäfte mit mehr als 10000 Produkten?,SELECT district FROM shop WHERE Number_products  <  3000 INTERSECT SELECT district FROM shop WHERE Number_products  >  10000,False,False,False,"['district', 'Stores', 'Shops', 'Products', 'Product', 'Stores', 'Shops', 'Products', 'Product']",cross-encoder
"Finden Sie die Bezirke, in denen es sowohl Geschäfte mit weniger als 3000 Produkten als auch Geschäfte mit mehr als 10000 Produkten gibt.",SELECT district FROM shop WHERE Number_products  <  3000 INTERSECT SELECT district FROM shop WHERE Number_products  >  10000,False,False,False,"['district', 'Stores', 'Shops', 'Products', 'Product', 'Stores', 'Shops', 'Products', 'Product']",cross-encoder
Wie viele verschiedene Standorte gibt es?,SELECT count(DISTINCT LOCATION) FROM shop,False,False,False,"['Locations', 'LOCATION']",cross-encoder
Zählen Sie die verschiedenen Standorte.,SELECT count(DISTINCT LOCATION) FROM shop,False,False,False,"['Locations', 'LOCATION']",cross-encoder
Wie viele Dokumente haben wir?,SELECT count(*) FROM Documents,False,False,False,"['Documents', 'Documents', 'All_Documents']",cross-encoder
Zählen Sie die Dokumente.,SELECT count(*) FROM Documents,False,False,False,"['Documents', 'Documents', 'All_Documents']",cross-encoder
"Listen Sie die IDs, Namen und Beschreibungen für alle Dokumente auf.","SELECT document_id ,  document_name ,  document_description FROM Documents",False,False,False,"['list', 'Documents', 'Documents', 'All_Documents']",cross-encoder
"Was sind die IDs, Namen und Beschreibungen für alle Dokumente?","SELECT document_id ,  document_name ,  document_description FROM Documents",False,False,False,"['Documents', 'Documents', 'All_Documents']",cross-encoder
"Wie lauten der Dokumentname und die Vorlagen-ID für ein Dokument mit einer Beschreibung, in der 'w' vorkommt?","SELECT document_name ,  template_id FROM Documents WHERE Document_Description LIKE ""%w%""",False,False,False,"['Documents', 'Documents', 'All_Documents']",cross-encoder
"Geben Sie die Namen und Vorlagen-IDs für Dokumente zurück, die ""w"" in ihrer Beschreibung enthalten.","SELECT document_name ,  template_id FROM Documents WHERE Document_Description LIKE ""%w%""",False,False,False,"['Documents', 'Documents', 'All_Documents']",cross-encoder
"Wie lauten die Dokument-ID, die Vorlagen-ID und die Beschreibung für ein Dokument mit dem Namen ""Robbin CV""?","SELECT document_id ,  template_id ,  Document_Description FROM Documents WHERE document_name  =  ""Robbin CV""",False,False,False,"['Documents', 'Documents', 'All_Documents']",cross-encoder
"Geben Sie die Dokument-ID, die Vorlagen-ID und die Beschreibung für das Dokument mit dem Namen ""Robbin CV"" zurück.","SELECT document_id ,  template_id ,  Document_Description FROM Documents WHERE document_name  =  ""Robbin CV""",False,False,False,"['Documents', 'Documents', 'All_Documents']",cross-encoder
Wie viele verschiedene Vorlagen werden für alle Dokumente verwendet?,SELECT count(DISTINCT template_id) FROM Documents,False,False,False,"['Templates', 'Documents', 'Documents', 'All_Documents']",cross-encoder
"Zählen Sie die verschiedenen Vorlagen, die für Dokumente verwendet werden.",SELECT count(DISTINCT template_id) FROM Documents,False,False,False,"['Templates', 'Documents', 'Documents', 'All_Documents']",cross-encoder
"Wie viele Dokumente verwenden die Vorlage mit dem Typcode ""PPT""?",SELECT count(*) FROM Documents AS T1 JOIN Templates AS T2 ON T1.Template_ID  =  T2.Template_ID WHERE T2.Template_Type_Code  =  'PPT',False,False,False,"['Documents', 'Documents', 'All_Documents']",cross-encoder
"Zählen Sie die Dokumente, die den Vorlagentyp 'PPT' verwenden.",SELECT count(*) FROM Documents AS T1 JOIN Templates AS T2 ON T1.Template_ID  =  T2.Template_ID WHERE T2.Template_Type_Code  =  'PPT',False,False,False,"['Documents', 'Documents', 'All_Documents']",cross-encoder
"Zeigen Sie alle Vorlagen-IDs und die Anzahl der Dokumente, die jede Vorlage verwenden.","SELECT template_id ,  count(*) FROM Documents GROUP BY template_id",False,False,False,"['Documents', 'Documents', 'All_Documents']",cross-encoder
"Was sind die verschiedenen Vorlagen-IDs, die für Dokumente verwendet werden, und wie oft wurden sie jeweils verwendet?","SELECT template_id ,  count(*) FROM Documents GROUP BY template_id",False,False,False,"['Documents', 'Documents', 'All_Documents']",cross-encoder
"Welches ist der ID und Typcode für die Vorlage, die von den meisten Dokumenten verwendet wird?","SELECT T1.template_id ,  T2.Template_Type_Code FROM Documents AS T1 JOIN Templates AS T2 ON T1.template_id  =  T2.template_id GROUP BY T1.template_id ORDER BY count(*) DESC LIMIT 1",False,False,False,"['Documents', 'Documents', 'All_Documents']",cross-encoder
"Geben Sie die ID und den Typcode der Vorlage zurück, die für die größte Anzahl von Dokumenten verwendet wird.","SELECT T1.template_id ,  T2.Template_Type_Code FROM Documents AS T1 JOIN Templates AS T2 ON T1.template_id  =  T2.template_id GROUP BY T1.template_id ORDER BY count(*) DESC LIMIT 1",False,False,False,"['Documents', 'Documents', 'All_Documents']",cross-encoder
"Zeigen Sie die IDs für alle Vorlagen an, die von mehr als einem Dokument verwendet werden.",SELECT template_id FROM Documents GROUP BY template_id HAVING count(*)  >  1,False,False,False,"['Templates', 'Documents', 'Documents', 'All_Documents']",cross-encoder
"Wie lauten die Vorlagen-IDs aller Vorlagen, die in mehr als einem Dokument verwendet werden?",SELECT template_id FROM Documents GROUP BY template_id HAVING count(*)  >  1,False,False,False,"['Templates', 'Documents', 'Documents', 'All_Documents']",cross-encoder
"Zeigen Sie die IDs aller Vorlagen an, die von keinem Dokument verwendet werden.",SELECT template_id FROM Templates EXCEPT SELECT template_id FROM Documents,False,False,False,"['Templates', 'Documents', 'Documents', 'All_Documents']",cross-encoder
"Wie lauten die IDs von Vorlagen, die in keinem Dokument verwendet werden?",SELECT template_id FROM Templates EXCEPT SELECT template_id FROM Documents,False,False,False,"['Templates', 'Documents', 'Documents', 'All_Documents']",cross-encoder
Wie viele Vorlagen haben wir?,SELECT count(*) FROM Templates,True,False,False,['Templates'],cross-encoder
Zählen Sie die Vorlagen.,SELECT count(*) FROM Templates,True,False,False,['Templates'],cross-encoder
"Zeigen Sie die IDs, die Versionsnummern und die Typcodes für alle Vorlagen an.","SELECT template_id ,  version_number ,  template_type_code FROM Templates",True,False,False,['Templates'],cross-encoder
Alle verschiedenen Typcodes für alle Vorlagen anzeigen.,SELECT DISTINCT template_type_code FROM Templates,True,False,False,['Templates'],cross-encoder
Geben Sie die IDs von Vorlagen mit dem Code PP oder PPT zurück.,"SELECT template_id FROM Templates WHERE template_type_code  =  ""PP"" OR template_type_code  =  ""PPT""",True,False,False,['Templates'],cross-encoder
Wie viele Vorlagen haben den Typcode CV?,"SELECT count(*) FROM Templates WHERE template_type_code  =  ""CV""",True,False,False,['Templates'],cross-encoder
Zählen Sie die Anzahl der Vorlagen vom Typ CV.,"SELECT count(*) FROM Templates WHERE template_type_code  =  ""CV""",True,False,False,['Templates'],cross-encoder
Zählen Sie die Versionsnummern und Typcodes von Vorlagen mit einer Versionsnummer größer als 5.,"SELECT version_number ,  template_type_code FROM Templates WHERE version_number  >  5",True,False,False,['Templates'],cross-encoder
Zeigen Sie alle Vorlagentypcodes und die Anzahl der jeweiligen Vorlagen an.,"SELECT template_type_code ,  count(*) FROM Templates GROUP BY template_type_code",True,False,False,['Templates'],cross-encoder
"Welches sind die verschiedenen Vorlagentypcodes, und wie viele Vorlagen entsprechen ihnen jeweils?","SELECT template_type_code ,  count(*) FROM Templates GROUP BY template_type_code",True,False,False,['Templates'],cross-encoder
Welcher Typcode hat die meisten Vorlagen?,SELECT template_type_code FROM Templates GROUP BY template_type_code ORDER BY count(*) DESC LIMIT 1,True,False,False,['Templates'],cross-encoder
"Geben Sie den Typcode zurück, zu dem die meisten Vorlagen gehören.",SELECT template_type_code FROM Templates GROUP BY template_type_code ORDER BY count(*) DESC LIMIT 1,True,False,False,['Templates'],cross-encoder
Alle Vorlagentypcodes mit weniger als drei Vorlagen anzeigen.,SELECT template_type_code FROM Templates GROUP BY template_type_code HAVING count(*)  <  3,True,False,False,['Templates'],cross-encoder
"Was sind die Codes der Vorlagentypen, die weniger als 3 Vorlagen haben?",SELECT template_type_code FROM Templates GROUP BY template_type_code HAVING count(*)  <  3,True,False,False,['Templates'],cross-encoder
"Wie lautet der Typcode der Vorlage, die von einem Dokument mit dem Namen ""Datenbank"" verwendet wird?","SELECT T1.template_type_code FROM Templates AS T1 JOIN Documents AS T2 ON T1.template_id  =  T2.template_id WHERE T2.document_name  =  ""Data base""",False,False,False,"['Documents', 'Documents', 'All_Documents']",cross-encoder
"Geben Sie den Typcode der Vorlage zurück, die von einem Dokument mit dem Namen ""Datenbank"" verwendet wird.","SELECT T1.template_type_code FROM Templates AS T1 JOIN Documents AS T2 ON T1.template_id  =  T2.template_id WHERE T2.document_name  =  ""Data base""",False,False,False,"['Documents', 'Documents', 'All_Documents']",cross-encoder
"Zeigen Sie alle Dokumentnamen an, die Vorlagen mit dem Vorlagentypcode BK verwenden.","SELECT T2.document_name FROM Templates AS T1 JOIN Documents AS T2 ON T1.template_id  =  T2.template_id WHERE T1.template_type_code  =  ""BK""",True,False,False,['Templates'],cross-encoder
"Wie lauten die Namen von Dokumenten, die Vorlagen mit dem Code BK verwenden?","SELECT T2.document_name FROM Templates AS T1 JOIN Documents AS T2 ON T1.template_id  =  T2.template_id WHERE T1.template_type_code  =  ""BK""",False,False,False,"['Documents', 'Documents', 'All_Documents', 'Templates']",cross-encoder
"Zeigen Sie alle Vorlagentypcodes und die Anzahl der Dokumente an, die jeden Typ verwenden.","SELECT T1.template_type_code ,  count(*) FROM Templates AS T1 JOIN Documents AS T2 ON T1.template_id  =  T2.template_id GROUP BY T1.template_type_code",False,False,False,"['Documents', 'Documents', 'All_Documents']",cross-encoder
"Was sind die verschiedenen Vorlagentypcodes, und wie viele Dokumente verwenden jeden Typ?","SELECT T1.template_type_code ,  count(*) FROM Templates AS T1 JOIN Documents AS T2 ON T1.template_id  =  T2.template_id GROUP BY T1.template_type_code",False,False,False,"['Documents', 'Documents', 'All_Documents']",cross-encoder
Welcher Vorlagentypcode wird von der meisten Anzahl von Dokumenten verwendet?,SELECT T1.template_type_code FROM Templates AS T1 JOIN Documents AS T2 ON T1.template_id  =  T2.template_id GROUP BY T1.template_type_code ORDER BY count(*) DESC LIMIT 1,False,False,False,"['Documents', 'Documents', 'All_Documents']",cross-encoder
"Geben Sie den Code des Vorlagentyps zurück, der am häufigsten in Dokumenten verwendet wird.",SELECT T1.template_type_code FROM Templates AS T1 JOIN Documents AS T2 ON T1.template_id  =  T2.template_id GROUP BY T1.template_type_code ORDER BY count(*) DESC LIMIT 1,False,False,False,"['Documents', 'Documents', 'All_Documents']",cross-encoder
"Zeigen Sie alle Typcodes der Vorlagen an, die von keinem Dokument verwendet werden.",SELECT template_type_code FROM Templates EXCEPT SELECT template_type_code FROM Templates AS T1 JOIN Documents AS T2 ON T1.template_id  =  T2.template_id,False,False,False,"['Templates', 'Documents', 'Documents', 'All_Documents']",cross-encoder
"Welches sind die Typcodes der Vorlagen, die von keinem Dokument verwendet werden?",SELECT template_type_code FROM Templates EXCEPT SELECT template_type_code FROM Templates AS T1 JOIN Documents AS T2 ON T1.template_id  =  T2.template_id,False,False,False,"['Templates', 'Documents', 'Documents', 'All_Documents']",cross-encoder
Zeigen Sie alle Typcodes und Beschreibungen der Vorlagen an.,"SELECT template_type_code ,  template_type_description FROM Ref_template_types",False,False,False,['Templates'],cross-encoder
Wie lauten die Typencodes und Beschreibungen für alle Vorlagen?,"SELECT template_type_code ,  template_type_description FROM Ref_template_types",False,False,False,['Templates'],cross-encoder
"Wie lautet der Code des Vorlagentyps für die Beschreibung des Vorlagentyps ""Buch"".","SELECT template_type_code FROM Ref_template_types WHERE template_type_description  =  ""Book""",True,False,False,['book'],cross-encoder
"Geben Sie den Typcode der Vorlagen mit der Beschreibung ""Buch"" zurück.","SELECT template_type_code FROM Ref_template_types WHERE template_type_description  =  ""Book""",False,False,False,"['Templates', 'book']",cross-encoder
"Welches sind die verschiedenen Beschreibungen für die Vorlagen, die jemals von einem Dokument verwendet wurden?",SELECT DISTINCT T1.template_type_description FROM Ref_template_types AS T1 JOIN Templates AS T2 ON T1.template_type_code  = T2.template_type_code JOIN Documents AS T3 ON T2.Template_ID  =  T3.template_ID,False,False,False,"['Templates', 'Documents', 'Documents', 'All_Documents']",cross-encoder
"Geben Sie die verschiedenen Beschreibungen für Vorlagen zurück, die in einem Dokument verwendet worden sind.",SELECT DISTINCT T1.template_type_description FROM Ref_template_types AS T1 JOIN Templates AS T2 ON T1.template_type_code  = T2.template_type_code JOIN Documents AS T3 ON T2.Template_ID  =  T3.template_ID,False,False,False,"['Templates', 'Documents', 'Documents', 'All_Documents']",cross-encoder
"Geben Sie die IDs zurück, die den Vorlagen mit der Beschreibung ""Präsentation"" entsprechen.","SELECT T2.template_id FROM Ref_template_types AS T1 JOIN Templates AS T2 ON T1.template_type_code  = T2.template_type_code WHERE T1.template_type_description  =  ""Presentation""",True,False,False,['Templates'],cross-encoder
Wie viele Absätze insgesamt?,SELECT count(*) FROM Paragraphs,True,False,False,['Paragraphs'],cross-encoder
Zählen Sie die Absätze.,SELECT count(*) FROM Paragraphs,True,False,False,['Paragraphs'],cross-encoder
"Wie viele Absätze für das Dokument mit dem Namen ""Summer Show""?",SELECT count(*) FROM Paragraphs AS T1 JOIN Documents AS T2 ON T1.document_ID  =  T2.document_ID WHERE T2.document_name  =  'Summer Show',False,False,False,"['Paragraphs', 'Documents', 'Documents', 'All_Documents', 'show']",cross-encoder
"Zählen Sie die Anzahl der Absätze für das Dokument mit dem Namen ""Summer Show"".",SELECT count(*) FROM Paragraphs AS T1 JOIN Documents AS T2 ON T1.document_ID  =  T2.document_ID WHERE T2.document_name  =  'Summer Show',False,False,False,"['Paragraphs', 'Documents', 'Documents', 'All_Documents', 'show']",cross-encoder
"Zeige Details für den Absatz mit dem Text ""Korea ' .",select other_details from paragraphs where paragraph_text like 'korea',True,False,False,['Paragraphs'],cross-encoder
Wie lauten die Details für den Absatz mit dem Text 'Korea ' ?,select other_details from paragraphs where paragraph_text like 'korea',True,False,False,['Paragraphs'],cross-encoder
Alle Absatz-IDs und Texte für das Dokument mit dem Namen 'Welcome to NY' anzeigen.,"SELECT T1.paragraph_id ,   T1.paragraph_text FROM Paragraphs AS T1 JOIN Documents AS T2 ON T1.document_id  =  T2.document_id WHERE T2.Document_Name  =  'Welcome to NY'",False,False,False,"['Documents', 'Documents', 'All_Documents']",cross-encoder
"Was sind die IDs und Texte von Absätzen in dem Dokument mit dem Namen ""Welcome to NY""?","SELECT T1.paragraph_id ,   T1.paragraph_text FROM Paragraphs AS T1 JOIN Documents AS T2 ON T1.document_id  =  T2.document_id WHERE T2.Document_Name  =  'Welcome to NY'",False,False,False,"['Paragraphs', 'Documents', 'Documents', 'All_Documents']",cross-encoder
"Alle Absatztexte für das Dokument mit dem Namen ""Customer reviews"" anzeigen.","SELECT T1.paragraph_text FROM Paragraphs AS T1 JOIN Documents AS T2 ON T1.document_id  =  T2.document_id WHERE T2.document_name  =  ""Customer reviews""",False,False,False,"['Documents', 'Documents', 'All_Documents']",cross-encoder
"Was sind die Absatztexte für das Dokument mit dem Namen ""Customer reviews""?","SELECT T1.paragraph_text FROM Paragraphs AS T1 JOIN Documents AS T2 ON T1.document_id  =  T2.document_id WHERE T2.document_name  =  ""Customer reviews""",False,False,False,"['Documents', 'Documents', 'All_Documents']",cross-encoder
Alle Dokument-IDs und die Anzahl der Absätze in jedem Dokument anzeigen. Nach Dokument-ID geordnet.,"SELECT document_id ,  count(*) FROM Paragraphs GROUP BY document_id ORDER BY document_id",False,False,False,"['Paragraphs', 'Documents', 'Documents', 'All_Documents']",cross-encoder
"Geben Sie die verschiedenen Dokument-IDs zusammen mit der Anzahl der entsprechenden Absätze, geordnet nach ID, zurück.","SELECT document_id ,  count(*) FROM Paragraphs GROUP BY document_id ORDER BY document_id",True,False,False,['Paragraphs'],cross-encoder
"Alle Dokument-IDs, Namen und die Anzahl der Absätze in jedem Dokument anzeigen.","SELECT T1.document_id ,  T2.document_name ,  count(*) FROM Paragraphs AS T1 JOIN Documents AS T2 ON T1.document_id  =  T2.document_id GROUP BY T1.document_id",False,False,False,"['Paragraphs', 'Documents', 'Documents', 'All_Documents']",cross-encoder
Was sind die IDs und Namen der einzelnen Dokumente sowie die Anzahl der Absätze in jedem Dokument?,"SELECT T1.document_id ,  T2.document_name ,  count(*) FROM Paragraphs AS T1 JOIN Documents AS T2 ON T1.document_id  =  T2.document_id GROUP BY T1.document_id",False,False,False,"['Documents', 'Documents', 'All_Documents', 'Paragraphs', 'Documents', 'Documents', 'All_Documents']",cross-encoder
Alle Dokument-IDs mit mindestens zwei Absätzen auflisten.,SELECT document_id FROM Paragraphs GROUP BY document_id HAVING count(*)  >=  2,True,False,False,['Paragraphs'],cross-encoder
Wie lauten die IDs von Dokumenten mit 2 oder mehr Absätzen?,SELECT document_id FROM Paragraphs GROUP BY document_id HAVING count(*)  >=  2,False,False,False,"['Documents', 'Documents', 'All_Documents', 'Paragraphs']",cross-encoder
Wie lauten die ID und der Name des Dokuments mit der größten Anzahl von Absätzen?,"SELECT T1.document_id ,  T2.document_name FROM Paragraphs AS T1 JOIN Documents AS T2 ON T1.document_id  =  T2.document_id GROUP BY T1.document_id ORDER BY count(*) DESC LIMIT 1",False,False,False,"['Documents', 'Documents', 'All_Documents', 'Paragraphs']",cross-encoder
Geben Sie die ID und den Namen des Dokuments mit den meisten Absätzen zurück.,"SELECT T1.document_id ,  T2.document_name FROM Paragraphs AS T1 JOIN Documents AS T2 ON T1.document_id  =  T2.document_id GROUP BY T1.document_id ORDER BY count(*) DESC LIMIT 1",False,False,False,"['Documents', 'Documents', 'All_Documents', 'Paragraphs']",cross-encoder
Welches ist die Dokument-ID mit der geringsten Anzahl von Absätzen?,SELECT document_id FROM Paragraphs GROUP BY document_id ORDER BY count(*) ASC LIMIT 1,True,False,False,['Paragraphs'],cross-encoder
Geben Sie die Dokument-ID mit den wenigsten Absätzen zurück.,SELECT document_id FROM Paragraphs GROUP BY document_id ORDER BY count(*) ASC LIMIT 1,True,False,False,['Paragraphs'],cross-encoder
Wie lautet die Dokument-ID mit 1 bis 2 Absätzen?,SELECT document_id FROM Paragraphs GROUP BY document_id HAVING count(*) BETWEEN 1 AND 2,True,False,False,['Paragraphs'],cross-encoder
"Geben Sie die IDs von Dokumenten an, die zwischen einem und zwei Absätzen haben.",SELECT document_id FROM Paragraphs GROUP BY document_id HAVING count(*) BETWEEN 1 AND 2,False,False,False,"['Documents', 'Documents', 'All_Documents', 'Paragraphs']",cross-encoder
Geben Sie die Dokument-ID mit den Absätzen 'Brasilien' und 'Irland' an.,SELECT document_id FROM Paragraphs WHERE paragraph_text  =  'Brazil' INTERSECT SELECT document_id FROM Paragraphs WHERE paragraph_text  =  'Ireland',True,False,False,['Paragraphs'],cross-encoder
"Wie lauten die IDs von Dokumenten, die den Absatztext 'Brasilien' und 'Irland' enthalten?",SELECT document_id FROM Paragraphs WHERE paragraph_text  =  'Brazil' INTERSECT SELECT document_id FROM Paragraphs WHERE paragraph_text  =  'Ireland',False,False,False,"['Documents', 'Documents', 'All_Documents']",cross-encoder
Wie alt sind die Lehrenden und wo leben sie?,"SELECT Age ,  Hometown FROM teacher",False,False,False,['Lives_in'],cross-encoder
Aus welchen Städten kommen mindestens zwei Lehrenden?,SELECT Hometown FROM teacher GROUP BY Hometown HAVING COUNT(*)  >=  2,False,False,False,['city'],cross-encoder
"Zeigen Sie die Namen der Lehrenden und die Kurse, die sie unterrichten sollen.","SELECT T3.Name ,  T2.Course FROM course_arrange AS T1 JOIN course AS T2 ON T1.Course_ID  =  T2.Course_ID JOIN teacher AS T3 ON T1.Teacher_ID  =  T3.Teacher_ID",False,False,False,"['course', 'Courses', 'teaches', 'Lessons']",cross-encoder
Wie lauten die Namen der/des einzelnen Lehrenden und welchen Kurs sie unterrichten?,"SELECT T3.Name ,  T2.Course FROM course_arrange AS T1 JOIN course AS T2 ON T1.Course_ID  =  T2.Course_ID JOIN teacher AS T3 ON T1.Teacher_ID  =  T3.Teacher_ID",False,False,False,"['course', 'Courses', 'teaches', 'Lessons']",cross-encoder
"Zeigen Sie die Namen der Lehrenden und die Kurse, die sie unterrichten, in aufsteigender alphabetischer Reihenfolge des Namens der Lehrenden an.","SELECT T3.Name ,  T2.Course FROM course_arrange AS T1 JOIN course AS T2 ON T1.Course_ID  =  T2.Course_ID JOIN teacher AS T3 ON T1.Teacher_ID  =  T3.Teacher_ID ORDER BY T3.Name",False,False,False,"['course', 'Courses', 'teaches', 'Lessons']",cross-encoder
"Wie lauten die Namen der Lehrenden und der Kurse, die sie unterrichten, in aufsteigender alphabetischer Reihenfolge nach dem Namen der Lehrenden?","SELECT T3.Name ,  T2.Course FROM course_arrange AS T1 JOIN course AS T2 ON T1.Course_ID  =  T2.Course_ID JOIN teacher AS T3 ON T1.Teacher_ID  =  T3.Teacher_ID ORDER BY T3.Name",False,False,False,"['course', 'Courses', 'teaches', 'Lessons']",cross-encoder
"Wie lauten die Namen der Personen, die Mathekurse unterrichten?","SELECT T3.Name FROM course_arrange AS T1 JOIN course AS T2 ON T1.Course_ID  =  T2.Course_ID JOIN teacher AS T3 ON T1.Teacher_ID  =  T3.Teacher_ID WHERE T2.Course  =  ""Math""",False,False,False,"['people', 'people', 'teaches', 'Lessons']",cross-encoder
"Zeigen Sie die Namen der Lehrenden und die Anzahl der Kurse, die sie unterrichten.","SELECT T2.Name ,  COUNT(*) FROM course_arrange AS T1 JOIN teacher AS T2 ON T1.Teacher_ID  =  T2.Teacher_ID GROUP BY T2.Name",False,False,False,"['course', 'Courses', 'teaches', 'Lessons']",cross-encoder
"Wie lauten die Namen der Lehrenden und die Anzahl der Kurse, die sie unterrichten?","SELECT T2.Name ,  COUNT(*) FROM course_arrange AS T1 JOIN teacher AS T2 ON T1.Teacher_ID  =  T2.Teacher_ID GROUP BY T2.Name",False,False,False,"['course', 'Courses', 'teaches', 'Lessons']",cross-encoder
"Zeigen Sie die Namen der Lehrenden, die mindestens zwei Kurse unterrichten.",SELECT T2.Name FROM course_arrange AS T1 JOIN teacher AS T2 ON T1.Teacher_ID  =  T2.Teacher_ID GROUP BY T2.Name HAVING COUNT(*)  >=  2,False,False,False,"['course', 'Courses', 'teaches', 'Lessons']",cross-encoder
"Wie lauten die Namen der Lehrenden, die mindestens zwei Kurse unterrichten?",SELECT T2.Name FROM course_arrange AS T1 JOIN teacher AS T2 ON T1.Teacher_ID  =  T2.Teacher_ID GROUP BY T2.Name HAVING COUNT(*)  >=  2,False,False,False,"['course', 'Courses', 'teaches', 'Lessons']",cross-encoder
"Geben Sie die Namen der Lehrenden an, die nicht für das Unterrichten von Kursen vorgesehen sind.",SELECT Name FROM teacher WHERE Teacher_id NOT IN (SELECT Teacher_id FROM course_arrange),False,False,False,"['teaches', 'Lessons', 'course', 'Courses']",cross-encoder
"Wie lauten die Namen der Lehrenden, deren Kurse nicht vereinbart wurden?",SELECT Name FROM teacher WHERE Teacher_id NOT IN (SELECT Teacher_id FROM course_arrange),False,False,False,"['course', 'Courses']",cross-encoder
Wie viele Besucher unter 30 Jahren gibt es?,SELECT count(*) FROM visitor WHERE age  <  30,False,False,False,['Visitors'],cross-encoder
"Finden Sie die Namen der Besucher, deren Mitgliedsstufe höher als 4 ist, und ordnen Sie die Ergebnisse nach der Stufe von hoch nach niedrig.",SELECT name FROM visitor WHERE Level_of_membership  >  4 ORDER BY Level_of_membership DESC,False,False,False,"['Visitors', 'results', 'highlow']",cross-encoder
"Wie hoch ist das Durchschnittsalter der Besucher, deren Mitgliedsstufe nicht höher als 4 ist?",SELECT avg(age) FROM visitor WHERE Level_of_membership  <=  4,False,False,False,['Visitors'],cross-encoder
"Finden Sie den Namen und die Mitgliedsstufe der Besucher, deren Mitgliedsstufe höher als 4 ist, und ordnen Sie die Ergebnisse nach ihrem Alter von alt bis jung.","SELECT name ,  Level_of_membership FROM visitor WHERE Level_of_membership  >  4 ORDER BY age DESC",False,False,False,"['Visitors', 'results']",cross-encoder
"Finden Sie die ID und den Namen des Museums, das die meisten Mitarbeiter hat?","SELECT museum_id ,  name FROM museum ORDER BY num_of_staff DESC LIMIT 1",False,False,False,"['museum', 'Museums', 'employee']",cross-encoder
"Finden Sie die durchschnittliche Anzahl der Mitarbeiter der Museen, die vor 2009 eröffnet wurden.",SELECT avg(num_of_staff) FROM museum WHERE open_year  <  2009,False,False,False,"['employee', 'museum', 'Museums']",cross-encoder
Welches sind das Eröffnungsjahr und die Mitarbeiterzahl des Museums mit dem Namen Plaza Museum?,"SELECT Num_of_Staff ,  Open_Year FROM museum WHERE name  =  'Plaza Museum'",False,False,False,"['museum', 'Museums', 'museum', 'Museums']",cross-encoder
"Finden Sie die Namen der Museen, die mehr Mitarbeiter haben als die Mindestmitarbeitlzahl aller nach 2010 eröffneten Museen.",SELECT name FROM museum WHERE num_of_staff  >  (SELECT min(num_of_staff) FROM museum WHERE open_year  >  2010),False,False,False,"['museum', 'Museums', 'employee', 'museum', 'Museums']",cross-encoder
"Finden Sie die ID, den Namen und das Alter von Besuchern, die einige Museen mehr als einmal besucht haben.","SELECT t1.id ,  t1.name ,  t1.age FROM visitor AS t1 JOIN visit AS t2 ON t1.id  =  t2.visitor_id GROUP BY t1.id HAVING count(*)  >  1",False,False,False,"['Visitors', 'museum', 'Museums']",cross-encoder
"Welches sind die ID, der Name und die Mitgliedsstufe der Besucher, die insgesamt den größten Geldbetrag für alle Museumstickets ausgegeben haben?","SELECT t2.visitor_id ,  t1.name ,  t1.Level_of_membership FROM visitor AS t1 JOIN visit AS t2 ON t1.id  =  t2.visitor_id GROUP BY t2.visitor_id ORDER BY sum(t2.Total_spent) DESC LIMIT 1",False,False,False,['Visitors'],cross-encoder
"Wie lauten ID und Name des Museums, das am häufigsten besucht wurde?","SELECT t2.Museum_ID ,  t1.name FROM museum AS t1 JOIN visit AS t2 ON t1.Museum_ID  =  t2.Museum_ID GROUP BY t2.Museum_ID ORDER BY count(*) DESC LIMIT 1",False,False,False,"['museum', 'Museums']",cross-encoder
"Wie lautet der Name des Museums, das noch keinen Besucher hatte?",SELECT name FROM museum WHERE Museum_ID NOT IN (SELECT museum_id FROM visit),False,False,False,"['museum', 'Museums', 'Visitors']",cross-encoder
"Ermitteln Sie den Namen und das Alter des Besuchers, der die meisten Tickets auf einmal gekauft hat.","SELECT t1.name ,  t1.age FROM visitor AS t1 JOIN visit AS t2 ON t1.id  =  t2.visitor_id ORDER BY t2.num_of_ticket DESC LIMIT 1",False,False,False,['Visitors'],cross-encoder
Wie hoch ist die durchschnittliche und maximale Anzahl der bei allen Besuchen gekauften Eintrittskarten?,"SELECT avg(num_of_ticket) ,  max(num_of_ticket) FROM visit",False,False,False,"['visit', 'Visits']",cross-encoder
"Wie hoch sind die Gesamtkosten für die Eintrittskarten der Besucher, deren Mitgliedsstufe 1 ist?",SELECT sum(t2.Total_spent) FROM visitor AS t1 JOIN visit AS t2 ON t1.id  =  t2.visitor_id WHERE t1.Level_of_membership  =  1,False,False,False,['Visitors'],cross-encoder
"Wie lautet der Name des Besuchers, der sowohl ein vor 2009 eröffnetes Museum als auch ein nach 2011 eröffnetes Museum besucht hat?",SELECT t1.name FROM visitor AS t1 JOIN visit AS t2 ON t1.id  =  t2.visitor_id JOIN museum AS t3 ON t3.Museum_ID  =  t2.Museum_ID WHERE t3.open_year  <  2009 INTERSECT SELECT t1.name FROM visitor AS t1 JOIN visit AS t2 ON t1.id  =  t2.visitor_id JOIN museum AS t3 ON t3.Museum_ID  =  t2.Museum_ID WHERE t3.open_year  >  2011,False,False,False,"['Visitors', 'museum', 'Museums', 'museum', 'Museums']",cross-encoder
"Ermitteln Sie die Anzahl der Besucher, die kein nach 2010 eröffnetes Museum besucht haben.",SELECT count(*) FROM visitor WHERE id NOT IN (SELECT t2.visitor_id FROM museum AS t1 JOIN visit AS t2 ON t1.Museum_ID  =  t2.Museum_ID WHERE t1.open_year  >  2010),False,False,False,"['Visitors', 'museum', 'Museums']",cross-encoder
Wie viele Museen wurden nach 2013 oder vor 2008 eröffnet?,SELECT count(*) FROM museum WHERE open_year  >  2013 OR open_year  <  2008,False,False,False,"['museum', 'Museums']",cross-encoder
Finden Sie die Gesamtzahl der Spieler.,SELECT count(*) FROM players,True,False,False,['player'],cross-encoder
Wie viele Spieler gibt es?,SELECT count(*) FROM players,True,False,False,['player'],cross-encoder
Finden Sie die Gesamtzahl der Spiele.,SELECT count(*) FROM matches,False,False,False,"['game', 'matches', 'Plays_Games']",cross-encoder
Zählen Sie die Spiele.,SELECT count(*) FROM matches,False,False,False,"['game', 'matches', 'Plays_Games']",cross-encoder
Geben Sie den Vornamen und das Geburtsdaten aller Spieler aus dem Land mit dem Code USA an.,"SELECT first_name ,  birth_date FROM players WHERE country_code  =  'USA'",False,False,False,"['player', 'country', 'countries']",cross-encoder
Wie lauten die Vornamen und Geburtsdaten der Spieler aus den USA?,"SELECT first_name ,  birth_date FROM players WHERE country_code  =  'USA'",True,False,False,['player'],cross-encoder
Finden Sie das Durchschnittsalter der Verlierer und Gewinner aller Spiele.,"SELECT avg(loser_age) ,  avg(winner_age) FROM matches",False,False,False,"['game', 'matches', 'Plays_Games']",cross-encoder
Wie sind die Durchschnittsalter der Verlierer und Gewinner aller Spiele?,"SELECT avg(loser_age) ,  avg(winner_age) FROM matches",False,False,False,"['game', 'matches', 'Plays_Games']",cross-encoder
Finden Sie den durchschnittlichen Rang der Gewinner in allen Spielen.,SELECT avg(winner_rank) FROM matches,False,False,False,['Plays_Games'],cross-encoder
Was ist der durchschnittliche Rang der Gewinner in allen Spielen?,SELECT avg(winner_rank) FROM matches,False,False,False,['Plays_Games'],cross-encoder
Finden Sie den höchsten Rang der Verlierer in allen Spielen.,SELECT min(loser_rank) FROM matches,False,False,False,['Plays_Games'],cross-encoder
Welches ist der beste Rang der Verlierer über alle Spiele hinweg?,SELECT min(loser_rank) FROM matches,False,False,False,"['game', 'matches', 'Plays_Games']",cross-encoder
Finden Sie die Anzahl der verschiedenen Ländercodes aller Spieler.,SELECT count(DISTINCT country_code) FROM players,True,False,False,['player'],cross-encoder
Aus wie vielen verschiedenen Ländern kommen die Spieler?,SELECT count(DISTINCT country_code) FROM players,False,False,False,"['country', 'countries', 'player']",cross-encoder
"Finden Sie den Namen eines Turniers, das mehr als 10 Spiele hat.",SELECT tourney_name FROM matches GROUP BY tourney_name HAVING count(*)  >  10,False,False,False,"['game', 'matches', 'Plays_Games']",cross-encoder
"Wie lauten die Namen von Turnieren, die mehr als 10 Spiele haben?",SELECT tourney_name FROM matches GROUP BY tourney_name HAVING count(*)  >  10,False,False,False,"['game', 'matches', 'Plays_Games']",cross-encoder
"Listen Sie die Namen aller Gewinner auf, die sowohl 2013 als auch 2016 gespielt haben.",SELECT winner_name FROM matches WHERE YEAR  =  2013 INTERSECT SELECT winner_name FROM matches WHERE YEAR  =  2016,False,False,False,"['list', 'Plays_Games']",cross-encoder
"Wie lauten die Namen der Spieler, die sowohl im Jahr 2013 als auch im Jahr 2016 gewonnen haben?",SELECT winner_name FROM matches WHERE YEAR  =  2013 INTERSECT SELECT winner_name FROM matches WHERE YEAR  =  2016,False,False,False,['player'],cross-encoder
"Geben Sie die Anzahl aller Spiele an, die 2013 oder 2016 stattgefunden haben.",SELECT count(*) FROM matches WHERE YEAR  =  2013 OR YEAR  =  2016,False,False,False,"['game', 'matches', 'Plays_Games']",cross-encoder
Wie viele Spiele wurden 2013 oder 2016 ausgetragen?,SELECT count(*) FROM matches WHERE YEAR  =  2013 OR YEAR  =  2016,False,False,False,"['game', 'matches', 'Plays_Games']",cross-encoder
"Wie lauten Ländercode und Vorname der Spieler, die sowohl bei den WTA-Meisterschaften als auch bei den Australian Open gewonnen haben?","SELECT T1.country_code ,  T1.first_name FROM players AS T1 JOIN matches AS T2 ON T1.player_id  =  T2.winner_id WHERE T2.tourney_name  =  'WTA Championships' INTERSECT SELECT T1.country_code ,  T1.first_name FROM players AS T1 JOIN matches AS T2 ON T1.player_id  =  T2.winner_id WHERE T2.tourney_name  =  'Australian Open'",True,False,False,['player'],cross-encoder
"Wie lauten die Vornamen und Ländercodes der Spieler, die sowohl die WTA-Meisterschaften als auch die Australian Open gewonnen haben?","SELECT T1.country_code ,  T1.first_name FROM players AS T1 JOIN matches AS T2 ON T1.player_id  =  T2.winner_id WHERE T2.tourney_name  =  'WTA Championships' INTERSECT SELECT T1.country_code ,  T1.first_name FROM players AS T1 JOIN matches AS T2 ON T1.player_id  =  T2.winner_id WHERE T2.tourney_name  =  'Australian Open'",True,False,False,['player'],cross-encoder
Finden Sie den Vornamen und den Ländercode des ältesten Spielers.,"SELECT first_name ,  country_code FROM players ORDER BY birth_date LIMIT 1",True,False,False,['player'],cross-encoder
Wie lauten der Vorname und der Ländercode des ältesten Spielers?,"SELECT first_name ,  country_code FROM players ORDER BY birth_date LIMIT 1",True,False,False,['player'],cross-encoder
Listen Sie den Vor- und Nachnamen aller Spieler in der Reihenfolge ihres Geburtsdatums auf.,"SELECT first_name ,  last_name FROM players ORDER BY birth_date",False,False,False,"['list', 'player']",cross-encoder
Wie lauten die vollständigen Namen aller Spieler in der Reihenfolge ihres Geburtsdatums?,"SELECT first_name ,  last_name FROM players ORDER BY birth_date",True,False,False,['player'],cross-encoder
"Listen Sie den Vor- und Nachnamen aller Spieler, die Linkshänder verwenden, in der Reihenfolge ihres Geburtsdatums auf.","SELECT first_name ,  last_name FROM players WHERE hand  =  'L' ORDER BY birth_date",False,False,False,"['list', 'player']",cross-encoder
Wie lauten die vollständigen Namen aller linkshändigen Spieler in der Reihenfolge ihres Geburtsdatums?,"SELECT first_name ,  last_name FROM players WHERE hand  =  'L' ORDER BY birth_date",True,False,False,['player'],cross-encoder
"Finden Sie den Vornamen und den Ländercode des Spielers, der die meisten Touren absolviert hat.","SELECT T1.country_code ,  T1.first_name FROM players AS T1 JOIN rankings AS T2 ON T1.player_id  =  T2.player_id ORDER BY T2.tours DESC LIMIT 1",True,False,False,['player'],cross-encoder
Wie lauten der Vorname und der Ländercode des Spielers mit den meisten Tourneen?,"SELECT T1.country_code ,  T1.first_name FROM players AS T1 JOIN rankings AS T2 ON T1.player_id  =  T2.player_id ORDER BY T2.tours DESC LIMIT 1",True,False,False,['player'],cross-encoder
Finden Sie das Jahr mit der höchsten Anzahl von Spielen.,SELECT YEAR FROM matches GROUP BY YEAR ORDER BY count(*) DESC LIMIT 1,False,False,False,['Plays_Games'],cross-encoder
Welches Jahr hatte die meisten Spiele?,SELECT YEAR FROM matches GROUP BY YEAR ORDER BY count(*) DESC LIMIT 1,False,False,False,"['game', 'matches', 'Plays_Games']",cross-encoder
"Finden Sie den Namen und die Ranglistenpunkte des Gewinners, der die meisten Spiele gewonnen hat.","SELECT winner_name ,  winner_rank_points FROM matches GROUP BY winner_name ORDER BY count(*) DESC LIMIT 1",False,False,False,"['game', 'matches', 'Plays_Games']",cross-encoder
"Wie lautet der Name des Gewinners, der die meisten Spiele gewonnen hat, und wie viele Ranglistenpunkte hat dieser Spieler?","SELECT winner_name ,  winner_rank_points FROM matches GROUP BY winner_name ORDER BY count(*) DESC LIMIT 1",False,False,False,"['game', 'matches', 'Plays_Games', 'player']",cross-encoder
"Finden Sie die Namen des Verlierers und des Gewinners, der an dem Spiel mit der größten Anzahl von Minuten teilgenommen hat.","SELECT winner_name ,  loser_name FROM matches ORDER BY minutes DESC LIMIT 1",False,False,False,"['game', 'matches', 'Plays_Games']",cross-encoder
"Wie lauten die Namen des Gewinners und des Verlierers, die am längsten an den Spielen teilgenommen haben?","SELECT winner_name ,  loser_name FROM matches ORDER BY minutes DESC LIMIT 1",False,False,False,['Plays_Games'],cross-encoder
Finden Sie den durchschnittlichen Rang für jeden Spieler und seinen Vornamen.,"SELECT avg(ranking) ,  T1.first_name FROM players AS T1 JOIN rankings AS T2 ON T1.player_id  =  T2.player_id GROUP BY T1.first_name",True,False,False,['player'],cross-encoder
Wie lauten die Vornamen aller Spieler und ihr durchschnittlicher Rang?,"SELECT avg(ranking) ,  T1.first_name FROM players AS T1 JOIN rankings AS T2 ON T1.player_id  =  T2.player_id GROUP BY T1.first_name",True,False,False,['player'],cross-encoder
Finden Sie die Gesamtpunktzahl für jeden Spieler und seinen Vornamen.,"SELECT sum(ranking_points) ,  T1.first_name FROM players AS T1 JOIN rankings AS T2 ON T1.player_id  =  T2.player_id GROUP BY T1.first_name",True,False,False,['player'],cross-encoder
Wie lauten die Vornamen aller Spieler und ihre Gesamtpunktzahl der Ranglistenpunkte?,"SELECT sum(ranking_points) ,  T1.first_name FROM players AS T1 JOIN rankings AS T2 ON T1.player_id  =  T2.player_id GROUP BY T1.first_name",True,False,False,['player'],cross-encoder
Finden Sie die Anzahl der Spieler für jedes Land.,"SELECT count(*) ,  country_code FROM players GROUP BY country_code",False,False,False,"['player', 'country', 'countries']",cross-encoder
Wie viele Spieler kommen aus jedem Land?,"SELECT count(*) ,  country_code FROM players GROUP BY country_code",False,False,False,"['player', 'country', 'countries']",cross-encoder
"Finden Sie den Code des Landes, in dem die meisten Spieler leben.",SELECT country_code FROM players GROUP BY country_code ORDER BY count(*) DESC LIMIT 1,False,False,False,"['country', 'countries', 'player', 'Lives_in']",cross-encoder
Wie lautet der Code des Landes mit den meisten Spielern?,SELECT country_code FROM players GROUP BY country_code ORDER BY count(*) DESC LIMIT 1,False,False,False,"['country', 'countries']",cross-encoder
"Finden Sie die Codes der Länder, die mehr als 50 Spieler haben.",SELECT country_code FROM players GROUP BY country_code HAVING count(*)  >  50,False,False,False,"['country', 'countries', 'player']",cross-encoder
Wie lauten die Codes der Länder mit mehr als 50 Spielern?,SELECT country_code FROM players GROUP BY country_code HAVING count(*)  >  50,False,False,False,"['country', 'countries']",cross-encoder
"Finden Sie die Anzahl der Spiele, die in jedem Jahr stattgefunden haben.","SELECT count(*) ,  YEAR FROM matches GROUP BY YEAR",False,False,False,"['game', 'matches', 'Plays_Games']",cross-encoder
Wie viele Spiele wurden in jedem Jahr ausgetragen?,"SELECT count(*) ,  YEAR FROM matches GROUP BY YEAR",False,False,False,"['game', 'matches', 'Plays_Games']",cross-encoder
Finden Sie den Namen und Rang der 3 jüngsten Gewinner über alle Spiele hinweg.,"SELECT DISTINCT winner_name ,  winner_rank FROM matches ORDER BY winner_age LIMIT 3",False,False,False,"['game', 'matches', 'Plays_Games']",cross-encoder
Wie lauten die Namen und Ränge der drei jüngsten Gewinner über alle Spiele hinweg?,"SELECT DISTINCT winner_name ,  winner_rank FROM matches ORDER BY winner_age LIMIT 3",False,False,False,"['game', 'matches', 'Plays_Games']",cross-encoder
"Finden Sie den Vornamen, den Ländercode und das Geburtsdatum des Gewinners, der in allen Spielen die höchsten Ranglistenpunkte erzielt hat.","SELECT T1.first_name ,  T1.country_code ,  T1.birth_date FROM players AS T1 JOIN matches AS T2 ON T1.player_id  =  T2.winner_id ORDER BY T2.winner_rank_points DESC LIMIT 1",False,False,False,['Plays_Games'],cross-encoder
"Wie lauten der Vorname, der Ländercode und das Geburtsdatum des Spielers mit den meisten Ranglistenpunkten in allen Spielen?","SELECT T1.first_name ,  T1.country_code ,  T1.birth_date FROM players AS T1 JOIN matches AS T2 ON T1.player_id  =  T2.winner_id ORDER BY T2.winner_rank_points DESC LIMIT 1",False,False,False,"['player', 'Plays_Games']",cross-encoder
Finden Sie die Anzahl der Spieler für jeden Handtyp.,"SELECT count(*) ,  hand FROM players GROUP BY hand",True,False,False,['player'],cross-encoder
Wie viele Spieler gibt es für jeden Handtyp?,"SELECT count(*) ,  hand FROM players GROUP BY hand",True,False,False,['player'],cross-encoder
"Wie viele Schiffe wurden am Ende ""gekapert""?",SELECT count(*) FROM ship WHERE disposition_of_ship  =  'Captured',True,False,False,['ship'],cross-encoder
"Listen Sie den Namen, das Datum und das Ergebnis jeder Schlacht auf.","SELECT name ,  date FROM battle",False,False,False,"['list', 'results', 'battle']",cross-encoder
Welche Situationen mit Toten und Verletzten wurden durch das Schiff mit der Tonnage 't' verursacht?,"SELECT T1.killed ,  T1.injured FROM death AS T1 JOIN ship AS t2 ON T1.caused_by_ship_id  =  T2.id WHERE T2.tonnage  =  't'",True,False,False,['ship'],cross-encoder
"Wie lauten der Name und die Ergebnisse der Kämpfe, wenn der bulgarische Kommandeur nicht ""Boril"" ist?","SELECT name ,  RESULT FROM battle WHERE bulgarian_commander != 'Boril'",False,False,False,['results'],cross-encoder
"Wie lauten die verschiedenen IDs und Namen der Kämpfe, in denen Schiffe des Typs ""Brig"" verloren gingen?","SELECT DISTINCT T1.id ,  T1.name FROM battle AS T1 JOIN ship AS T2 ON T1.id  =  T2.lost_in_battle WHERE T2.ship_type  =  'Brig'",True,False,False,['ship'],cross-encoder
Wie viele verschiedene Ergebnisse gibt es bei den Kämpfen?,SELECT count(DISTINCT RESULT) FROM battle,False,False,False,['results'],cross-encoder
In wie vielen Kämpfen hat kein Schiff mit der Tonnage '225' verloren?,SELECT count(*) FROM battle WHERE id NOT IN ( SELECT lost_in_battle FROM ship WHERE tonnage  =  '225' );,True,False,False,['ship'],cross-encoder
"Nennen Sie den Namen und das Datum der Kämpfe, die das Schiff mit dem Namen ""Lettice"" und das Schiff mit dem Namen ""HMS Atalanta"" verloren haben.","SELECT T1.name ,  T1.date FROM battle AS T1 JOIN ship AS T2 ON T1.id  =  T2.lost_in_battle WHERE T2.name  =  'Lettice' INTERSECT SELECT T1.name ,  T1.date FROM battle AS T1 JOIN ship AS T2 ON T1.id  =  T2.lost_in_battle WHERE T2.name  =  'HMS Atalanta'",True,False,False,"['ship', 'ship']",cross-encoder
"Zeigen Sie Namen, Ergebnisse und bulgarische Kommandeure der Kämpfe ohne verlorene Schiffe im ""Ärmelkanal"".","SELECT name ,  RESULT ,  bulgarian_commander FROM battle EXCEPT SELECT T1.name ,  T1.result ,  T1.bulgarian_commander FROM battle AS T1 JOIN ship AS T2 ON T1.id  =  T2.lost_in_battle WHERE T2.location  =  'English Channel'",False,False,False,"['results', 'ship']",cross-encoder
"Was sind die Aufzeichnungen der Todesfälle, die die Teilzeichenfolge 'Ost' haben?",SELECT note FROM death WHERE note LIKE '%East%',False,False,False,['record'],cross-encoder
Was sind alle Adressen einschließlich Zeile 1 und Zeile 2?,"SELECT line_1 ,  line_2 FROM addresses",True,False,False,"['Addresses', 'address']",cross-encoder
Was ist die erste und zweite Zeile für alle Adressen?,"SELECT line_1 ,  line_2 FROM addresses",True,False,False,"['Addresses', 'address']",cross-encoder
Wie viele Kurse sind insgesamt aufgeführt?,SELECT count(*) FROM Courses,True,False,False,"['course', 'Courses']",cross-encoder
Wie viele Kurse gibt es?,SELECT count(*) FROM Courses,True,False,False,"['course', 'Courses']",cross-encoder
Wie lautet die Postleitzahl der Adresse in der Stadt Port Chelsea?,SELECT zip_postcode FROM Addresses WHERE city  =  'Port Chelsea',True,False,False,"['Addresses', 'address', 'city']",cross-encoder
Wie lautet die Postleitzahl der Stadt Port Chelsea?,SELECT zip_postcode FROM Addresses WHERE city  =  'Port Chelsea',True,False,False,['city'],cross-encoder
Welche Abteilung bietet die meisten Abschlüsse an? Geben Sie den Namen und die ID der Abteilung an.,"SELECT T2.department_name ,  T1.department_id FROM Degree_Programs AS T1 JOIN Departments AS T2 ON T1.department_id  =  T2.department_id GROUP BY T1.department_id ORDER BY count(*) DESC LIMIT 1",True,False,False,"['department', 'departments', 'department', 'departments']",cross-encoder
Wie lautet der Name und die ID der Abteilung mit den meisten Abschlüssen?,"select t2.department_name ,  t1.department_id from degree_programs as t1 join departments as t2 on t1.department_id  =  t2.department_id group by t1.department_id order by count(*) desc limit 1",True,False,False,"['department', 'departments']",cross-encoder
Wie viele Abteilungen bieten die meisten Abschlüsse an?,SELECT count(DISTINCT department_id) FROM Degree_Programs,False,False,False,"['department', 'departments']",cross-encoder
Wie viele verschiedene Abteilungen bieten Abschlüsse an?,SELECT count(DISTINCT department_id) FROM Degree_Programs,False,False,False,"['department', 'departments']",cross-encoder
Wie viele Abschlüsse bietet die Abteilung für Ingenieurwissenschaften an?,SELECT count(*) FROM Departments AS T1 JOIN Degree_Programs AS T2 ON T1.department_id  =  T2.department_id WHERE T1.department_name  =  'engineer',True,False,False,"['department', 'departments']",cross-encoder
Wie viele Abschlüsse hat die Abteilung für Ingenieurwissenschaften?,SELECT count(*) FROM Departments AS T1 JOIN Degree_Programs AS T2 ON T1.department_id  =  T2.department_id WHERE T1.department_name  =  'engineer',True,False,False,"['department', 'departments']",cross-encoder
Wie lauten die Bezeichnungen und Beschreibungen aller Sektionen?,"SELECT section_name ,  section_description FROM Sections",False,False,False,['appellations'],cross-encoder
Wie lauten die Namen und IDs von Kursen mit höchstens 2 Sektionen?,"SELECT T1.course_name ,  T1.course_id FROM Courses AS T1 JOIN Sections AS T2 ON T1.course_id  =  T2.course_id GROUP BY T1.course_id HAVING count(*)  <=  2",True,False,False,"['course', 'Courses']",cross-encoder
Wie lauten die Namen und IDs aller Kurse mit weniger als 2 Sektionen?,"SELECT T1.course_name ,  T1.course_id FROM Courses AS T1 JOIN Sections AS T2 ON T1.course_id  =  T2.course_id GROUP BY T1.course_id HAVING count(*)  <=  2",True,False,False,"['course', 'Courses']",cross-encoder
In welchem Semester sind die meisten Studierenden eingeschrieben? Zeigen Sie sowohl den Namen als auch die ID an.,"SELECT T1.semester_name ,  T1.semester_id FROM Semesters AS T1 JOIN Student_Enrolment AS T2 ON T1.semester_id  =  T2.semester_id GROUP BY T1.semester_id ORDER BY count(*) DESC LIMIT 1",False,False,False,"['Semesters', 'ENROLL']",cross-encoder
"Wie lauten für jedes Semester der Name und die ID des Semesters, in dem die meisten Studierenden eingeschrieben sind?","SELECT T1.semester_name ,  T1.semester_id FROM Semesters AS T1 JOIN Student_Enrolment AS T2 ON T1.semester_id  =  T2.semester_id GROUP BY T1.semester_id ORDER BY count(*) DESC LIMIT 1",False,False,False,"['Semesters', 'Semesters', 'ENROLL']",cross-encoder
"Wie lautet die Beschreibung der Abteilung, deren Name die Teilzeichenfolge des Computers enthält?",SELECT department_description FROM Departments WHERE department_name LIKE '%computer%',True,False,False,"['department', 'departments']",cross-encoder
"Wie lautet die Beschreibung der Abteilung, in deren Namen das Wort Computer vorkommt?",SELECT department_description FROM Departments WHERE department_name LIKE '%computer%',True,False,False,"['department', 'departments']",cross-encoder
"Wer ist in einem Semester in 2 Studiengängen eingeschrieben? Führen Sie den Vornamen, den Mittel- und Nachnamen und die ID auf.","SELECT T1.first_name ,  T1.middle_name ,  T1.last_name ,  T1.student_id FROM Students AS T1 JOIN Student_Enrolment AS T2 ON T1.student_id  =  T2.student_id GROUP BY T1.student_id HAVING count(*)  =  2",False,False,False,"['Semesters', 'Degree_Programs', 'ENROLL']",cross-encoder
"Wie lauten die Vor-, Mittel- und Nachnamen sowie die Kennungen aller Studierenden, die sich in einem Semester in 2 Studiengängen eingeschrieben haben?","SELECT T1.first_name ,  T1.middle_name ,  T1.last_name ,  T1.student_id FROM Students AS T1 JOIN Student_Enrolment AS T2 ON T1.student_id  =  T2.student_id GROUP BY T1.student_id HAVING count(*)  =  2",False,False,False,"['Semesters', 'Degree_Programs', 'ENROLL']",cross-encoder
"Wer ist für einen Bachelor-Studiengang eingeschrieben? Führen Sie den Vornamen, den zweiten Vornamen und den Nachnamen auf.","SELECT DISTINCT T1.first_name ,  T1.middle_name ,  T1.last_name FROM Students AS T1 JOIN Student_Enrolment AS T2 ON T1.student_id  =  T2.student_id JOIN Degree_Programs AS T3 ON T2.degree_program_id  =  T3.degree_program_id WHERE T3.degree_summary_name  =  'Bachelor'",False,False,False,['ENROLL'],cross-encoder
"Wie lauten die Vor-, Mittel- und Nachnamen aller an einem Bachelor-Studiengang eingeschriebenen Personen?","SELECT DISTINCT T1.first_name ,  T1.middle_name ,  T1.last_name FROM Students AS T1 JOIN Student_Enrolment AS T2 ON T1.student_id  =  T2.student_id JOIN Degree_Programs AS T3 ON T2.degree_program_id  =  T3.degree_program_id WHERE T3.degree_summary_name  =  'Bachelor'",False,False,False,"['people', 'people']",cross-encoder
"Finden Sie die Art des Studiengangs, in dem die meisten Studierenden eingeschrieben sind?",SELECT T1.degree_summary_name FROM Degree_Programs AS T1 JOIN Student_Enrolment AS T2 ON T1.degree_program_id  =  T2.degree_program_id GROUP BY T1.degree_summary_name ORDER BY count(*) DESC LIMIT 1,False,False,False,"['Degree_Programs', 'ENROLL']",cross-encoder
"Wie lautet der Name der Zusammenfassung des Abschlusses, für den die meisten Studierenden eingeschrieben sind?",SELECT T1.degree_summary_name FROM Degree_Programs AS T1 JOIN Student_Enrolment AS T2 ON T1.degree_program_id  =  T2.degree_program_id GROUP BY T1.degree_summary_name ORDER BY count(*) DESC LIMIT 1,False,False,False,['ENROLL'],cross-encoder
"Finden Sie das Studiengang, in dem die meisten Studierenden eingeschrieben sind. Listen Sie sowohl die ID als auch die Zusammenfassung auf.","SELECT T1.degree_program_id ,  T1.degree_summary_name FROM Degree_Programs AS T1 JOIN Student_Enrolment AS T2 ON T1.degree_program_id  =  T2.degree_program_id GROUP BY T1.degree_program_id ORDER BY count(*) DESC LIMIT 1",False,False,False,"['Degree_Programs', 'ENROLL', 'list']",cross-encoder
"Wie lautet die ID und die Zusammenfassung des Studiengangs, in dem die meisten Studierenden eingeschrieben sind?","SELECT T1.degree_program_id ,  T1.degree_summary_name FROM Degree_Programs AS T1 JOIN Student_Enrolment AS T2 ON T1.degree_program_id  =  T2.degree_program_id GROUP BY T1.degree_program_id ORDER BY count(*) DESC LIMIT 1",False,False,False,"['Degree_Programs', 'ENROLL']",cross-encoder
"Welcher Student hat sich am häufigsten für einen Studiengang eingeschrieben? Geben Sie die ID, den Vornamen, den Mittelnamen, den Nachnamen, die Anzahl der Einschreibungen und die Studenten-ID an.","SELECT T1.student_id ,  T1.first_name ,  T1.middle_name ,  T1.last_name ,  count(*) ,  T1.student_id FROM Students AS T1 JOIN Student_Enrolment AS T2 ON T1.student_id  =  T2.student_id GROUP BY T1.student_id ORDER BY count(*) DESC LIMIT 1",False,False,False,"['Student', 'Students', 'Degree_Programs', 'ENROLL', 'enrollments']",cross-encoder
"Wie lauten Vor-, Mittel- und Nachname sowie die ID und die Anzahl der Einschreibungen für den Studierenden, der sich am häufigsten in einen Studiengang eingeschrieben hat?","SELECT T1.student_id ,  T1.first_name ,  T1.middle_name ,  T1.last_name ,  count(*) ,  T1.student_id FROM Students AS T1 JOIN Student_Enrolment AS T2 ON T1.student_id  =  T2.student_id GROUP BY T1.student_id ORDER BY count(*) DESC LIMIT 1",False,False,False,"['enrollments', 'Degree_Programs', 'ENROLL']",cross-encoder
In welchen Semestern ist kein Studierender eingeschrieben? Geben Sie den Semesternamen an.,SELECT semester_name FROM Semesters WHERE semester_id NOT IN( SELECT semester_id FROM Student_Enrolment ),False,False,False,"['Semesters', 'ENROLL']",cross-encoder
"Wie lautet der Name des Semesters, in dem keine Studierenden eingeschrieben sind?",SELECT semester_name FROM Semesters WHERE semester_id NOT IN( SELECT semester_id FROM Student_Enrolment ),False,False,False,"['Semesters', 'ENROLL']",cross-encoder
"Wie lauten die Namen aller Kurse, in die jemals Studierende eingeschrieben waren?",SELECT DISTINCT T1.course_name FROM Courses AS T1 JOIN Student_Enrolment_Courses AS T2 ON T1.course_id  =  T2.course_id,False,False,False,"['course', 'Courses', 'ENROLL']",cross-encoder
"Wie lauten die Namen aller Kurse, für die sich jemals Studierende eingeschrieben haben?",SELECT DISTINCT T1.course_name FROM Courses AS T1 JOIN Student_Enrolment_Courses AS T2 ON T1.course_id  =  T2.course_id,False,False,False,"['course', 'Courses', 'ENROLL']",cross-encoder
Wie lautet der Name des Kurses mit den meisten Einschreibungen?,SELECT  T1.course_name FROM Courses AS T1 JOIN Student_Enrolment_Courses AS T2 ON T1.course_id  =  T2.course_id GROUP BY T1.course_name ORDER BY count(*) DESC LIMIT 1,False,False,False,['enrollments'],cross-encoder
"Wie heißt der Kurs, für den sich die meisten Studierenden eingeschrieben haben?",SELECT  T1.course_name FROM Courses AS T1 JOIN Student_Enrolment_Courses AS T2 ON T1.course_id  =  T2.course_id GROUP BY T1.course_name ORDER BY count(*) DESC LIMIT 1,False,False,False,"['course', 'Courses', 'ENROLL']",cross-encoder
"Finden Sie den Nachnamen der Studierenden, die derzeit im Staat North Carolina leben, aber in keinem Studiengang eingeschrieben sind.",SELECT T1.last_name FROM Students AS T1 JOIN Addresses AS T2 ON T1.current_address_id  =  T2.address_id WHERE T2.state_province_county  =  'NorthCarolina' EXCEPT SELECT DISTINCT T3.last_name FROM Students AS T3 JOIN Student_Enrolment AS T4 ON T3.student_id  =  T4.student_id,False,False,False,"['Lives_in', 'Degree_Programs', 'ENROLL']",cross-encoder
"Wie lauten die Nachnamen der Studenten, die derzeit im Staat North Carolina leben, aber in keinem Studiengang eingeschrieben sind?",SELECT T1.last_name FROM Students AS T1 JOIN Addresses AS T2 ON T1.current_address_id  =  T2.address_id WHERE T2.state_province_county  =  'NorthCarolina' EXCEPT SELECT DISTINCT T3.last_name FROM Students AS T3 JOIN Student_Enrolment AS T4 ON T3.student_id  =  T4.student_id,False,False,False,"['Student', 'Students', 'Lives_in', 'Degree_Programs', 'ENROLL']",cross-encoder
Zeigen Sie das Datum und die ID der Abschrift mit mindestens 2 Ergebnissen des Kurses an.,"SELECT T2.transcript_date ,  T1.transcript_id FROM Transcript_Contents AS T1 JOIN Transcripts AS T2 ON T1.transcript_id  =  T2.transcript_id GROUP BY T1.transcript_id HAVING count(*)  >=  2",False,False,False,['results'],cross-encoder
"Wie lautet das Datum und die ID der Abschrift, in dem mindestens 2 Kurse aufgeführt sind?","SELECT T2.transcript_date ,  T1.transcript_id FROM Transcript_Contents AS T1 JOIN Transcripts AS T2 ON T1.transcript_id  =  T2.transcript_id GROUP BY T1.transcript_id HAVING count(*)  >=  2",False,False,False,"['course', 'Courses']",cross-encoder
Wie lautet die Mobiltelefonnummer des Studenten mit dem Namen Timmothy Ward?,select cell_mobile_number from students where first_name  =  'timmothy' and last_name  =  'ward',True,False,False,"['Student', 'Students']",cross-encoder
"Wer ist der erste Studierende, der sich einschreibt? Geben Sie den Vornamen, den Mittelnamen und den Nachnamen an.","SELECT first_name ,  middle_name ,  last_name FROM Students ORDER BY date_first_registered ASC LIMIT 1",False,False,False,['ENROLL'],cross-encoder
"Wer ist der früheste Absolvent der Schule? Geben Sie den Vornamen, den Mittelnamen und den Nachnamen an.","SELECT first_name ,  middle_name ,  last_name FROM Students ORDER BY date_left ASC LIMIT 1",False,False,False,['school'],cross-encoder
Wessen ständige Adresse unterscheidet sich von seiner aktuellen Adresse? Geben Sie seinen oder ihren Vornamen an.,SELECT first_name FROM Students WHERE current_address_id != permanent_address_id,False,False,False,"['Addresses', 'address', 'Addresses', 'address']",cross-encoder
"Wie lautet der Vorname des/der Studierenden, dessen/deren ständige Adresse sich von seiner/ihrer derzeitigen Adresse unterscheidet?",SELECT first_name FROM Students WHERE current_address_id != permanent_address_id,False,False,False,"['Addresses', 'address', 'Addresses', 'address']",cross-encoder
An welcher Adresse befinden sich derzeit die meisten Studierenden? Geben Sie die ID der Adresse und alle Zeilen an.,"SELECT T1.address_id ,  T1.line_1 ,  T1.line_2 FROM Addresses AS T1 JOIN Students AS T2 ON T1.address_id  =  T2.current_address_id GROUP BY T1.address_id ORDER BY count(*) DESC LIMIT 1",True,False,False,"['Addresses', 'address', 'Addresses', 'address']",cross-encoder
"Wie lautet die ID, Zeile 1 und Zeile 2 der Adresse mit den meisten Studierenden?","SELECT T1.address_id ,  T1.line_1 ,  T1.line_2 FROM Addresses AS T1 JOIN Students AS T2 ON T1.address_id  =  T2.current_address_id GROUP BY T1.address_id ORDER BY count(*) DESC LIMIT 1",True,False,False,"['Addresses', 'address']",cross-encoder
Wie oft kann das Ergebnis einer Kursanmeldung höchstens in verschiedenen Abschriften angezeigt werden? Zeigen Sie auch die ID der Kursanmeldung an.,"SELECT count(*) ,  student_course_id FROM Transcript_Contents GROUP BY student_course_id ORDER BY count(*) DESC LIMIT 1",False,False,False,['results'],cross-encoder
"Wie oft kann ein Kurs maximal in verschiedenen Abschriften angezeigt werden, und wie lautet die ID der Kursanmeldung?","SELECT count(*) ,  student_course_id FROM Transcript_Contents GROUP BY student_course_id ORDER BY count(*) DESC LIMIT 1",False,False,False,"['course', 'Courses']",cross-encoder
"Zeigen Sie das Datum der Abschrift an, das die geringste Anzahl von Ergebnissen zeigt, und geben Sie auch die ID an.","SELECT T2.transcript_date ,  T1.transcript_id FROM Transcript_Contents AS T1 JOIN Transcripts AS T2 ON T1.transcript_id  =  T2.transcript_id GROUP BY T1.transcript_id ORDER BY count(*) ASC LIMIT 1",False,False,False,['results'],cross-encoder
Was ist das Datum und die ID der Abschrift mit der geringsten Anzahl von Ergebnissen?,"SELECT T2.transcript_date ,  T1.transcript_id FROM Transcript_Contents AS T1 JOIN Transcripts AS T2 ON T1.transcript_id  =  T2.transcript_id GROUP BY T1.transcript_id ORDER BY count(*) ASC LIMIT 1",False,False,False,['results'],cross-encoder
"Finden Sie das Semester, in dem sowohl Master- als auch Bachelor-Studierende eingeschrieben waren.",SELECT DISTINCT T2.semester_id FROM Degree_Programs AS T1 JOIN Student_Enrolment AS T2 ON T1.degree_program_id  =  T2.degree_program_id WHERE degree_summary_name  =  'Master' INTERSECT SELECT DISTINCT T2.semester_id FROM Degree_Programs AS T1 JOIN Student_Enrolment AS T2 ON T1.degree_program_id  =  T2.degree_program_id WHERE degree_summary_name  =  'Bachelor',False,False,False,"['Semesters', 'ENROLL']",cross-encoder
"Was ist die ID des Semesters, in dem sowohl Master- als auch Bachelor-Studierende eingeschrieben waren?",SELECT DISTINCT T2.semester_id FROM Degree_Programs AS T1 JOIN Student_Enrolment AS T2 ON T1.degree_program_id  =  T2.degree_program_id WHERE degree_summary_name  =  'Master' INTERSECT SELECT DISTINCT T2.semester_id FROM Degree_Programs AS T1 JOIN Student_Enrolment AS T2 ON T1.degree_program_id  =  T2.degree_program_id WHERE degree_summary_name  =  'Bachelor',False,False,False,"['Semesters', 'ENROLL']",cross-encoder
Wie viele verschiedene Adressen haben die Studierenden derzeit?,SELECT count(DISTINCT current_address_id) FROM Students,False,False,False,"['Addresses', 'address']",cross-encoder
"Welche verschiedenen Adressen haben Studierende, die dort wohnen?",SELECT count(DISTINCT current_address_id) FROM Students,False,False,False,"['Addresses', 'address']",cross-encoder
Führen Sie alle Details der Studenten in umgekehrter lexikographischer Reihenfolge auf.,SELECT other_student_details FROM Students ORDER BY other_student_details DESC,True,False,False,"['Student', 'Students']",cross-encoder
"Finden Sie den Vornamen der Studierenden, die dauerhaft in dem Land Haiti wohnen oder die Handynummer 09700166582 haben.",select t1.first_name from students as t1 join addresses as t2 on t1.permanent_address_id  =  t2.address_id where t2.country  =  'haiti' or t1.cell_mobile_number  =  '09700166582',False,False,False,"['country', 'countries']",cross-encoder
Listen Sie die Titel aller Cartoons in alphabetischer Reihenfolge auf.,SELECT Title FROM Cartoon ORDER BY title,False,False,False,['list'],cross-encoder
"Listen Sie alle Cartoons auf, die unter der Regie von ""Ben Jones"" entstanden sind.","SELECT Title FROM Cartoon WHERE Directed_by = ""Ben Jones"";",False,False,False,"['list', 'directed_by']",cross-encoder
Wie lauten die Namen aller Cartoons unter der Regie von Ben Jones?,"SELECT Title FROM Cartoon WHERE Directed_by = ""Ben Jones"";",True,False,False,['directed_by'],cross-encoder
"Wie viele Cartoons wurden von ""Joseph Kuhr"" geschrieben?","SELECT count(*) FROM Cartoon WHERE Written_by = ""Joseph Kuhr"";",False,False,False,"['writes', 'written_by']",cross-encoder
"Wie viele Cartoons wurden von ""Joseph Kuhr"" geschrieben?","SELECT count(*) FROM Cartoon WHERE Written_by = ""Joseph Kuhr"";",False,False,False,"['writes', 'written_by']",cross-encoder
Listen Sie alle Titel der Cartoons und ihre Regisseure geordnet nach ihrem Sendedatum auf,"SELECT title ,  Directed_by FROM Cartoon ORDER BY Original_air_date",False,False,False,"['list', 'director']",cross-encoder
"Wie lauten der Name und die Regisseure aller Cartoons, die nach Sendedatum bestellt werden?","SELECT title ,  Directed_by FROM Cartoon ORDER BY Original_air_date",False,False,False,['director'],cross-encoder
"Führen Sie den Titel aller Cartoons auf, die unter der Regie von ""Ben Jones"" oder ""Brandon Vietti"" entstanden sind.","SELECT Title FROM Cartoon WHERE Directed_by = ""Ben Jones"" OR Directed_by = ""Brandon Vietti"";",True,False,False,['directed_by'],cross-encoder
"Wie lauten die Titel aller Cartoons, die unter der Regie von Ben Jones oder Brandon Vietti entstanden sind?","SELECT Title FROM Cartoon WHERE Directed_by = ""Ben Jones"" OR Directed_by = ""Brandon Vietti"";",True,False,False,['directed_by'],cross-encoder
"Welches Land hat die meisten Fernsehsender? Führen Sie das Land und die Anzahl der Fernsehsender auf, die es hat.","SELECT Country ,  count(*) FROM TV_Channel GROUP BY Country ORDER BY count(*) DESC LIMIT 1;",False,False,False,"['country', 'countries', 'tv_series', 'TV_series', 'country', 'countries', 'tv_series', 'TV_series']",cross-encoder
Welches ist das Land mit den meisten Fernsehsendern und wie viele hat es?,"SELECT Country ,  count(*) FROM TV_Channel GROUP BY Country ORDER BY count(*) DESC LIMIT 1;",False,False,False,"['country', 'countries', 'tv_series', 'TV_series']",cross-encoder
Führen Sie die Anzahl der verschiedenen Seriennamen und Inhalte in der Tabelle der Fernsehsender auf.,"SELECT count(DISTINCT series_name) ,  count(DISTINCT content) FROM TV_Channel;",False,False,False,"['tv_series', 'TV_series']",cross-encoder
Wie viele verschiedene Serien und Inhalte sind in der Tabelle der Fernsehsender aufgeführt?,"SELECT count(DISTINCT series_name) ,  count(DISTINCT content) FROM TV_Channel;",False,False,False,"['tv_series', 'TV_series']",cross-encoder
"Was ist der Inhalt des Fernsehsenders mit dem Seriennamen ""Sky Radio""?","SELECT Content FROM TV_Channel WHERE series_name = ""Sky Radio"";",False,False,False,"['tv_series', 'TV_series']",cross-encoder
"Was ist die Paketoption des Fernsehsenders mit dem Seriennamen ""Sky Radio""?","SELECT Package_Option FROM TV_Channel WHERE series_name = ""Sky Radio"";",False,False,False,"['tv_series', 'TV_series']",cross-encoder
"Was sind die Paketoptionen der Fernsehsender mit dem Seriennamen ""Sky Radio""?","SELECT Package_Option FROM TV_Channel WHERE series_name = ""Sky Radio"";",False,False,False,"['tv_series', 'TV_series']",cross-encoder
Wie viele Fernsehsender verwenden die Sprache Englisch?,"SELECT count(*) FROM TV_Channel WHERE LANGUAGE = ""English"";",False,False,False,"['tv_series', 'TV_series', 'language']",cross-encoder
Wie viele Fernsehsender verwenden die englische Sprache?,"SELECT count(*) FROM TV_Channel WHERE LANGUAGE = ""English"";",False,False,False,"['tv_series', 'TV_series', 'language']",cross-encoder
"Führen Sie die Sprache auf, die die geringste Anzahl von Fernsehsendern verwendet. Listen Sie die Sprache und die Anzahl der Fernsehsender auf.","SELECT LANGUAGE ,  count(*) FROM TV_Channel GROUP BY LANGUAGE ORDER BY count(*) ASC LIMIT 1;",False,False,False,"['language', 'tv_series', 'TV_series', 'list', 'language', 'tv_series', 'TV_series']",cross-encoder
Welche Sprachen werden von der geringsten Anzahl von Fernsehsendern verwendet und wie viele Sender verwenden sie?,"SELECT LANGUAGE ,  count(*) FROM TV_Channel GROUP BY LANGUAGE ORDER BY count(*) ASC LIMIT 1;",False,False,False,"['language', 'tv_series', 'TV_series']",cross-encoder
"Führen Sie jede Sprache und die Anzahl der Fernsehsender auf, die sie verwenden.","SELECT LANGUAGE ,  count(*) FROM TV_Channel GROUP BY LANGUAGE",False,False,False,"['language', 'tv_series', 'TV_series']",cross-encoder
"Geben Sie für jede Sprache die Anzahl der Fernsehsender an, die sie verwenden.","SELECT LANGUAGE ,  count(*) FROM TV_Channel GROUP BY LANGUAGE",False,False,False,"['language', 'tv_series', 'TV_series']",cross-encoder
"Welcher Fernsehsender zeigt den Cartoon ""The Rise of the Blue Beetle"" (Der Aufstieg des Blauen Käfers)? Geben Sie den Namen der Serie des Fernsehsenders an.","SELECT T1.series_name FROM TV_Channel AS T1 JOIN Cartoon AS T2 ON T1.id = T2.Channel WHERE T2.Title = ""The Rise of the Blue Beetle!"";",False,False,False,"['tv_series', 'TV_series', 'tv_series', 'TV_series']",cross-encoder
"Wie lautet der Serienname des Fernsehsenders, der den Cartoon ""The Rise of the Blue Beetle"" (Der Aufstieg des Blauen Käfers) zeigt?","SELECT T1.series_name FROM TV_Channel AS T1 JOIN Cartoon AS T2 ON T1.id = T2.Channel WHERE T2.Title = ""The Rise of the Blue Beetle!"";",False,False,False,"['tv_series', 'TV_series']",cross-encoder
"Führen Sie den Titel aller im Fernsehsender gezeigten Cartoons mit dem Seriennamen ""Sky Radio"" auf.","SELECT T2.Title FROM TV_Channel AS T1 JOIN Cartoon AS T2 ON T1.id = T2.Channel WHERE T1.series_name = ""Sky Radio"";",False,False,False,"['tv_series', 'TV_series']",cross-encoder
"Wie lautet der Titel aller Cartoons, die auf dem Fernsehsender mit dem Seriennamen ""Sky Radio"" ausgestrahlt werden?","SELECT T2.Title FROM TV_Channel AS T1 JOIN Cartoon AS T2 ON T1.id = T2.Channel WHERE T1.series_name = ""Sky Radio"";",False,False,False,"['tv_series', 'TV_series']",cross-encoder
Listen Sie die Episode aller Fernsehserien nach Bewertung sortiert auf.,SELECT Episode FROM TV_series ORDER BY rating,False,False,False,"['list', 'tv_series', 'TV_series', 'Rating']",cross-encoder
Wie sind alle Episoden nach Bewertungen geordnet?,SELECT Episode FROM TV_series ORDER BY rating,True,False,False,['Rating'],cross-encoder
Führen Sie die 3 Fernsehserie mit der höchsten Bewertung auf. Listen Sie die Episode und die Bewertung der Fernsehserie auf.,"SELECT Episode ,  Rating FROM TV_series ORDER BY Rating DESC LIMIT 3;",False,False,False,"['tv_series', 'TV_series', 'Rating', 'list', 'Rating', 'tv_series', 'TV_series']",cross-encoder
Welches sind die 3 am höchsten bewerteten Episoden in der Tabelle der Fernsehserien und wie hoch waren diese Bewertungen?,"SELECT Episode ,  Rating FROM TV_series ORDER BY Rating DESC LIMIT 3;",True,False,False,"['tv_series', 'TV_series', 'Rating']",cross-encoder
Was ist der minimale und maximale Anteil der Fernsehserien?,"SELECT max(SHARE) , min(SHARE) FROM TV_series;",True,False,False,"['tv_series', 'TV_series']",cross-encoder
Wie hoch ist der maximale und minimale Anteil der Fernsehserien?,"SELECT max(SHARE) , min(SHARE) FROM TV_series;",True,False,False,"['tv_series', 'TV_series']",cross-encoder
"Wann wird eine Fernsehserie mit der Episode "" Die Liebe eines Lebens"" ausgestrahlt?","SELECT Air_Date FROM TV_series WHERE Episode = ""A Love of a Lifetime"";",False,False,False,"['tv_series', 'TV_series', 'Lives_in']",cross-encoder
"Wann wurde die Episode ""Die Liebe eines Lebens"" ausgestrahlt?","SELECT Air_Date FROM TV_series WHERE Episode = ""A Love of a Lifetime"";",False,False,False,['Lives_in'],cross-encoder
"Wie hoch ist der wöchentliche Rang von Fernsehserien mit der Episode ""Die Liebe meines Lebens""?","SELECT Weekly_Rank FROM TV_series WHERE Episode = ""A Love of a Lifetime"";",False,False,False,"['tv_series', 'TV_series', 'Lives_in']",cross-encoder
"Wie hoch ist der wöchentliche Rang der Episode ""Die Liebe eines Lebens""?","SELECT Weekly_Rank FROM TV_series WHERE Episode = ""A Love of a Lifetime"";",False,False,False,['Lives_in'],cross-encoder
"Was ist der Fernsehsender von Fernsehserien mit der Episode ""Die Liebe eines Lebens""? Führen Sie den Namen des Fernsehsenders der Fernsehserie auf.","SELECT T1.series_name FROM TV_Channel AS T1 JOIN TV_series AS T2 ON T1.id = T2.Channel WHERE T2.Episode = ""A Love of a Lifetime"";",False,False,False,"['tv_series', 'TV_series', 'tv_series', 'TV_series', 'Lives_in', 'tv_series', 'TV_series', 'tv_series', 'TV_series']",cross-encoder
"Wie lautet der Name der Serie mit der Episode ""Die Liebe eines Lebens""?","SELECT T1.series_name FROM TV_Channel AS T1 JOIN TV_series AS T2 ON T1.id = T2.Channel WHERE T2.Episode = ""A Love of a Lifetime"";",False,False,False,['Lives_in'],cross-encoder
"Führen Sie die Episode aller im Fernsehsender gezeigten Fernsehserien mit dem Seriennamen ""Sky Radio"" auf.","SELECT T2.Episode FROM TV_Channel AS T1 JOIN TV_series AS T2 ON T1.id = T2.Channel WHERE T1.series_name = ""Sky Radio"";",True,False,False,"['tv_series', 'TV_series', 'tv_series', 'TV_series']",cross-encoder
"Wie lautet die Episode der Fernsehserie mit dem Seriennamen ""Sky Radio""?","SELECT T2.Episode FROM TV_Channel AS T1 JOIN TV_series AS T2 ON T1.id = T2.Channel WHERE T1.series_name = ""Sky Radio"";",True,False,False,"['tv_series', 'TV_series']",cross-encoder
"Finden Sie die Anzahl der Cartoons, bei denen jeder der aufgelisteten Regisseure Regie geführt hat.","SELECT count(*) ,  Directed_by FROM cartoon GROUP BY Directed_by",False,False,False,"['director', 'directed_by']",cross-encoder
Wie viele Cartoons hat jeder Regisseur erstellt?,"SELECT count(*) ,  Directed_by FROM cartoon GROUP BY Directed_by",False,False,False,['director'],cross-encoder
"Finden Sie die Paketauswahl und den Namen der Fernsehserie des Fernsehsenders, der über hochauflösendes Fernsehen verfügt.","SELECT package_option ,  series_name FROM TV_Channel WHERE hight_definition_TV  =  ""yes""",False,False,False,"['tv_series', 'TV_series', 'tv_series', 'TV_series', 'tv_series', 'TV_series']",cross-encoder
"Was sind die Paketoptionen und der Name der Serie für den Fernsehsender, der hochauflösendes Fernsehen unterstützt?","SELECT package_option ,  series_name FROM TV_Channel WHERE hight_definition_TV  =  ""yes""",False,False,False,"['tv_series', 'TV_series', 'tv_series', 'TV_series']",cross-encoder
Welche Fernsehsender in welchen Ländern spielen einen von Todd Casey geschriebenen Cartoon?,SELECT T1.country FROM TV_Channel AS T1 JOIN cartoon AS T2 ON T1.id = T2.Channel WHERE T2.written_by  =  'Todd Casey',False,False,False,"['tv_series', 'TV_series', 'country', 'countries', 'Plays_Games']",cross-encoder
"In welchen Ländern gibt es im Fernsehen Cartoons, die von Todd Casey geschrieben wurden?",SELECT T1.country FROM TV_Channel AS T1 JOIN cartoon AS T2 ON T1.id = T2.Channel WHERE T2.written_by  =  'Todd Casey',False,False,False,"['country', 'countries', 'tv_series', 'TV_series', 'writes', 'written_by']",cross-encoder
Welche Fernsehsender in welchen Ländern spielen keine von Todd Casey geschriebenen Cartoons?,SELECT country FROM TV_Channel EXCEPT SELECT T1.country FROM TV_Channel AS T1 JOIN cartoon AS T2 ON T1.id = T2.Channel WHERE T2.written_by  =  'Todd Casey',False,False,False,"['tv_series', 'TV_series', 'country', 'countries', 'Plays_Games']",cross-encoder
In welchen Ländern werden keine Cartoons von Todd Casey ausgestrahlt?,SELECT country FROM TV_Channel EXCEPT SELECT T1.country FROM TV_Channel AS T1 JOIN cartoon AS T2 ON T1.id = T2.Channel WHERE T2.written_by  =  'Todd Casey',False,False,False,"['country', 'countries']",cross-encoder
"Finden Sie den Namen der Fernsehserie und das Land des Fernsehsenders, der einige Cartoons von Ben Jones und Michael Chang abspielt?","SELECT T1.series_name ,  T1.country FROM TV_Channel AS T1 JOIN cartoon AS T2 ON T1.id = T2.Channel WHERE T2.directed_by  =  'Michael Chang' INTERSECT SELECT T1.series_name ,  T1.country FROM TV_Channel AS T1 JOIN cartoon AS T2 ON T1.id = T2.Channel WHERE T2.directed_by  =  'Ben Jones'",False,False,False,"['tv_series', 'TV_series', 'country', 'countries', 'tv_series', 'TV_series']",cross-encoder
"Wie lauten der Serienname und das Land aller Fernsehsender, die Cartoons unter der Regie von Ben Jones und Cartoons unter der Regie von Michael Chang abspielen?","SELECT T1.series_name ,  T1.country FROM TV_Channel AS T1 JOIN cartoon AS T2 ON T1.id = T2.Channel WHERE T2.directed_by  =  'Michael Chang' INTERSECT SELECT T1.series_name ,  T1.country FROM TV_Channel AS T1 JOIN cartoon AS T2 ON T1.id = T2.Channel WHERE T2.directed_by  =  'Ben Jones'",False,False,False,"['country', 'countries', 'tv_series', 'TV_series', 'directed_by', 'directed_by']",cross-encoder
"Finden Sie das Pixelseitenverhältnis und die Nation der Fernsehsender, die kein Englisch verwenden.","SELECT Pixel_aspect_ratio_PAR ,  country FROM tv_channel WHERE LANGUAGE != 'English'",False,False,False,"['tv_series', 'TV_series']",cross-encoder
"Wie lauten das Pixelseitenverhältnis und das Herkunftsland aller Fernsehsender, die kein Englisch verwenden?","SELECT Pixel_aspect_ratio_PAR ,  country FROM tv_channel WHERE LANGUAGE != 'English'",False,False,False,"['tv_series', 'TV_series']",cross-encoder
"Finden Sie die ID der Fernsehsender aus den Ländern, in denen es mehr als zwei Fernsehsender gibt.",SELECT id FROM tv_channel GROUP BY country HAVING count(*)  >  2,False,False,False,"['tv_series', 'TV_series', 'country', 'countries', 'tv_series', 'TV_series']",cross-encoder
"Wie lauten die IDs aller Fernsehsender, die mehr als 2 Fernsehsender haben?",SELECT id FROM tv_channel GROUP BY country HAVING count(*)  >  2,False,False,False,"['tv_series', 'TV_series', 'tv_series', 'TV_series']",cross-encoder
"Finden Sie die ID der Fernsehsender, die keinen Cartoon unter der Regie von Ben Jones abspielen.",SELECT id FROM TV_Channel EXCEPT SELECT channel FROM cartoon WHERE directed_by  =  'Ben Jones',False,False,False,"['tv_series', 'TV_series', 'directed_by']",cross-encoder
"Wie lauten die IDs der Fernsehsender, die keine Cartoons unter der Regie von Ben Jones abspielen?",SELECT id FROM TV_Channel EXCEPT SELECT channel FROM cartoon WHERE directed_by  =  'Ben Jones',False,False,False,"['tv_series', 'TV_series', 'directed_by']",cross-encoder
"Finden Sie die Paketoption der Fernsehsender, die keine Cartoons unter der Regie von Ben Jones haben.",SELECT package_option FROM TV_Channel WHERE id NOT IN (SELECT channel FROM cartoon WHERE directed_by  =  'Ben Jones'),False,False,False,"['tv_series', 'TV_series', 'directed_by']",cross-encoder
"Was sind die Paketoptionen aller Fernsehsender, die keine Cartoons unter der Regie von Ben Jones abspielen?",SELECT package_option FROM TV_Channel WHERE id NOT IN (SELECT channel FROM cartoon WHERE directed_by  =  'Ben Jones'),False,False,False,"['tv_series', 'TV_series', 'directed_by']",cross-encoder
Wie viele Pokerspieler gibt es?,SELECT count(*) FROM poker_player,True,False,False,['poker_player'],cross-encoder
Zählen Sie die Anzahl der Pokerspieler.,SELECT count(*) FROM poker_player,True,False,False,['poker_player'],cross-encoder
Listen Sie die Einkommen der Pokerspieler in absteigender Reihenfolge auf.,SELECT Earnings FROM poker_player ORDER BY Earnings DESC,False,False,False,"['list', 'poker_player']",cross-encoder
"Wie hoch sind die Einkommen von Pokerspielern, absteigend nach Wert geordnet?",SELECT Earnings FROM poker_player ORDER BY Earnings DESC,True,False,False,['poker_player'],cross-encoder
Führen Sie die erreichten Finaltische und die besten Platzierungen von Pokerspielern auf.,"SELECT Final_Table_Made ,  Best_Finish FROM poker_player",True,False,False,['poker_player'],cross-encoder
Was sind die erreichten Finaltische und die besten Platzierungen aller Pokerspieler?,"SELECT Final_Table_Made ,  Best_Finish FROM poker_player",True,False,False,['poker_player'],cross-encoder
Wie hoch ist das durchschnittliche Einkommen von Pokerspielern?,SELECT avg(Earnings) FROM poker_player,True,False,False,['poker_player'],cross-encoder
Geben Sie das durchschnittliche Einkommen aller Pokerspieler an.,SELECT avg(Earnings) FROM poker_player,True,False,False,['poker_player'],cross-encoder
Was ist der Geldrang des Pokerspielers mit dem höchsten Einkommen?,SELECT Money_Rank FROM poker_player ORDER BY Earnings DESC LIMIT 1,True,False,False,['poker_player'],cross-encoder
Geben Sie den Geldrang des Spielers mit dem höchsten Einkommen zurück.,SELECT Money_Rank FROM poker_player ORDER BY Earnings DESC LIMIT 1,True,False,False,['player'],cross-encoder
Wie hoch ist die maximale Anzahl von Finaltischen unter Pokerspielern mit einem Einkommen von weniger als 200000?,SELECT max(Final_Table_Made) FROM poker_player WHERE Earnings  <  200000,True,False,False,['poker_player'],cross-encoder
"Geben Sie die maximale Anzahl der Finaltische zurück, die von allen Pokerspielern mit Einkommen unter 200000 erreicht wurden.",SELECT max(Final_Table_Made) FROM poker_player WHERE Earnings  <  200000,True,False,False,['poker_player'],cross-encoder
Wie lauten die Namen der Pokerspieler?,SELECT T1.Name FROM people AS T1 JOIN poker_player AS T2 ON T1.People_ID  =  T2.People_ID,True,False,False,['poker_player'],cross-encoder
Geben Sie die Namen aller Pokerspieler zurück.,SELECT T1.Name FROM people AS T1 JOIN poker_player AS T2 ON T1.People_ID  =  T2.People_ID,True,False,False,['poker_player'],cross-encoder
"Wie lauten die Namen von Pokerspielern, deren Einkommen höher als 300000 ist?",SELECT T1.Name FROM people AS T1 JOIN poker_player AS T2 ON T1.People_ID  =  T2.People_ID WHERE T2.Earnings  >  300000,True,False,False,['poker_player'],cross-encoder
"Nennen Sie die Namen von Pokerspielern, deren Einkommen über 300000 liegt.",SELECT T1.Name FROM people AS T1 JOIN poker_player AS T2 ON T1.People_ID  =  T2.People_ID WHERE T2.Earnings  >  300000,True,False,False,['poker_player'],cross-encoder
Geben Sie die Namen der Pokerspieler in aufsteigender Reihenfolge nach den Finaltischen geordnet an.,SELECT T1.Name FROM people AS T1 JOIN poker_player AS T2 ON T1.People_ID  =  T2.People_ID ORDER BY T2.Final_Table_Made,True,False,False,['poker_player'],cross-encoder
"Wie lauten die Namen von Pokerspielern, aufsteigend geordnet nach der Anzahl der Finaltische, die sie erreicht haben?",SELECT T1.Name FROM people AS T1 JOIN poker_player AS T2 ON T1.People_ID  =  T2.People_ID ORDER BY T2.Final_Table_Made,True,False,False,['poker_player'],cross-encoder
Welches ist das Geburtsdatum des Pokerspielers mit dem niedrigsten Einkommen?,SELECT T1.Birth_Date FROM people AS T1 JOIN poker_player AS T2 ON T1.People_ID  =  T2.People_ID ORDER BY T2.Earnings ASC LIMIT 1,True,False,False,['poker_player'],cross-encoder
Geben Sie das Geburtsdatum des Pokerspielers mit dem niedrigsten Einkommen an.,SELECT T1.Birth_Date FROM people AS T1 JOIN poker_player AS T2 ON T1.People_ID  =  T2.People_ID ORDER BY T2.Earnings ASC LIMIT 1,True,False,False,['poker_player'],cross-encoder
Was ist der Geldrang des höchsten Pokerspielers?,SELECT T2.Money_Rank FROM people AS T1 JOIN poker_player AS T2 ON T1.People_ID  =  T2.People_ID ORDER BY T1.Height DESC LIMIT 1,True,False,False,['poker_player'],cross-encoder
Geben Sie den Geldrang des Pokerspielers mit der größten Höhe zurück.,SELECT T2.Money_Rank FROM people AS T1 JOIN poker_player AS T2 ON T1.People_ID  =  T2.People_ID ORDER BY T1.Height DESC LIMIT 1,True,False,False,['poker_player'],cross-encoder
Wie hoch ist das durchschnittliche Einkommen von Pokerspielern mit einer Körpergröße von über 200?,SELECT avg(T2.Earnings) FROM people AS T1 JOIN poker_player AS T2 ON T1.People_ID  =  T2.People_ID WHERE T1.Height  >  200,True,False,False,['poker_player'],cross-encoder
Geben Sie das durchschnittliche Einkommen von Pokerspielern mit einer Körpergröße von mehr als 200 an.,SELECT avg(T2.Earnings) FROM people AS T1 JOIN poker_player AS T2 ON T1.People_ID  =  T2.People_ID WHERE T1.Height  >  200,True,False,False,['poker_player'],cross-encoder
Wie lauten die Namen der Pokerspieler in absteigender Reihenfolge der Einkommen?,SELECT T1.Name FROM people AS T1 JOIN poker_player AS T2 ON T1.People_ID  =  T2.People_ID ORDER BY T2.Earnings DESC,True,False,False,['poker_player'],cross-encoder
Geben Sie die Namen von Pokerspielern in absteigender Reihenfolge ihrer Einkommen an.,SELECT T1.Name FROM people AS T1 JOIN poker_player AS T2 ON T1.People_ID  =  T2.People_ID ORDER BY T2.Earnings DESC,True,False,False,['poker_player'],cross-encoder
Wie viele Personen gibt es von jeder Nationalität?,"SELECT Nationality ,  COUNT(*) FROM people GROUP BY Nationality",True,False,False,"['people', 'people']",cross-encoder
"Geben Sie die Nationalitäten an, für die es zwei oder mehr Personen gibt.",SELECT Nationality FROM people GROUP BY Nationality HAVING COUNT(*)  >=  2,True,False,False,"['people', 'people']",cross-encoder
Geben Sie die Namen und Geburtsdaten der Personen in aufsteigender alphabetischer Reihenfolge der Namen an.,"SELECT Name ,  Birth_Date FROM people ORDER BY Name ASC",True,False,False,"['people', 'people']",cross-encoder
"Wie lauten die Namen und Geburtsdaten von Personen, geordnet nach ihren Namen in alphabetischer Reihenfolge?","SELECT Name ,  Birth_Date FROM people ORDER BY Name ASC",True,False,False,"['people', 'people']",cross-encoder
"Zeigen Sie die Namen von Personen an, deren Nationalität nicht ""Russland"" ist.","SELECT Name FROM people WHERE Nationality != ""Russia""",True,False,False,"['people', 'people']",cross-encoder
"Wie lauten die Namen von Personen, die nicht aus Russland stammen?","SELECT Name FROM people WHERE Nationality != ""Russia""",True,False,False,"['people', 'people']",cross-encoder
"Listen Sie die Namen von Personen auf, die keine Pokerspieler sind.",SELECT Name FROM people WHERE People_ID NOT IN (SELECT People_ID FROM poker_player),False,False,False,"['list', 'people', 'people', 'poker_player']",cross-encoder
"Wie lauten die Namen von Personen, die nicht Poker spielen?",SELECT Name FROM people WHERE People_ID NOT IN (SELECT People_ID FROM poker_player),False,False,False,"['people', 'people', 'Plays_Games']",cross-encoder
"Listen Sie die Nummern und Namen der Kandidaten auf, absteigend geordnet nach den Namen der Kandidaten.","SELECT contestant_number ,  contestant_name FROM contestants ORDER BY contestant_name DESC",False,False,False,"['list', 'CONTESTANTS', 'candidate', 'CONTESTANTS', 'candidate']",cross-encoder
"Listen Sie die IDs, Telefonnummern und Staaten aller Stimmen auf.","SELECT vote_id ,  phone_number ,  state FROM votes",False,False,False,"['list', 'VOTES']",cross-encoder
Was ist das letzte Erstellungsdatum der Stimmen aus dem Staat 'CA'?,SELECT max(created) FROM votes WHERE state  =  'CA',True,False,False,['VOTES'],cross-encoder
Was sind die einzelnen Staaten und schaffen die Zeit aller Stimmen?,"SELECT DISTINCT state ,  created FROM votes",True,False,False,['VOTES'],cross-encoder
"Wie sind die Nummern der Kandidaten und die Namen der Kandidaten, die mindestens zwei Stimmen hatten?","SELECT T1.contestant_number , T1.contestant_name FROM contestants AS T1 JOIN votes AS T2 ON T1.contestant_number  =  T2.contestant_number GROUP BY T1.contestant_number HAVING count(*)  >=  2",False,False,False,"['CONTESTANTS', 'candidate', 'CONTESTANTS', 'candidate', 'VOTES']",cross-encoder
"Wie lauten die Kandidatennummern und Namen, die von allen Kandidaten, die eine Stimme erhalten haben, am wenigsten Stimmen erhalten haben?","SELECT T1.contestant_number , T1.contestant_name FROM contestants AS T1 JOIN votes AS T2 ON T1.contestant_number  =  T2.contestant_number GROUP BY T1.contestant_number ORDER BY count(*) ASC LIMIT 1",False,False,False,"['CONTESTANTS', 'candidate', 'VOTES', 'VOTES']",cross-encoder
Wie viele Stimmen hat der Staat 'NY' oder 'CA' abgegeben?,SELECT count(*) FROM votes WHERE state  =  'NY' OR state  =  'CA',True,False,False,['VOTES'],cross-encoder
Wie viele Kandidaten wurden nicht gewählt?,SELECT count(*) FROM contestants WHERE contestant_number NOT IN ( SELECT contestant_number FROM votes ),False,False,False,"['CONTESTANTS', 'candidate']",cross-encoder
"Was sind die Erstellungsdaten, Staaten und Telefonnummern der Stimmen, die für die Kandidatin mit dem Namen 'Tabatha Gehling' abgegeben wurden?","SELECT T2.created ,  T2.state ,  T2.phone_number FROM contestants AS T1 JOIN votes AS T2 ON T1.contestant_number  =  T2.contestant_number WHERE T1.contestant_name  =  'Tabatha Gehling'",True,False,False,['VOTES'],cross-encoder
"Wie lauten die Namen aller Länder, die nach 1950 unabhängig wurden?",SELECT Name FROM country WHERE IndepYear  >  1950,False,False,False,"['country', 'countries']",cross-encoder
"Geben Sie die Namen der Länder zurück, die nach 1950 gegründet wurden.",SELECT Name FROM country WHERE IndepYear  >  1950,False,False,False,"['country', 'countries']",cross-encoder
Wie viele Länder haben eine Republik als Regierungsform?,"SELECT count(*) FROM country WHERE GovernmentForm  =  ""Republic""",False,False,False,"['country', 'countries']",cross-encoder
"Wie viele Länder haben Regierungen, die Republiken sind?","SELECT count(*) FROM country WHERE GovernmentForm  =  ""Republic""",False,False,False,"['country', 'countries']",cross-encoder
Wie groß ist die Gesamtfläche der Länder in der Karibik?,"SELECT sum(SurfaceArea) FROM country WHERE Region  =  ""Caribbean""",False,False,False,"['country', 'countries']",cross-encoder
Wie viel Fläche bedecken die Länder in der Karibik zusammen?,"SELECT sum(SurfaceArea) FROM country WHERE Region  =  ""Caribbean""",False,False,False,"['country', 'countries']",cross-encoder
Zu welchem Kontinent gehört Anguilla?,"SELECT Continent FROM country WHERE Name  =  ""Anguilla""",False,False,False,['continents'],cross-encoder
"Wie lautet der Name des Kontinents, zu dem Anguilla gehört?","SELECT Continent FROM country WHERE Name  =  ""Anguilla""",False,False,False,['continents'],cross-encoder
In welcher Region liegt die Stadt Kabul?,"SELECT Region FROM country AS T1 JOIN city AS T2 ON T1.Code  =  T2.CountryCode WHERE T2.Name  =  ""Kabul""",False,False,False,"['region', 'regions', 'city']",cross-encoder
In welcher Region liegt Kabul?,"SELECT Region FROM country AS T1 JOIN city AS T2 ON T1.Code  =  T2.CountryCode WHERE T2.Name  =  ""Kabul""",False,False,False,"['region', 'regions']",cross-encoder
Welche Sprache ist die beliebteste in Aruba?,"SELECT T2.Language FROM country AS T1 JOIN countrylanguage AS T2 ON T1.Code  =  T2.CountryCode WHERE T1.Name  =  ""Aruba"" ORDER BY Percentage DESC LIMIT 1",True,False,False,['language'],cross-encoder
Welche Sprache wird in Aruba überwiegend gesprochen?,"SELECT T2.Language FROM country AS T1 JOIN countrylanguage AS T2 ON T1.Code  =  T2.CountryCode WHERE T1.Name  =  ""Aruba"" ORDER BY Percentage DESC LIMIT 1",True,False,False,['language'],cross-encoder
Welche Region und Bevölkerung gibt es in Angola?,"SELECT Population ,  Region FROM country WHERE Name  =  ""Angola""",False,False,False,"['region', 'regions']",cross-encoder
Zu welcher Region gehört Angola und wie groß ist seine Bevölkerung?,"SELECT Population ,  Region FROM country WHERE Name  =  ""Angola""",False,False,False,"['region', 'regions']",cross-encoder
Wie hoch ist die durchschnittliche Lebenserwartung der Länder in der Region Zentralafrika?,"SELECT avg(LifeExpectancy) FROM country WHERE Region  =  ""Central Africa""",False,False,False,"['country', 'countries', 'region', 'regions']",cross-encoder
Wie heißt das Land mit der kürzesten Lebenserwartung in Asien?,"SELECT Name FROM country WHERE Continent  =  ""Asia"" ORDER BY LifeExpectancy LIMIT 1",False,False,False,"['country', 'countries']",cross-encoder
"Geben Sie den Namen des Landes in Asien an, das die geringste Lebenserwartung hat.","SELECT Name FROM country WHERE Continent  =  ""Asia"" ORDER BY LifeExpectancy LIMIT 1",False,False,False,"['country', 'countries']",cross-encoder
"Wie viele Menschen leben in Asien, und welches ist das größte BSP unter ihnen?","SELECT sum(Population) ,  max(GNP) FROM country WHERE Continent  =  ""Asia""",False,False,False,['Lives_in'],cross-encoder
"Wie hoch ist die durchschnittliche Lebenserwartung in den afrikanischen Ländern, die Republiken sind?","SELECT avg(LifeExpectancy) FROM country WHERE Continent  =  ""Africa"" AND GovernmentForm  =  ""Republic""",False,False,False,"['country', 'countries']",cross-encoder
"Geben Sie die durchschnittliche Lebenserwartung für Länder in Afrika an, die Republiken sind?","SELECT avg(LifeExpectancy) FROM country WHERE Continent  =  ""Africa"" AND GovernmentForm  =  ""Republic""",False,False,False,"['country', 'countries']",cross-encoder
Wie groß ist die Gesamtfläche der Kontinente Asien und Europa?,"SELECT sum(SurfaceArea) FROM country WHERE Continent  =  ""Asia"" OR Continent  =  ""Europe""",False,False,False,['continents'],cross-encoder
Geben Sie die Gesamtfläche der Länder in Asien oder Europa an.,"SELECT sum(SurfaceArea) FROM country WHERE Continent  =  ""Asia"" OR Continent  =  ""Europe""",False,False,False,"['country', 'countries']",cross-encoder
Wie viele Menschen leben im Bezirk Gelderland?,"SELECT sum(Population) FROM city WHERE District  =  ""Gelderland""",False,False,False,"['Lives_in', 'district']",cross-encoder
Wie hoch ist die Gesamtbevölkerung des Bezirks Gelderland?,"SELECT sum(Population) FROM city WHERE District  =  ""Gelderland""",True,False,False,['district'],cross-encoder
Wie viele einzigartige Sprachen werden in der Welt gesprochen?,SELECT count(DISTINCT LANGUAGE) FROM countrylanguage,True,False,False,['language'],cross-encoder
Wie viele verschiedene Sprachen werden in der Welt gesprochen?,SELECT count(DISTINCT LANGUAGE) FROM countrylanguage,True,False,False,['language'],cross-encoder
Wie hoch ist die Gesamtzahl der in Aruba verwendeten Sprachen?,"SELECT COUNT(T2.Language) FROM country AS T1 JOIN countrylanguage AS T2 ON T1.Code  =  T2.CountryCode WHERE T1.Name  =  ""Aruba""",True,False,False,['language'],cross-encoder
Wie viele Sprachen werden in Aruba gesprochen?,"SELECT COUNT(T2.Language) FROM country AS T1 JOIN countrylanguage AS T2 ON T1.Code  =  T2.CountryCode WHERE T1.Name  =  ""Aruba""",True,False,False,['language'],cross-encoder
Wie viele offizielle Sprachen gibt es in Afghanistan?,"SELECT COUNT(*) FROM country AS T1 JOIN countrylanguage AS T2 ON T1.Code  =  T2.CountryCode WHERE T1.Name  =  ""Afghanistan"" AND IsOfficial  =  ""T""",True,False,False,['language'],cross-encoder
Wie viele offizielle Sprachen werden in Afghanistan gesprochen?,"SELECT COUNT(*) FROM country AS T1 JOIN countrylanguage AS T2 ON T1.Code  =  T2.CountryCode WHERE T1.Name  =  ""Afghanistan"" AND IsOfficial  =  ""T""",True,False,False,['language'],cross-encoder
"Wie heißt das Land, in dem die meisten Sprachen gesprochen werden?",SELECT T1.Name FROM country AS T1 JOIN countrylanguage AS T2 ON T1.Code  =  T2.CountryCode GROUP BY T1.Name ORDER BY COUNT(*) DESC LIMIT 1,False,False,False,"['country', 'countries', 'language']",cross-encoder
"Geben Sie den Namen des Landes an, das die größte Anzahl von Sprachen verwendet.",SELECT T1.Name FROM country AS T1 JOIN countrylanguage AS T2 ON T1.Code  =  T2.CountryCode GROUP BY T1.Name ORDER BY COUNT(*) DESC LIMIT 1,False,False,False,"['country', 'countries', 'language']",cross-encoder
Welcher Kontinent hat die meisten verschiedenen Sprachen?,SELECT T1.Continent FROM country AS T1 JOIN countrylanguage AS T2 ON T1.Code  =  T2.CountryCode GROUP BY T1.Continent ORDER BY COUNT(*) DESC LIMIT 1,False,False,False,"['continents', 'language']",cross-encoder
Auf welchem Kontinent werden die meisten Sprachen gesprochen?,SELECT T1.Continent FROM country AS T1 JOIN countrylanguage AS T2 ON T1.Code  =  T2.CountryCode GROUP BY T1.Continent ORDER BY COUNT(*) DESC LIMIT 1,False,False,False,"['continents', 'language']",cross-encoder
Wie viele Länder sprechen sowohl Englisch als auch Niederländisch?,"SELECT COUNT(*) FROM (SELECT T1.Name FROM country AS T1 JOIN countrylanguage AS T2 ON T1.Code  =  T2.CountryCode WHERE T2.Language  =  ""English"" INTERSECT SELECT T1.Name FROM country AS T1 JOIN countrylanguage AS T2 ON T1.Code  =  T2.CountryCode WHERE T2.Language  =  ""Dutch"")",False,False,False,"['country', 'countries']",cross-encoder
Wie viele Länder verwenden sowohl Englisch als auch Niederländisch?,"SELECT COUNT(*) FROM (SELECT T1.Name FROM country AS T1 JOIN countrylanguage AS T2 ON T1.Code  =  T2.CountryCode WHERE T2.Language  =  ""English"" INTERSECT SELECT T1.Name FROM country AS T1 JOIN countrylanguage AS T2 ON T1.Code  =  T2.CountryCode WHERE T2.Language  =  ""Dutch"")",False,False,False,"['country', 'countries']",cross-encoder
"Wie lauten die Namen der Länder, die sowohl Englisch als auch Französisch sprechen?","SELECT T1.Name FROM country AS T1 JOIN countrylanguage AS T2 ON T1.Code  =  T2.CountryCode WHERE T2.Language  =  ""English"" INTERSECT SELECT T1.Name FROM country AS T1 JOIN countrylanguage AS T2 ON T1.Code  =  T2.CountryCode WHERE T2.Language  =  ""French""",False,False,False,"['country', 'countries']",cross-encoder
"Geben Sie die Namen der Länder an, die sowohl Englisch als auch Französisch sprechen.","SELECT T1.Name FROM country AS T1 JOIN countrylanguage AS T2 ON T1.Code  =  T2.CountryCode WHERE T2.Language  =  ""English"" INTERSECT SELECT T1.Name FROM country AS T1 JOIN countrylanguage AS T2 ON T1.Code  =  T2.CountryCode WHERE T2.Language  =  ""French""",False,False,False,"['country', 'countries']",cross-encoder
"Wie lauten die Namen von Ländern, in denen sowohl Englisch als auch Französisch Amtssprachen sind?","SELECT T1.Name FROM country AS T1 JOIN countrylanguage AS T2 ON T1.Code  =  T2.CountryCode WHERE T2.Language  =  ""English"" AND T2.IsOfficial  =  ""T"" INTERSECT SELECT T1.Name FROM country AS T1 JOIN countrylanguage AS T2 ON T1.Code  =  T2.CountryCode WHERE T2.Language  =  ""French"" AND T2.IsOfficial  =  ""T""",False,False,False,"['country', 'countries']",cross-encoder
Nennen Sie die Namen der Länder mit Englisch und Französisch als offizielle Sprachen.,"SELECT T1.Name FROM country AS T1 JOIN countrylanguage AS T2 ON T1.Code  =  T2.CountryCode WHERE T2.Language  =  ""English"" AND T2.IsOfficial  =  ""T"" INTERSECT SELECT T1.Name FROM country AS T1 JOIN countrylanguage AS T2 ON T1.Code  =  T2.CountryCode WHERE T2.Language  =  ""French"" AND T2.IsOfficial  =  ""T""",False,False,False,"['country', 'countries', 'language']",cross-encoder
"Wie viele verschiedene Kontinente gibt es, auf denen Chinesisch gesprochen wird?","SELECT COUNT( DISTINCT Continent) FROM country AS T1 JOIN countrylanguage AS T2 ON T1.Code  =  T2.CountryCode WHERE T2.Language  =  ""Chinese""",False,False,False,['continents'],cross-encoder
Auf wie vielen Kontinenten wird Chinesisch gesprochen?,"SELECT COUNT( DISTINCT Continent) FROM country AS T1 JOIN countrylanguage AS T2 ON T1.Code  =  T2.CountryCode WHERE T2.Language  =  ""Chinese""",False,False,False,['continents'],cross-encoder
"Welches sind die Regionen, in denen Englisch oder Niederländisch gesprochen wird?","SELECT DISTINCT T1.Region FROM country AS T1 JOIN countrylanguage AS T2 ON T1.Code  =  T2.CountryCode WHERE T2.Language  =  ""English"" OR T2.Language  =  ""Dutch""",False,False,False,"['region', 'regions']",cross-encoder
In welchen Regionen wird Niederländisch oder Englisch gesprochen?,"SELECT DISTINCT T1.Region FROM country AS T1 JOIN countrylanguage AS T2 ON T1.Code  =  T2.CountryCode WHERE T2.Language  =  ""English"" OR T2.Language  =  ""Dutch""",False,False,False,"['region', 'regions']",cross-encoder
"Welches sind die Länder, in denen entweder Englisch oder Niederländisch die offizielle Sprache ist?","select t1.name from country as t1 join countrylanguage as t2 on t1.code  =  t2.countrycode where t2.language  =  ""english"" and isofficial  =  ""t"" union select t1.name from country as t1 join countrylanguage as t2 on t1.code  =  t2.countrycode where t2.language  =  ""dutch"" and isofficial  =  ""t""",False,False,False,"['country', 'countries', 'language']",cross-encoder
In welchen Ländern ist entweder Englisch oder Niederländisch die offizielle Sprache?,"SELECT * FROM country AS T1 JOIN countrylanguage AS T2 ON T1.Code  =  T2.CountryCode WHERE T2.Language  =  ""English"" AND IsOfficial  =  ""T"" UNION SELECT * FROM country AS T1 JOIN countrylanguage AS T2 ON T1.Code  =  T2.CountryCode WHERE T2.Language  =  ""Dutch"" AND IsOfficial  =  ""T""",False,False,False,"['country', 'countries', 'language']",cross-encoder
Welche Sprache ist die beliebteste auf dem asiatischen Kontinent?,"SELECT T2.Language FROM country AS T1 JOIN countrylanguage AS T2 ON T1.Code  =  T2.CountryCode WHERE T1.Continent  =  ""Asia"" GROUP BY T2.Language ORDER BY COUNT (*) DESC LIMIT 1",False,False,False,"['language', 'continents']",cross-encoder
"Welche ist die Sprache, die von der größten Anzahl asiatischer Nationen verwendet wird?","SELECT T2.Language FROM country AS T1 JOIN countrylanguage AS T2 ON T1.Code  =  T2.CountryCode WHERE T1.Continent  =  ""Asia"" GROUP BY T2.Language ORDER BY COUNT (*) DESC LIMIT 1",True,False,False,['language'],cross-encoder
Welche Sprachen werden in den Regierungen der Republiken nur von einem Land gesprochen?,"SELECT T2.Language FROM country AS T1 JOIN countrylanguage AS T2 ON T1.Code  =  T2.CountryCode WHERE T1.GovernmentForm  =  ""Republic"" GROUP BY T2.Language HAVING COUNT(*)  =  1",False,False,False,"['language', 'country', 'countries']",cross-encoder
Welche Sprachen werden nur von einem einzigen Land mit einer Republiksregierung gesprochen?,"SELECT T2.Language FROM country AS T1 JOIN countrylanguage AS T2 ON T1.Code  =  T2.CountryCode WHERE T1.GovernmentForm  =  ""Republic"" GROUP BY T2.Language HAVING COUNT(*)  =  1",False,False,False,"['language', 'country', 'countries']",cross-encoder
"Finden Sie die Stadt mit der größten Bevölkerung, die Englisch verwendet.","SELECT T1.Name ,  T1.Population FROM city AS T1 JOIN countrylanguage AS T2 ON T1.CountryCode  =  T2.CountryCode WHERE T2.Language  =  ""English"" ORDER BY T1.Population DESC LIMIT 1",True,False,False,['city'],cross-encoder
"Welches ist die bevölkerungsreichste Stadt, die Englisch spricht?","SELECT T1.Name ,  T1.Population FROM city AS T1 JOIN countrylanguage AS T2 ON T1.CountryCode  =  T2.CountryCode WHERE T2.Language  =  ""English"" ORDER BY T1.Population DESC LIMIT 1",True,False,False,['city'],cross-encoder
"Finden Sie den Namen, die Bevölkerung und die Lebenserwartung des asiatischen Landes mit der größten Fläche?","SELECT Name ,  Population ,  LifeExpectancy FROM country WHERE Continent  =  ""Asia"" ORDER BY SurfaceArea DESC LIMIT 1",False,False,False,"['country', 'countries']",cross-encoder
"Wie lauten der Name, die Bevölkerung und die Lebenserwartung des asiatischen Landes mit der größten Fläche?","SELECT Name ,  Population ,  LifeExpectancy FROM country WHERE Continent  =  ""Asia"" ORDER BY SurfaceArea DESC LIMIT 1",False,False,False,"['country', 'countries']",cross-encoder
"Wie hoch ist die durchschnittliche Lebenserwartung in den Ländern, in denen Englisch nicht die offizielle Sprache ist?","SELECT avg(LifeExpectancy) FROM country WHERE Name NOT IN (SELECT T1.Name FROM country AS T1 JOIN countrylanguage AS T2 ON T1.Code  =  T2.CountryCode WHERE T2.Language  =  ""English"" AND T2.IsOfficial  =  ""T"")",False,False,False,"['country', 'countries', 'language']",cross-encoder
"Geben Sie die durchschnittliche Lebenserwartung in den Ländern an, in denen Englisch nicht die offizielle Sprache ist.","SELECT avg(LifeExpectancy) FROM country WHERE Name NOT IN (SELECT T1.Name FROM country AS T1 JOIN countrylanguage AS T2 ON T1.Code  =  T2.CountryCode WHERE T2.Language  =  ""English"" AND T2.IsOfficial  =  ""T"")",False,False,False,"['country', 'countries', 'language']",cross-encoder
"Wie hoch ist die Gesamtzahl der Menschen, die in den Ländern leben, in denen Englisch nicht die offizielle Sprache ist?","SELECT sum(Population) FROM country WHERE Name NOT IN (SELECT T1.Name FROM country AS T1 JOIN countrylanguage AS T2 ON T1.Code  =  T2.CountryCode WHERE T2.Language  =  ""English"")",False,False,False,"['country', 'countries', 'Lives_in', 'language']",cross-encoder
"Wie viele Menschen leben in den Ländern, die kein Englisch sprechen?","SELECT sum(Population) FROM country WHERE Name NOT IN (SELECT T1.Name FROM country AS T1 JOIN countrylanguage AS T2 ON T1.Code  =  T2.CountryCode WHERE T2.Language  =  ""English"")",False,False,False,"['Lives_in', 'country', 'countries']",cross-encoder
"Was ist die offizielle Sprache, die in dem Land gesprochen wird, dessen Staatsoberhaupt Beatrix ist?","SELECT T2.Language FROM country AS T1 JOIN countrylanguage AS T2 ON T1.Code  =  T2.CountryCode WHERE T1.HeadOfState  =  ""Beatrix"" AND T2.IsOfficial  =  ""T""",False,False,False,"['language', 'country', 'countries']",cross-encoder
"Was ist die offizielle Sprache, die in dem Land gesprochen wird, dessen Staatsoberhaupt Beatrix ist?","SELECT T2.Language FROM country AS T1 JOIN countrylanguage AS T2 ON T1.Code  =  T2.CountryCode WHERE T1.HeadOfState  =  ""Beatrix"" AND T2.IsOfficial  =  ""T""",False,False,False,"['language', 'country', 'countries']",cross-encoder
"Wie hoch ist die Gesamtzahl der einzigartigen offiziellen Sprachen, die in den Ländern gesprochen werden, die vor 1930 gegründet wurden?","SELECT count(DISTINCT T2.Language) FROM country AS T1 JOIN countrylanguage AS T2 ON T1.Code  =  T2.CountryCode WHERE  IndepYear  <  1930 AND T2.IsOfficial  =  ""T""",False,False,False,"['language', 'country', 'countries']",cross-encoder
"Wie hoch ist die Gesamtzahl der einzelnen offiziellen Sprachen in den Ländern, die vor 1930 gegründet wurden?","SELECT count(DISTINCT T2.Language) FROM country AS T1 JOIN countrylanguage AS T2 ON T1.Code  =  T2.CountryCode WHERE  IndepYear  <  1930 AND T2.IsOfficial  =  ""T""",False,False,False,"['language', 'country', 'countries']",cross-encoder
"Welches sind die Länder, die eine größere Fläche als jedes andere Land in Europa haben?","SELECT Name FROM country WHERE SurfaceArea  >  (SELECT min(SurfaceArea) FROM country WHERE Continent  =  ""Europe"")",False,False,False,"['country', 'countries', 'country', 'countries']",cross-encoder
Welche Länder haben eine größere Fläche als jedes andere Land in Europa?,"SELECT Name FROM country WHERE SurfaceArea  >  (SELECT min(SurfaceArea) FROM country WHERE Continent  =  ""Europe"")",False,False,False,"['country', 'countries', 'country', 'countries']",cross-encoder
"Welches sind die afrikanischen Länder, die eine geringere Bevölkerung haben als jedes andere Land in Asien?","SELECT Name FROM country WHERE Continent  =  ""Africa""  AND population  <  (SELECT max(population) FROM country WHERE Continent  =  ""Asia"")",False,False,False,"['country', 'countries', 'country', 'countries']",cross-encoder
Welche afrikanischen Länder haben eine geringere Bevölkerung als jedes andere Land in Asien?,"SELECT Name FROM country WHERE Continent  =  ""Africa""  AND population  <  (SELECT min(population) FROM country WHERE Continent  =  ""Asia"")",False,False,False,"['country', 'countries', 'country', 'countries']",cross-encoder
"Welche asiatischen Länder haben eine Bevölkerung, die größer als die jedes Landes in Afrika ist?","SELECT Name FROM country WHERE Continent  =  ""Asia""  AND population  >  (SELECT max(population) FROM country WHERE Continent  =  ""Africa"")",False,False,False,"['country', 'countries', 'country', 'countries']",cross-encoder
"Welches sind die asiatischen Länder, deren Bevölkerung größer als die jedes anderen Landes in Afrika ist?","SELECT Name FROM country WHERE Continent  =  ""Asia""  AND population  >  (SELECT min(population) FROM country WHERE Continent  =  ""Africa"")",False,False,False,"['country', 'countries', 'country', 'countries']",cross-encoder
"Wie lauten die Ländercodes für Länder, die kein Englisch sprechen?","SELECT CountryCode FROM countrylanguage EXCEPT SELECT CountryCode FROM countrylanguage WHERE LANGUAGE  =  ""English""",False,False,False,"['country', 'countries']",cross-encoder
"Geben Sie die Ländercodes für Länder, die kein Englisch sprechen, zurück.","SELECT CountryCode FROM countrylanguage EXCEPT SELECT CountryCode FROM countrylanguage WHERE LANGUAGE  =  ""English""",False,False,False,"['country', 'countries']",cross-encoder
"Wie lauten die Ländercodes von Ländern, in denen andere Sprachen als Englisch gesprochen werden?","SELECT DISTINCT CountryCode FROM countrylanguage WHERE LANGUAGE != ""English""",False,False,False,"['country', 'countries', 'language']",cross-encoder
"Geben Sie die Ländercodes von Ländern an, in denen Menschen Sprachen sprechen, die nicht Englisch sind.","SELECT DISTINCT CountryCode FROM countrylanguage WHERE LANGUAGE != ""English""",False,False,False,"['country', 'countries', 'language']",cross-encoder
"Wie lauten die Ländercodes der Länder, in denen kein Englisch gesprochen wird und deren Regierungsformen nicht Republik sind?","SELECT Code FROM country WHERE GovernmentForm != ""Republic"" EXCEPT SELECT CountryCode FROM countrylanguage WHERE LANGUAGE  =  ""English""",False,False,False,"['country', 'countries']",cross-encoder
"Geben Sie die Ländercodes der Länder an, in denen kein Englisch gesprochen wird und deren Regierungsformen nicht Republik sind.","SELECT Code FROM country WHERE GovernmentForm != ""Republic"" EXCEPT SELECT CountryCode FROM countrylanguage WHERE LANGUAGE  =  ""English""",False,False,False,"['country', 'countries']",cross-encoder
"Welche Städte liegen in europäischen Ländern, in denen Englisch nicht die offizielle Sprache ist?",SELECT DISTINCT T2.Name FROM country AS T1 JOIN city AS T2 ON T2.CountryCode  =  T1.Code WHERE T1.Continent  =  'Europe' AND T1.Name NOT IN (SELECT T3.Name FROM country AS T3 JOIN countrylanguage AS T4 ON T3.Code  =  T4.CountryCode WHERE T4.IsOfficial  =  'T' AND T4.Language  =  'English'),False,False,False,"['city', 'country', 'countries', 'language']",cross-encoder
"Wie lauten die Namen der Städte in Europa, für die Englisch nicht die offizielle Sprache ist?",SELECT DISTINCT T2.Name FROM country AS T1 JOIN city AS T2 ON T2.CountryCode  =  T1.Code WHERE T1.Continent  =  'Europe' AND T1.Name NOT IN (SELECT T3.Name FROM country AS T3 JOIN countrylanguage AS T4 ON T3.Code  =  T4.CountryCode WHERE T4.IsOfficial  =  'T' AND T4.Language  =  'English'),True,False,False,"['city', 'language']",cross-encoder
"Welche einzigartigen Städte gibt es in asiatischen Ländern, in denen Chinesisch die offizielle Sprache ist?","select distinct t3.name from country as t1 join countrylanguage as t2 on t1.code  =  t2.countrycode join city as t3 on t1.code  =  t3.countrycode where t2.isofficial  =  't' and t2.language  =  'chinese' and t1.continent  =  ""asia""",False,False,False,"['city', 'country', 'countries', 'language']",cross-encoder
"Geben Sie die verschiedenen Namen von Städten in Asien zurück, für die Chinesisch die offizielle Sprache ist.","SELECT DISTINCT T3.Name FROM country AS T1 JOIN countrylanguage AS T2 ON T1.Code  =  T2.CountryCode JOIN city AS T3 ON T1.Code  =  T3.CountryCode WHERE T2.IsOfficial  =  'T' AND T2.Language  =  'Chinese' AND T1.Continent  =  ""Asia""",True,False,False,"['city', 'language']",cross-encoder
"Wie lauten der Name, das Unabhängigkeitsjahr und die Fläche des Landes mit der kleinsten Bevölkerung ?","SELECT Name ,  SurfaceArea ,  IndepYear FROM country ORDER BY Population LIMIT 1",False,False,False,"['country', 'countries']",cross-encoder
"Geben Sie den Namen, das Jahr der Unabhängigkeit und die Fläche des Landes mit der geringsten Bevölkerung an.","SELECT Name ,  SurfaceArea ,  IndepYear FROM country ORDER BY Population LIMIT 1",False,False,False,"['country', 'countries']",cross-encoder
"Wie lauten Bevölkerung, Name und Führer des Landes mit der größten Fläche?","SELECT Name ,  population ,  HeadOfState FROM country ORDER BY SurfaceArea DESC LIMIT 1",False,False,False,"['country', 'countries']",cross-encoder
"Geben Sie den Namen, die Bevölkerung und das Staatsoberhaupt des Landes mit der größten Fläche an.","SELECT Name ,  population ,  HeadOfState FROM country ORDER BY SurfaceArea DESC LIMIT 1",False,False,False,"['country', 'countries']",cross-encoder
"Geben Sie den Namen des Landes und die Anzahl der gesprochenen Sprachen für jedes Land an, das mindestens 3 Sprachen spricht.","SELECT COUNT(T2.Language) ,  T1.Name FROM country AS T1 JOIN countrylanguage AS T2 ON T1.Code  =  T2.CountryCode GROUP BY T1.Name HAVING COUNT(*)  >  2",False,False,False,"['country', 'countries', 'language', 'country', 'countries', 'language']",cross-encoder
"Wie lauten die Namen der Länder, die mehr als 2 Sprachen sprechen, sowie die Anzahl der Sprachen, die sie sprechen?","SELECT COUNT(T2.Language) ,  T1.Name FROM country AS T1 JOIN countrylanguage AS T2 ON T1.Code  =  T2.CountryCode GROUP BY T1.Name HAVING COUNT(*)  >  2",False,False,False,"['country', 'countries', 'language', 'language']",cross-encoder
"Ermitteln Sie die Anzahl der Städte in jedem Bezirk, deren Bevölkerung größer ist als die durchschnittliche Einwohnerzahl der Städte?","SELECT count(*) ,  District FROM city WHERE Population  >  (SELECT avg(Population) FROM city) GROUP BY District",True,False,False,"['city', 'district', 'city']",cross-encoder
"Wie viele Städte in jedem Bezirk haben eine Bevölkerung, die über der durchschnittlichen Bevölkerung aller Städte liegt?","SELECT count(*) ,  District FROM city WHERE Population  >  (SELECT avg(Population) FROM city) GROUP BY District",True,False,False,"['city', 'district', 'city']",cross-encoder
"Finden Sie die durchschnittliche Lebenserwartung und die Gesamtbevölkerung für jeden Kontinent, dessen durchschnittliche Lebenserwartung weniger als 72 Jahre beträgt.","SELECT sum(Population) ,  avg(LifeExpectancy) ,  Continent FROM country GROUP BY Continent HAVING avg(LifeExpectancy)  <  72",False,False,False,['continents'],cross-encoder
"Welches sind die verschiedenen Kontinente und die entsprechende Gesamtbevölkerung und durchschnittliche Lebenserwartung für Kontinente, die eine durchschnittliche Lebenserwartung von weniger als 72 Jahren haben?","SELECT sum(Population) ,  avg(LifeExpectancy) ,  Continent FROM country GROUP BY Continent HAVING avg(LifeExpectancy)  <  72",False,False,False,"['continents', 'continents']",cross-encoder
Wie lauten die Namen und Gebiete der Länder mit den 5 größten Gebieten?,"SELECT Name ,  SurfaceArea FROM country ORDER BY SurfaceArea DESC LIMIT 5",False,False,False,"['country', 'countries']",cross-encoder
Geben Sie die Namen und Flächen der 5 größten Länder zurück.,"SELECT Name ,  SurfaceArea FROM country ORDER BY SurfaceArea DESC LIMIT 5",False,False,False,"['country', 'countries']",cross-encoder
Wie lauten die Namen der Länder mit den 3 bevölkerungsreichsten Ländern?,SELECT Name FROM country ORDER BY Population DESC LIMIT 3,False,False,False,"['country', 'countries', 'country', 'countries']",cross-encoder
Geben Sie die Namen der 3 bevölkerungsreichsten Länder zurück.,SELECT Name FROM country ORDER BY Population DESC LIMIT 3,False,False,False,"['country', 'countries']",cross-encoder
Geben Sie die Namen der 3 Länder mit den wenigsten Einwohnern zurück.,SELECT Name FROM country ORDER BY Population ASC LIMIT 3,False,False,False,"['country', 'countries']",cross-encoder
Wie viele Länder gibt es in Asien?,"SELECT count(*) FROM country WHERE continent  =  ""Asia""",False,False,False,"['country', 'countries']",cross-encoder
Zählen Sie die Anzahl der Länder in Asien.,"SELECT count(*) FROM country WHERE continent  =  ""Asia""",False,False,False,"['country', 'countries']",cross-encoder
"Wie lauten die Namen der Länder, die auf dem europäischen Kontinent liegen und eine Bevölkerung von 80000 Menschen haben?","SELECT Name FROM country WHERE continent  =  ""Europe"" AND Population  =  ""80000""",False,False,False,"['country', 'countries', 'continents']",cross-encoder
"Nennen Sie die Namen der Länder, die sich auf dem europäischen Kontinent befinden und eine Bevölkerung von 80000 Einwohnern haben.","SELECT Name FROM country WHERE continent  =  ""Europe"" AND Population  =  ""80000""",False,False,False,"['country', 'countries', 'continents']",cross-encoder
"Wie hoch ist die Gesamtbevölkerung und die durchschnittliche Fläche der Länder auf dem nordamerikanischen Kontinent, deren Fläche größer als 3000 ist?","select sum(population) ,  avg(surfacearea) from country where continent  =  ""north america"" and surfacearea  >  3000",False,False,False,"['country', 'countries', 'continents']",cross-encoder
"Geben Sie die Gesamtbevölkerung und die durchschnittliche Fläche der Länder Nordamerikas an, die eine Fläche von mehr als 3000 Einwohnern haben.","select sum(population) ,  avg(surfacearea) from country where continent  =  ""north america"" and surfacearea  >  3000",False,False,False,"['country', 'countries']",cross-encoder
"Welches sind die Städte, deren Einwohnerzahl zwischen 160000 und 900000 liegt?",SELECT name FROM city WHERE Population BETWEEN 160000 AND 900000,True,False,False,['city'],cross-encoder
"Geben Sie die Namen der Städte an, die zwischen 160000 und 900000 Einwohner haben.",select name from city where population between 160000 and 900000,True,False,False,['city'],cross-encoder
Welche Sprache wird von der größten Anzahl von Ländern gesprochen?,SELECT LANGUAGE FROM countrylanguage GROUP BY LANGUAGE ORDER BY count(*) DESC LIMIT 1,False,False,False,"['language', 'country', 'countries']",cross-encoder
"Geben Sie die Sprache an, die in den meisten Ländern gesprochen wird.",SELECT LANGUAGE FROM countrylanguage GROUP BY LANGUAGE ORDER BY count(*) DESC LIMIT 1,False,False,False,"['language', 'country', 'countries']",cross-encoder
"Welches ist die Sprache, die in jedem Land vom größten Prozentsatz der Bevölkerung gesprochen wird?","SELECT LANGUAGE ,  CountryCode ,  max(Percentage) FROM countrylanguage GROUP BY CountryCode",False,False,False,"['language', 'country', 'countries']",cross-encoder
"Wie lauten die Ländercodes der verschiedenen Länder, und welche Sprachen werden in jedem Land vom größten Prozentsatz der Menschen gesprochen?","SELECT LANGUAGE ,  CountryCode ,  max(Percentage) FROM countrylanguage GROUP BY CountryCode",False,False,False,"['country', 'countries', 'language', 'country', 'countries']",cross-encoder
"Wie hoch ist die Gesamtzahl der Länder, in denen Spanisch vom größten Prozentsatz der Menschen gesprochen wird?","SELECT count(*) ,   max(Percentage) FROM countrylanguage WHERE LANGUAGE  =  ""Spanish"" GROUP BY CountryCode",False,False,False,"['country', 'countries']",cross-encoder
"Zählen Sie die Anzahl der Länder, in denen Spanisch die am meisten gesprochene Sprache ist.","SELECT count(*) ,   max(Percentage) FROM countrylanguage WHERE LANGUAGE  =  ""Spanish"" GROUP BY CountryCode",False,False,False,"['country', 'countries', 'language']",cross-encoder
"Wie lauten die Codes der Länder, in denen Spanisch vom größten Prozentsatz der Menschen gesprochen wird?","SELECT CountryCode ,  max(Percentage) FROM countrylanguage WHERE LANGUAGE  =  ""Spanish"" GROUP BY CountryCode",False,False,False,"['country', 'countries']",cross-encoder
"Geben Sie die Codes der Länder zurück, in denen Spanisch die am meisten gesprochene Sprache ist.","SELECT CountryCode ,  max(Percentage) FROM countrylanguage WHERE LANGUAGE  =  ""Spanish"" GROUP BY CountryCode",False,False,False,"['country', 'countries', 'language']",cross-encoder
Wie viele Dirigenten gibt es?,SELECT count(*) FROM conductor,True,False,False,['conductor'],cross-encoder
Zählen Sie die Anzahl der Dirigenten.,SELECT count(*) FROM conductor,True,False,False,['conductor'],cross-encoder
Geben Sie die Namen der Dirigenten in aufsteigender Reihenfolge ihres Alters an.,SELECT Name FROM conductor ORDER BY Age ASC,True,False,False,['conductor'],cross-encoder
Wie lauten die Namen der Dirigenten in aufsteigender Reihenfolge ihres Alters?,SELECT Name FROM conductor ORDER BY Age ASC,True,False,False,['conductor'],cross-encoder
"Wie lauten die Namen von Dirigenten, deren Nationalität nicht ""USA"" ist?",SELECT Name FROM conductor WHERE Nationality != 'USA',True,False,False,['conductor'],cross-encoder
"Geben Sie die Namen von Dirigenten zurück, die nicht die Nationalität ""USA"" haben.",SELECT Name FROM conductor WHERE Nationality != 'USA',True,False,False,['conductor'],cross-encoder
Wie lauten die Plattenfirmen von Orchestern in absteigender Reihenfolge der Gründungsjahre?,SELECT Record_Company FROM orchestra ORDER BY Year_of_Founded DESC,True,False,False,['orchestra'],cross-encoder
"Geben Sie die Plattenfirmen von Orchestern zurück, absteigend sortiert nach den Jahren ihrer Gründung.",SELECT Record_Company FROM orchestra ORDER BY Year_of_Founded DESC,True,False,False,['orchestra'],cross-encoder
Wie hoch ist die durchschnittliche Besucherzahl der Aufführungen?,SELECT avg(Attendance) FROM SHOW,False,False,False,['performance'],cross-encoder
Geben Sie die durchschnittliche Besucherzahl aller Aufführungen zurück.,SELECT avg(Attendance) FROM SHOW,False,False,False,['performance'],cross-encoder
"Wie hoch ist der maximale und minimale Anteil der Aufführungen, deren Art nicht ""Live-Finale"" ist.","SELECT max(SHARE) ,  min(SHARE) FROM performance WHERE TYPE != ""Live final""",True,False,False,['performance'],cross-encoder
"Geben Sie den maximalen und minimalen Anteil von Aufführungen zurück, die nicht den Typ ""Live-Finale"" haben.","SELECT max(SHARE) ,  min(SHARE) FROM performance WHERE TYPE != ""Live final""",True,False,False,['performance'],cross-encoder
Wie viele verschiedene Nationalitäten haben Dirigenten?,SELECT count(DISTINCT Nationality) FROM conductor,True,False,False,['conductor'],cross-encoder
Zählen Sie die Anzahl der verschiedenen Nationalitäten der Dirigenten.,SELECT count(DISTINCT Nationality) FROM conductor,True,False,False,['conductor'],cross-encoder
Führen Sie die Namen der Dirigenten in absteigender Reihenfolge der Arbeitsjahre auf.,SELECT Name FROM conductor ORDER BY Year_of_Work DESC,True,False,False,['conductor'],cross-encoder
"Wie lauten die Namen der Dirigenten, absteigend sortiert nach der Anzahl der Jahre, in denen sie gearbeitet haben?",SELECT Name FROM conductor ORDER BY Year_of_Work DESC,False,False,False,"['conductor', 'works_on']",cross-encoder
Führen Sie den Namen des Dirigenten mit den meisten Arbeitsjahren auf.,SELECT Name FROM conductor ORDER BY Year_of_Work DESC LIMIT 1,True,False,False,['conductor'],cross-encoder
"Wie lautet der Name des Dirigenten, der die meisten Jahre gearbeitet hat?",SELECT Name FROM conductor ORDER BY Year_of_Work DESC LIMIT 1,False,False,False,"['conductor', 'works_on']",cross-encoder
"Geben Sie die Namen der Dirigenten und der Orchester an, die sie dirigiert haben.","SELECT T1.Name ,  T2.Orchestra FROM conductor AS T1 JOIN orchestra AS T2 ON T1.Conductor_ID  =  T2.Conductor_ID",True,False,False,"['conductor', 'orchestra']",cross-encoder
"Wie lauten die Namen der Dirigenten sowie der entsprechenden Orchester, die sie dirigiert haben?","SELECT T1.Name ,  T2.Orchestra FROM conductor AS T1 JOIN orchestra AS T2 ON T1.Conductor_ID  =  T2.Conductor_ID",True,False,False,"['conductor', 'orchestra']",cross-encoder
"Zeigen Sie die Namen der Dirigenten an, die mehr als ein Orchester dirigiert haben.",SELECT T1.Name FROM conductor AS T1 JOIN orchestra AS T2 ON T1.Conductor_ID  =  T2.Conductor_ID GROUP BY T2.Conductor_ID HAVING COUNT(*)  >  1,True,False,False,"['conductor', 'orchestra']",cross-encoder
"Wie lauten die Namen von Dirigenten, die in mehr als einem Orchester dirigiert haben?",SELECT T1.Name FROM conductor AS T1 JOIN orchestra AS T2 ON T1.Conductor_ID  =  T2.Conductor_ID GROUP BY T2.Conductor_ID HAVING COUNT(*)  >  1,True,False,False,"['conductor', 'orchestra']",cross-encoder
"Zeigen Sie den Namen des Dirigenten an, der die meisten Orchester dirigiert hat.",SELECT T1.Name FROM conductor AS T1 JOIN orchestra AS T2 ON T1.Conductor_ID  =  T2.Conductor_ID GROUP BY T2.Conductor_ID ORDER BY COUNT(*) DESC LIMIT 1,True,False,False,"['conductor', 'orchestra']",cross-encoder
"Wie lautet der Name des Dirigenten, der die meisten Orchester dirigiert hat?",SELECT T1.Name FROM conductor AS T1 JOIN orchestra AS T2 ON T1.Conductor_ID  =  T2.Conductor_ID GROUP BY T2.Conductor_ID ORDER BY COUNT(*) DESC LIMIT 1,True,False,False,"['conductor', 'orchestra']",cross-encoder
"Bitte geben Sie den Namen des Dirigenten an, der nach 2008 gegründete Orchester dirigiert hat.",SELECT T1.Name FROM conductor AS T1 JOIN orchestra AS T2 ON T1.Conductor_ID  =  T2.Conductor_ID WHERE Year_of_Founded  >  2008,True,False,False,"['conductor', 'orchestra']",cross-encoder
"Wie lauten die Namen der Dirigenten, die nach dem Jahr 2008 gegründete Orchester dirigiert haben?",SELECT T1.Name FROM conductor AS T1 JOIN orchestra AS T2 ON T1.Conductor_ID  =  T2.Conductor_ID WHERE Year_of_Founded  >  2008,True,False,False,"['conductor', 'orchestra']",cross-encoder
Bitte geben Sie die verschiedenen Plattenfirmen und die entsprechende Anzahl von Orchestern an.,"SELECT Record_Company ,  COUNT(*) FROM orchestra GROUP BY Record_Company",True,False,False,['orchestra'],cross-encoder
Wie viele Orchester verwaltet jede Plattenfirma?,"SELECT Record_Company ,  COUNT(*) FROM orchestra GROUP BY Record_Company",True,False,False,['orchestra'],cross-encoder
Bitte zeigen Sie die Plattenformate von Orchestern in aufsteigender Reihenfolge der Zählung an.,SELECT Major_Record_Format FROM orchestra GROUP BY Major_Record_Format ORDER BY COUNT(*) ASC,False,False,False,"['orchestra', 'Payments', 'payment']",cross-encoder
"Welches sind die wichtigsten Plattenformate von Orchestern, sortiert nach ihrer Häufigkeit?",SELECT Major_Record_Format FROM orchestra GROUP BY Major_Record_Format ORDER BY COUNT(*) ASC,True,False,False,['orchestra'],cross-encoder
"Führen Sie die Plattenfirma auf, die von der größten Anzahl von Orchestern gemeinsam genutzt wird.",SELECT Record_Company FROM orchestra GROUP BY Record_Company ORDER BY COUNT(*) DESC LIMIT 1,True,False,False,['orchestra'],cross-encoder
"Welches ist die Plattenfirma, die von der größten Anzahl von Orchestern genutzt wird?",SELECT Record_Company FROM orchestra GROUP BY Record_Company ORDER BY COUNT(*) DESC LIMIT 1,True,False,False,['orchestra'],cross-encoder
"Nennen Sie die Namen der Orchester, die keine Aufführungen haben.",SELECT Orchestra FROM orchestra WHERE Orchestra_ID NOT IN (SELECT Orchestra_ID FROM performance),True,False,False,"['orchestra', 'performance']",cross-encoder
"Welches sind die Orchester, die keine Aufführungen haben?",SELECT Orchestra FROM orchestra WHERE Orchestra_ID NOT IN (SELECT Orchestra_ID FROM performance),True,False,False,"['orchestra', 'performance']",cross-encoder
"Geben Sie die Plattenfirmen an, die sich die vor 2003 und nach 2003 gegründeten Orchester teilen.",SELECT Record_Company FROM orchestra WHERE Year_of_Founded  <  2003 INTERSECT SELECT Record_Company FROM orchestra WHERE Year_of_Founded  >  2003,True,False,False,['orchestra'],cross-encoder
"Welches sind die Plattenfirmen, die sowohl von den vor 2003 gegründeten Orchestern als auch von den nach 2003 gegründeten Orchestern genutzt werden?",SELECT Record_Company FROM orchestra WHERE Year_of_Founded  <  2003 INTERSECT SELECT Record_Company FROM orchestra WHERE Year_of_Founded  >  2003,True,False,False,"['orchestra', 'orchestra']",cross-encoder
"Finden Sie die Anzahl der Orchester, deren Plattenformat ""CD"" oder ""DVD"" ist.","SELECT COUNT(*) FROM orchestra WHERE Major_Record_Format  =  ""CD"" OR Major_Record_Format  =  ""DVD""",True,False,False,['orchestra'],cross-encoder
"Zählen Sie die Anzahl der Orchester, deren Plattenformat ""CD"" oder ""DVD"" ist.","SELECT COUNT(*) FROM orchestra WHERE Major_Record_Format  =  ""CD"" OR Major_Record_Format  =  ""DVD""",True,False,False,['orchestra'],cross-encoder
"Zeigen Sie die Gründungsjahre von Orchestern an, die mehr als eine Aufführung gegeben haben.",SELECT Year_of_Founded FROM orchestra AS T1 JOIN performance AS T2 ON T1.Orchestra_ID  =  T2.Orchestra_ID GROUP BY T2.Orchestra_ID HAVING COUNT(*)  >  1,True,False,False,"['orchestra', 'performance']",cross-encoder
"Was sind Gründungsjahre für Orchester, die mehr als eine Aufführung gegeben haben?",SELECT Year_of_Founded FROM orchestra AS T1 JOIN performance AS T2 ON T1.Orchestra_ID  =  T2.Orchestra_ID GROUP BY T2.Orchestra_ID HAVING COUNT(*)  >  1,True,False,False,"['orchestra', 'performance']",cross-encoder
Wie viele Gymnasiasten gibt es?,SELECT count(*) FROM Highschooler,True,False,False,['Highschooler'],cross-encoder
Zählen Sie die Anzahl der Gymnasiasten.,SELECT count(*) FROM Highschooler,True,False,False,['Highschooler'],cross-encoder
Zeigen Sie die Namen und Klassen der einzelnen Gymnasiasten an.,"SELECT name ,  grade FROM Highschooler",False,False,False,"['CLASS', 'Highschooler']",cross-encoder
Wie lauten die Namen und die Klassen der einzelnen Gymnasiasten und Gymnasiastinnen?,"SELECT name ,  grade FROM Highschooler",False,False,False,"['CLASS', 'Highschooler']",cross-encoder
Zeigen Sie alle Klassen der Gymnasiasten an.,SELECT grade FROM Highschooler,False,False,False,"['CLASS', 'Highschooler']",cross-encoder
Wie sind die Klassen der einzelnen Gymnasiasten?,SELECT grade FROM Highschooler,False,False,False,"['CLASS', 'Highschooler']",cross-encoder
In welcher Klasse ist Kyle?,"SELECT grade FROM Highschooler WHERE name  =  ""Kyle""",False,False,False,['CLASS'],cross-encoder
Geben Sie die Klasse für den Gymnasiasten namens Kyle zurück.,"SELECT grade FROM Highschooler WHERE name  =  ""Kyle""",False,False,False,"['CLASS', 'Highschooler']",cross-encoder
Zeigen Sie die Namen aller Gymnasiasten in Klasse 10 an.,SELECT name FROM Highschooler WHERE grade  =  10,False,False,False,"['Highschooler', 'CLASS']",cross-encoder
Wie lauten die Namen aller Gymnasiasten in Klasse 10?,SELECT name FROM Highschooler WHERE grade  =  10,False,False,False,"['Highschooler', 'CLASS']",cross-encoder
Zeigen Sie die ID des Gymnasiasten namens Kyle an.,"SELECT ID FROM Highschooler WHERE name  =  ""Kyle""",True,False,False,['Highschooler'],cross-encoder
Wie viele Gymnasiasten gibt es in Klasse 9 oder 10?,SELECT count(*) FROM Highschooler WHERE grade  =  9 OR grade  =  10,False,False,False,"['Highschooler', 'CLASS']",cross-encoder
Zählen Sie die Anzahl der Gymnasiasten in den Klassen 9 oder 10.,SELECT count(*) FROM Highschooler WHERE grade  =  9 OR grade  =  10,False,False,False,"['Highschooler', 'CLASS']",cross-encoder
Zeigen Sie die Anzahl der Gymnasiasten für jede Klasse an.,"SELECT grade ,  count(*) FROM Highschooler GROUP BY grade",False,False,False,"['Highschooler', 'CLASS']",cross-encoder
Wie viele Gymnasiasten gibt es in jeder Klasse?,"SELECT grade ,  count(*) FROM Highschooler GROUP BY grade",False,False,False,"['Highschooler', 'CLASS']",cross-encoder
Welche Klasse hat die meisten Gymnasiasten?,SELECT grade FROM Highschooler GROUP BY grade ORDER BY count(*) DESC LIMIT 1,False,False,False,"['CLASS', 'Highschooler']",cross-encoder
Geben Sie die Klasse mit der höchsten Anzahl von Gymnasiasten an.,SELECT grade FROM Highschooler GROUP BY grade ORDER BY count(*) DESC LIMIT 1,False,False,False,"['CLASS', 'Highschooler']",cross-encoder
"Zeigen Sie mir alle Klassen, die mindestens 4 Schüler haben.",SELECT grade FROM Highschooler GROUP BY grade HAVING count(*)  >=  4,False,False,False,"['CLASS', 'school']",cross-encoder
In welchen Klassen gibt es 4 oder mehr Gymnasiasten?,SELECT grade FROM Highschooler GROUP BY grade HAVING count(*)  >=  4,False,False,False,"['CLASS', 'Highschooler']",cross-encoder
Zeigen Sie die entsprechenden IDs der Schüler und die Anzahl ihrer Freunde.,"SELECT student_id ,  count(*) FROM Friend GROUP BY student_id",False,False,False,"['school', 'Friend']",cross-encoder
Wie viele Freunde hat jeder Schüler?,"SELECT student_id ,  count(*) FROM Friend GROUP BY student_id",False,False,False,"['Friend', 'school']",cross-encoder
Zeigen Sie die Namen der Gymnasiasten und die entsprechende Anzahl ihrer Freunde.,"SELECT T2.name ,  count(*) FROM Friend AS T1 JOIN Highschooler AS T2 ON T1.student_id  =  T2.id GROUP BY T1.student_id",True,False,False,"['Highschooler', 'Friend']",cross-encoder
Wie lauten die Namen der Gymnasiasten und wie viele Freunde hat jeder von ihnen?,"SELECT T2.name ,  count(*) FROM Friend AS T1 JOIN Highschooler AS T2 ON T1.student_id  =  T2.id GROUP BY T1.student_id",True,False,False,"['Highschooler', 'Friend']",cross-encoder
"Wie lautet der Name des Gymnasiasten, der die meisten Freunde hat?",SELECT T2.name FROM Friend AS T1 JOIN Highschooler AS T2 ON T1.student_id  =  T2.id GROUP BY T1.student_id ORDER BY count(*) DESC LIMIT 1,True,False,False,"['Highschooler', 'Friend']",cross-encoder
Geben Sie den Namen des Gymnasiasten mit den meisten Freunden zurück.,SELECT T2.name FROM Friend AS T1 JOIN Highschooler AS T2 ON T1.student_id  =  T2.id GROUP BY T1.student_id ORDER BY count(*) DESC LIMIT 1,True,False,False,"['Highschooler', 'Friend']",cross-encoder
"Zeigen Sie die Namen der Gymnasiasten, die mindestens 3 Freunde haben.",SELECT T2.name FROM Friend AS T1 JOIN Highschooler AS T2 ON T1.student_id  =  T2.id GROUP BY T1.student_id HAVING count(*)  >=  3,True,False,False,"['Highschooler', 'Friend']",cross-encoder
"Wie lauten die Namen der Gymnasiasten, die 3 oder mehr Freunde haben?",SELECT T2.name FROM Friend AS T1 JOIN Highschooler AS T2 ON T1.student_id  =  T2.id GROUP BY T1.student_id HAVING count(*)  >=  3,True,False,False,"['Highschooler', 'Friend']",cross-encoder
Zeigen Sie die Namen aller Freunde des Gymnasiasten Kyle.,"SELECT T3.name FROM Friend AS T1 JOIN Highschooler AS T2 ON T1.student_id  =  T2.id JOIN Highschooler AS T3 ON T1.friend_id  =  T3.id WHERE T2.name  =  ""Kyle""",True,False,False,"['Friend', 'Highschooler']",cross-encoder
Geben Sie die Namen der Freunde des Schülers Kyle aus dem Gymnasium zurück.,"SELECT T3.name FROM Friend AS T1 JOIN Highschooler AS T2 ON T1.student_id  =  T2.id JOIN Highschooler AS T3 ON T1.friend_id  =  T3.id WHERE T2.name  =  ""Kyle""",True,False,False,"['Friend', 'school']",cross-encoder
Wie viele Freunde hat des Gymnasiasten Kyle?,"SELECT count(*) FROM Friend AS T1 JOIN Highschooler AS T2 ON T1.student_id  =  T2.id WHERE T2.name  =  ""Kyle""",True,False,False,"['Friend', 'Highschooler']",cross-encoder
"Zählen Sie die Anzahl der Freunde, die Kyle hat.","SELECT count(*) FROM Friend AS T1 JOIN Highschooler AS T2 ON T1.student_id  =  T2.id WHERE T2.name  =  ""Kyle""",True,False,False,['Friend'],cross-encoder
"Zeigen Sie die IDs aller Schüler an, die keine Freunde haben.",SELECT id FROM Highschooler EXCEPT SELECT student_id FROM Friend,True,False,False,"['school', 'Friend']",cross-encoder
"Wie lauten die IDs von Schülern, die keine Freunde haben?",SELECT id FROM Highschooler EXCEPT SELECT student_id FROM Friend,True,False,False,"['school', 'Friend']",cross-encoder
"Zeigen Sie die Namen aller Schüler des Gymnasiums, die keine Freunde haben.",SELECT name FROM Highschooler EXCEPT SELECT T2.name FROM Friend AS T1 JOIN Highschooler AS T2 ON T1.student_id  =  T2.id,True,False,False,"['school', 'Friend']",cross-encoder
"Wie lauten die Namen der Schüler, die keine Freunde haben?",SELECT name FROM Highschooler EXCEPT SELECT T2.name FROM Friend AS T1 JOIN Highschooler AS T2 ON T1.student_id  =  T2.id,True,False,False,"['school', 'Friend']",cross-encoder
"Zeigen Sie die IDs von Gymnasiasten, die Freunde haben und auch von jemand anderem gemocht werden.",SELECT student_id FROM Friend INTERSECT SELECT liked_id FROM Likes,False,False,False,"['Highschooler', 'Friend']",cross-encoder
"Wie lauten die IDs von Studierenden, die sowohl Freunde haben als auch gemocht werden?",SELECT student_id FROM Friend INTERSECT SELECT liked_id FROM Likes,True,False,False,['Friend'],cross-encoder
"Zeigen Sie die Namen aller Studierenden an, die einige Freunde haben und auch von jemand anderem gemocht werden.",SELECT T2.name FROM Friend AS T1 JOIN Highschooler AS T2 ON T1.student_id  =  T2.id INTERSECT SELECT T2.name FROM Likes AS T1 JOIN Highschooler AS T2 ON T1.liked_id  =  T2.id,True,False,False,['Friend'],cross-encoder
"Wie lauten die Namen von Gymnasiasten, die sowohl Freunde haben als auch gemocht werden?",SELECT T2.name FROM Friend AS T1 JOIN Highschooler AS T2 ON T1.student_id  =  T2.id INTERSECT SELECT T2.name FROM Likes AS T1 JOIN Highschooler AS T2 ON T1.liked_id  =  T2.id,True,False,False,"['Highschooler', 'Friend']",cross-encoder
"Zeigen Sie die Namen der Gymnasiasten, die Vorlieben haben, und die Anzahl der Vorlieben für jede.","SELECT T2.name ,  count(*) FROM Likes AS T1 JOIN Highschooler AS T2 ON T1.student_id  =  T2.id GROUP BY T1.student_id",True,False,False,['Highschooler'],cross-encoder
"Was sind die Namen der Gymnasiasten, die Vorlieben haben, und wie viele Vorlieben hat jeder von ihnen?","SELECT T2.name ,  count(*) FROM Likes AS T1 JOIN Highschooler AS T2 ON T1.student_id  =  T2.id GROUP BY T1.student_id",True,False,False,['Highschooler'],cross-encoder
"Wie lautet der Name des Gymnasiasten, der die meisten Vorlieben hat?",SELECT T2.name FROM Likes AS T1 JOIN Highschooler AS T2 ON T1.student_id  =  T2.id GROUP BY T1.student_id ORDER BY count(*) DESC LIMIT 1,True,False,False,['Highschooler'],cross-encoder
Geben Sie den Namen des Schülers/der Schülerin mit den meisten Vorlieben an.,SELECT T2.name FROM Likes AS T1 JOIN Highschooler AS T2 ON T1.student_id  =  T2.id GROUP BY T1.student_id ORDER BY count(*) DESC LIMIT 1,True,False,False,['school'],cross-encoder
"Wie lauten die Namen der Schülerinnen und Schüler, die 2 oder mehr Vorlieben haben?",SELECT T2.name FROM Likes AS T1 JOIN Highschooler AS T2 ON T1.student_id  =  T2.id GROUP BY T1.student_id HAVING count(*)  >=  2,True,False,False,['school'],cross-encoder
"Zeigen Sie die Namen der Schülerinnen und Schüler, die eine höhere Note als 5 haben und mindestens 2 Freunde haben.",SELECT T2.name FROM Friend AS T1 JOIN Highschooler AS T2 ON T1.student_id  =  T2.id WHERE T2.grade  >  5 GROUP BY T1.student_id HAVING count(*)  >=  2,True,False,False,"['school', 'Friend']",cross-encoder
"Wie lauten die Namen von Gymnasiasten, die eine Klasse über 5 haben, und zwei oder mehr Freunde haben?",SELECT T2.name FROM Friend AS T1 JOIN Highschooler AS T2 ON T1.student_id  =  T2.id WHERE T2.grade  >  5 GROUP BY T1.student_id HAVING count(*)  >=  2,False,False,False,"['Highschooler', 'CLASS', 'Friend']",cross-encoder
"Geben Sie die Anzahl der Vorlieben zurück, die der Gymnasiast mit dem Namen Kyle hat.","SELECT count(*) FROM Likes AS T1 JOIN Highschooler AS T2 ON T1.student_id  =  T2.id WHERE T2.name  =  ""Kyle""",True,False,False,['Highschooler'],cross-encoder
"Ermitteln Sie die Durchschnittsnote aller Schülerinnen und Schüler, die einige Freunde haben.",SELECT avg(grade) FROM Highschooler WHERE id IN (SELECT T1.student_id FROM Friend AS T1 JOIN Highschooler AS T2 ON T1.student_id  =  T2.id),True,False,False,"['school', 'Friend']",cross-encoder
"Wie ist die Durchschnittsnote der Schülerinnen und Schüler, die Freunde haben?",SELECT avg(grade) FROM Highschooler WHERE id IN (SELECT T1.student_id FROM Friend AS T1 JOIN Highschooler AS T2 ON T1.student_id  =  T2.id),True,False,False,"['school', 'Friend']",cross-encoder
"Finden Sie die Mindestnote der Schülerinnen und Schüler, die keine Freunde haben.",SELECT min(grade) FROM Highschooler WHERE id NOT IN (SELECT T1.student_id FROM Friend AS T1 JOIN Highschooler AS T2 ON T1.student_id  =  T2.id),True,False,False,"['school', 'Friend']",cross-encoder
"Was ist die niedrigste Note der Schülerinnen und Schüler, die keine Freunde haben?",SELECT min(grade) FROM Highschooler WHERE id NOT IN (SELECT T1.student_id FROM Friend AS T1 JOIN Highschooler AS T2 ON T1.student_id  =  T2.id),False,False,False,"['highlow', 'school', 'Friend']",cross-encoder
In welchen Bundsstaaten leben sowohl Besitzer als auch Fachleute?,SELECT state FROM Owners INTERSECT SELECT state FROM Professionals,False,False,False,"['Lives_in', 'Owners']",cross-encoder
"Finden Sie die Bundesstaaten, in denen sowohl Besitzer als auch Fachleute wohnen.",SELECT state FROM Owners INTERSECT SELECT state FROM Professionals,True,False,False,['Owners'],cross-encoder
"Wie ist das Durchschnittsalter der Hunde, die einer Behandlung unterzogen wurden?",SELECT avg(age) FROM Dogs WHERE dog_id IN ( SELECT dog_id FROM Treatments ),False,False,False,"['Treatments', 'Treatment_Types', 'Undergoes']",cross-encoder
"Welche Fachleute leben im Bundesstaat Indiana oder haben mehr als 2 Behandlungen hinter sich? Geben Sie seine ID, seinen Nachnamen und sein Mobiltelefon an.","SELECT professional_id ,  last_name ,  cell_number FROM Professionals WHERE state  =  'Indiana' UNION SELECT T1.professional_id ,  T1.last_name ,  T1.cell_number FROM Professionals AS T1 JOIN Treatments AS T2 ON T1.professional_id  =  T2.professional_id GROUP BY T1.professional_id HAVING count(*)  >  2",False,False,False,"['Lives_in', 'Treatments', 'Treatment_Types', 'Undergoes']",cross-encoder
"Finden Sie ID, Nachname und Mobiltelefon der Fachleute, die im Bundesstaat Indiana leben oder mehr als zwei Behandlungen durchgeführt haben.","SELECT professional_id ,  last_name ,  cell_number FROM Professionals WHERE state  =  'Indiana' UNION SELECT T1.professional_id ,  T1.last_name ,  T1.cell_number FROM Professionals AS T1 JOIN Treatments AS T2 ON T1.professional_id  =  T2.professional_id GROUP BY T1.professional_id HAVING count(*)  >  2",False,False,False,"['Lives_in', 'Treatments', 'Treatment_Types', 'Undergoes']",cross-encoder
Welche Hunde haben ihren Besitzer nicht mehr als 1000 für die Behandlung gekostet ? Listen Sie die Namen der Hunde auf.,select name from dogs where dog_id not in ( select dog_id from treatments group by dog_id having sum(cost_of_treatment)  >  1000 ),False,False,False,"['Dogs', 'Owners', 'Treatments', 'Treatment_Types', 'Undergoes', 'list', 'Dogs']",cross-encoder
"Wie lauten die Namen der Hunde, für die der Besitzer nicht mehr als 1000 für die Behandlung ausgegeben hat ?",select name from dogs where dog_id not in ( select dog_id from treatments group by dog_id having sum(cost_of_treatment)  >  1000 ),False,False,False,"['Owners', 'Treatments', 'Treatment_Types', 'Undergoes']",cross-encoder
"Welche Vornamen werden für Fachleute oder Besitzer verwendet, aber nicht als Hundenamen verwendet ?",SELECT first_name FROM Professionals UNION SELECT first_name FROM Owners EXCEPT SELECT name FROM Dogs,True,False,False,['Owners'],cross-encoder
"Finden Sie die Vornamen, die für Fachleute oder Besitzer verwendet werden, aber nicht als Hundenamen verwendet werden.",SELECT first_name FROM Professionals UNION SELECT first_name FROM Owners EXCEPT SELECT name FROM Dogs,True,False,False,['Owners'],cross-encoder
"Welcher Fachmann hat keine Behandlung bei Hunden durchgeführt? Führen Sie die ID, Rolle und E-Mail des Fachmanns auf.","SELECT professional_id ,  role_code ,  email_address FROM Professionals EXCEPT SELECT T1.professional_id ,  T1.role_code ,  T1.email_address FROM Professionals AS T1 JOIN Treatments AS T2 ON T1.professional_id  =  T2.professional_id",False,False,False,"['Treatments', 'Treatment_Types', 'Undergoes', 'Roles']",cross-encoder
"Geben Sie mir die ID, Rolle und E-Mail der Fachleute an, die keine Behandlung an Hunden durchgeführt haben.","SELECT professional_id ,  role_code ,  email_address FROM Professionals EXCEPT SELECT T1.professional_id ,  T1.role_code ,  T1.email_address FROM Professionals AS T1 JOIN Treatments AS T2 ON T1.professional_id  =  T2.professional_id",False,False,False,"['Roles', 'Treatments', 'Treatment_Types', 'Undergoes']",cross-encoder
"Geben Sie die ID, den Vornamen und den Nachnamen des Besitzers mit den meisten Hunden zurück.","SELECT T1.owner_id ,  T2.first_name ,  T2.last_name FROM Dogs AS T1 JOIN Owners AS T2 ON T1.owner_id  =  T2.owner_id GROUP BY T1.owner_id ORDER BY count(*) DESC LIMIT 1",True,False,False,['Owners'],cross-encoder
"Welche Fachleute haben mindestens zwei Behandlungen durchgeführt? Geben Sie die ID, die Rolle und den Vornamen des Fachmanns an.","SELECT T1.professional_id ,  T1.role_code ,  T1.first_name FROM Professionals AS T1 JOIN Treatments AS T2 ON T1.professional_id  =  T2.professional_id GROUP BY T1.professional_id HAVING count(*)  >=  2",False,False,False,"['Treatments', 'Treatment_Types', 'Undergoes', 'Roles']",cross-encoder
"Wie lauten ID, Rolle und Vorname der Fachleute, die zwei oder mehr Behandlungen durchgeführt haben?","SELECT T1.professional_id ,  T1.role_code ,  T1.first_name FROM Professionals AS T1 JOIN Treatments AS T2 ON T1.professional_id  =  T2.professional_id GROUP BY T1.professional_id HAVING count(*)  >=  2",False,False,False,"['Roles', 'Treatments', 'Treatment_Types', 'Undergoes']",cross-encoder
Welcher Besitzer hat für die meisten Behandlungen seiner Hunde bezahlt? Nennen Sie die Besitzer-ID und den Nachnamen.,"SELECT T1.owner_id ,  T1.last_name FROM Owners AS T1 JOIN Dogs AS T2 ON T1.owner_id  =  T2.owner_id JOIN Treatments AS T3 ON T2.dog_id  =  T3.dog_id GROUP BY T1.owner_id ORDER BY count(*) DESC LIMIT 1",False,False,False,"['Owners', 'Treatments', 'Treatment_Types', 'Undergoes', 'Dogs']",cross-encoder
"Nennen Sie mir die ID und den Nachnamen des Besitzers, der für die Behandlung seiner Hunde am meisten ausgegeben hat.","SELECT T1.owner_id ,  T1.last_name FROM Owners AS T1 JOIN Dogs AS T2 ON T1.owner_id  =  T2.owner_id JOIN Treatments AS T3 ON T2.dog_id  =  T3.dog_id GROUP BY T1.owner_id ORDER BY count(*) DESC LIMIT 1",False,False,False,"['Owners', 'Treatments', 'Treatment_Types', 'Undergoes', 'Dogs']",cross-encoder
"Wie lautet die Beschreibung der Behandlungsart, die insgesamt am wenigsten Geld kostet?",SELECT T1.treatment_type_description FROM Treatment_types AS T1 JOIN Treatments AS T2 ON T1.treatment_type_code  =  T2.treatment_type_code GROUP BY T1.treatment_type_code ORDER BY sum(cost_of_treatment) ASC LIMIT 1,False,False,False,"['Treatments', 'Treatment_Types', 'Undergoes']",cross-encoder
"Nennen Sie mir die Beschreibung der Behandlungsart, deren Gesamtkosten am niedrigsten sind.",SELECT T1.treatment_type_description FROM Treatment_types AS T1 JOIN Treatments AS T2 ON T1.treatment_type_code  =  T2.treatment_type_code GROUP BY T1.treatment_type_code ORDER BY sum(cost_of_treatment) ASC LIMIT 1,False,False,False,"['Treatments', 'Treatment_Types', 'Undergoes']",cross-encoder
Welcher Besitzer hat insgesamt am meisten Geld für seine Hunde bezahlt? Geben Sie die ID und Postleitzahl des Besitzers an.,"SELECT T1.owner_id ,  T1.zip_code FROM Owners AS T1 JOIN Dogs AS T2 ON T1.owner_id  =  T2.owner_id JOIN Treatments AS T3 ON T2.dog_id  =  T3.dog_id GROUP BY T1.owner_id ORDER BY sum(T3.cost_of_treatment) DESC LIMIT 1",True,False,False,"['Owners', 'Dogs', 'Owners']",cross-encoder
"Suchen Sie die ID und Postleitzahl des Besitzers, der insgesamt am meisten Geld für seine Hunde ausgegeben hat.","SELECT T1.owner_id ,  T1.zip_code FROM Owners AS T1 JOIN Dogs AS T2 ON T1.owner_id  =  T2.owner_id JOIN Treatments AS T3 ON T2.dog_id  =  T3.dog_id GROUP BY T1.owner_id ORDER BY sum(T3.cost_of_treatment) DESC LIMIT 1",True,False,False,"['Owners', 'Dogs']",cross-encoder
Welche Fachleute haben mindestens zwei Arten von Behandlungen durchgeführt? Geben Sie die ID und das Mobiltelefon des Fachmanns an.,"SELECT T1.professional_id ,  T1.cell_number FROM Professionals AS T1 JOIN Treatments AS T2 ON T1.professional_id  =  T2.professional_id GROUP BY T1.professional_id HAVING count(*)  >=  2",False,False,False,"['Treatments', 'Treatment_Types', 'Undergoes']",cross-encoder
"Finden Sie die ID und das Mobiltelefon des Fachmanns, der zwei oder mehr Arten von Behandlungen durchgeführt hat.","SELECT T1.professional_id ,  T1.cell_number FROM Professionals AS T1 JOIN Treatments AS T2 ON T1.professional_id  =  T2.professional_id GROUP BY T1.professional_id HAVING count(*)  >=  2",False,False,False,"['Treatments', 'Treatment_Types', 'Undergoes']",cross-encoder
"Wie lauten Vor- und Nachname der Fachleute, die Behandlungen mit unterdurchschnittlichen Kosten durchgeführt haben?","SELECT DISTINCT T1.first_name ,  T1.last_name FROM Professionals AS T1 JOIN Treatments AS T2 WHERE cost_of_treatment  <  ( SELECT avg(cost_of_treatment) FROM Treatments )",False,False,False,"['Treatments', 'Treatment_Types', 'Undergoes']",cross-encoder
"Welche Fachleute haben eine Behandlung durchgeführt, die weniger als der Durchschnitt kostet? Nennen Sie mir die Vor- und Nachnamen des Fachmanns.","SELECT DISTINCT T1.first_name ,  T1.last_name FROM Professionals AS T1 JOIN Treatments AS T2 WHERE cost_of_treatment  <  ( SELECT avg(cost_of_treatment) FROM Treatments )",False,False,False,"['Treatments', 'Treatment_Types', 'Undergoes']",cross-encoder
"Geben Sie das Datum jeder Behandlung an, zusammen mit dem Vornamen des Fachmanns, der die Behandlung durchgeführt hat.","SELECT T1.date_of_treatment ,  T2.first_name FROM Treatments AS T1 JOIN Professionals AS T2 ON T1.professional_id  =  T2.professional_id",False,False,False,"['Treatments', 'Treatment_Types', 'Undergoes', 'Treatments', 'Treatment_Types', 'Undergoes']",cross-encoder
Wie lauten das Datum und der Vorname des operierenden Fachmanns für jede Behandlung?,"SELECT T1.date_of_treatment ,  T2.first_name FROM Treatments AS T1 JOIN Professionals AS T2 ON T1.professional_id  =  T2.professional_id",False,False,False,"['Treatments', 'Treatment_Types', 'Undergoes']",cross-encoder
Nennen Sie die Kosten jeder Behandlung und die entsprechende Beschreibung der Behandlungsart.,"SELECT T1.cost_of_treatment ,  T2.treatment_type_description FROM Treatments AS T1 JOIN treatment_types AS T2 ON T1.treatment_type_code  =  T2.treatment_type_code",False,False,False,"['Treatments', 'Treatment_Types', 'Undergoes', 'Treatments', 'Treatment_Types', 'Undergoes']",cross-encoder
Wie lauten die Kosten und die Beschreibung der Behandlungsart für jede Behandlung?,"SELECT T1.cost_of_treatment ,  T2.treatment_type_description FROM Treatments AS T1 JOIN treatment_types AS T2 ON T1.treatment_type_code  =  T2.treatment_type_code",False,False,False,"['Treatments', 'Treatment_Types', 'Undergoes', 'Treatments', 'Treatment_Types', 'Undergoes']",cross-encoder
"Geben Sie den Vornamen, den Nachnamen und die Größe ihres oder seines Hundes.","SELECT T1.first_name ,  T1.last_name ,  T2.size_code FROM Owners AS T1 JOIN Dogs AS T2 ON T1.owner_id  =  T2.owner_id",False,False,False,['Sizes'],cross-encoder
"Wie lauten der Vorname, der Nachname und die Größe des Hundes jedes Besitzers?","SELECT T1.first_name ,  T1.last_name ,  T2.size_code FROM Owners AS T1 JOIN Dogs AS T2 ON T1.owner_id  =  T2.owner_id",False,False,False,"['Sizes', 'Owners']",cross-encoder
Listen Sie Paare aus dem Vornamen des Besitzers und dem Namen des Hundes auf.,"SELECT T1.first_name ,  T2.name FROM Owners AS T1 JOIN Dogs AS T2 ON T1.owner_id  =  T2.owner_id",False,False,False,"['list', 'Owners']",cross-encoder
Wie lauten der Vorname jedes Besitzers und der Name des Hundes?,"SELECT T1.first_name ,  T2.name FROM Owners AS T1 JOIN Dogs AS T2 ON T1.owner_id  =  T2.owner_id",True,False,False,['Owners'],cross-encoder
Führen Sie die Namen der Hunde der seltensten Rasse und die Behandlungsdaten der Hunde auf.,"SELECT T1.name ,  T2.date_of_treatment FROM Dogs AS T1 JOIN Treatments AS T2 ON T1.dog_id  =  T2.dog_id WHERE T1.breed_code  =  ( SELECT breed_code FROM Dogs GROUP BY breed_code ORDER BY count(*) ASC LIMIT 1 )",False,False,False,"['Dogs', 'Treatments', 'Undergoes', 'Dogs']",cross-encoder
Welche Hunde gehören der seltensten Rasse an? Geben Sie deren Namen und Behandlungsdaten an.,"SELECT T1.name ,  T2.date_of_treatment FROM Dogs AS T1 JOIN Treatments AS T2 ON T1.dog_id  =  T2.dog_id WHERE T1.breed_code  =  ( SELECT breed_code FROM Dogs GROUP BY breed_code ORDER BY count(*) ASC LIMIT 1 )",False,False,False,"['Dogs', 'Treatments', 'Undergoes']",cross-encoder
"Welche Hunde gehören jemandem, der in Virginia lebt? Geben Sie den Vornamen des Besitzers und den Namen des Hundes an.","SELECT T1.first_name ,  T2.name FROM Owners AS T1 JOIN Dogs AS T2 ON T1.owner_id  =  T2.owner_id WHERE T1.state  =  'Virginia'",False,False,False,"['Dogs', 'Lives_in', 'Owners']",cross-encoder
"Finden Sie die Vornamen der Besitzer, die in Virginia leben, und die Namen der Hunde, die sie besitzen.","SELECT T1.first_name ,  T2.name FROM Owners AS T1 JOIN Dogs AS T2 ON T1.owner_id  =  T2.owner_id WHERE T1.state  =  'Virginia'",False,False,False,"['Owners', 'Lives_in']",cross-encoder
"Was sind das Ankunftsdatum und das Abreisedatum der Hunde, die einer Behandlung unterzogen wurden?","SELECT DISTINCT T1.date_arrived ,  T1.date_departed FROM Dogs AS T1 JOIN Treatments AS T2 ON T1.dog_id  =  T2.dog_id",False,False,False,"['Treatments', 'Treatment_Types', 'Undergoes']",cross-encoder
"Finden Sie das Ankunftsdatum und das Abreisedatum der Hunde, die eine Behandlung erhalten haben.","SELECT DISTINCT T1.date_arrived ,  T1.date_departed FROM Dogs AS T1 JOIN Treatments AS T2 ON T1.dog_id  =  T2.dog_id",False,False,False,"['Treatments', 'Treatment_Types', 'Undergoes']",cross-encoder
Geben Sie den Nachnamen des Besitzers oder der Besitzerin des jüngsten Hundes an.,SELECT T1.last_name FROM Owners AS T1 JOIN Dogs AS T2 ON T1.owner_id  =  T2.owner_id WHERE T2.age  =  ( SELECT max(age) FROM Dogs ),True,False,False,"['Owners', 'Owners']",cross-encoder
"Listen Sie die E-Mails der Fachleute auf, die im Staat Hawaii oder Wisconsin leben.",SELECT email_address FROM Professionals WHERE state  =  'Hawaii' OR state  =  'Wisconsin',False,False,False,"['list', 'Lives_in']",cross-encoder
"Wie lauten die E-Mails von Fachleuten, die entweder im Staat Hawaii oder im Staat Wisconsin leben?",SELECT email_address FROM Professionals WHERE state  =  'Hawaii' OR state  =  'Wisconsin',False,False,False,['Lives_in'],cross-encoder
Geben Sie das Ankunftsdatum und das Abreisedatum für alle Hunde an.,"SELECT date_arrived ,  date_departed FROM Dogs",True,False,False,['Dogs'],cross-encoder
Wie viele Hunde wurden einer Behandlung unterzogen?,SELECT count(DISTINCT dog_id) FROM Treatments,False,False,False,"['Dogs', 'Treatments', 'Treatment_Types', 'Undergoes']",cross-encoder
"Zählen Sie die Anzahl der Hunde, die eine Behandlung durchlaufen haben.",SELECT count(DISTINCT dog_id) FROM Treatments,False,False,False,"['Treatments', 'Treatment_Types', 'Undergoes']",cross-encoder
Wie viele Fachleute haben eine Behandlung von Hunden durchgeführt?,SELECT count(DISTINCT professional_id) FROM Treatments,False,False,False,"['Treatments', 'Treatment_Types', 'Undergoes']",cross-encoder
"Ermitteln Sie die Anzahl der Fachleute, die jemals Hunde behandelt haben.",SELECT count(DISTINCT professional_id) FROM Treatments,False,False,False,['Dogs'],cross-encoder
"Welche Fachleute leben in einer Stadt mit der Teilzeichenfolge ""West""? Führen Sie seine oder ihre Rolle, Straße, Stadt und Bundesland auf.","SELECT role_code ,  street ,  city ,  state FROM professionals WHERE city LIKE '%West%'",False,False,False,"['Lives_in', 'city', 'Roles', 'city', 'state']",cross-encoder
"Finden Sie die Rolle, Straße, Stadt und Staat der Fachleute, die in einer Stadt leben, die eine Teilzeichenfolge ""West"" enthält.","SELECT role_code ,  street ,  city ,  state FROM professionals WHERE city LIKE '%West%'",False,False,False,"['Roles', 'city', 'city', 'Lives_in']",cross-encoder
"Welche Eigentümer leben in dem Staat, dessen Name die Teilzeichenfolge 'North' enthält? Geben Sie seinen Vornamen, Nachnamen und seine E-Mail-Adresse an.","SELECT first_name ,  last_name ,  email_address FROM Owners WHERE state LIKE '%North%'",False,False,False,['Lives_in'],cross-encoder
"Geben Sie Vorname, Nachname und E-Mail der Eigentümer an, die in einem Staat leben, dessen Name die Teilzeichenfolge 'North' enthält.","SELECT first_name ,  last_name ,  email_address FROM Owners WHERE state LIKE '%North%'",False,False,False,['Lives_in'],cross-encoder
Wie viele Hunde haben ein Alter unter dem Durchschnitt?,SELECT count(*) FROM Dogs WHERE age  <  ( SELECT avg(age) FROM Dogs ),True,False,False,['Dogs'],cross-encoder
Wie viel kostet die zuletzte Behandlung?,SELECT cost_of_treatment FROM Treatments ORDER BY date_of_treatment DESC LIMIT 1,False,False,False,"['Treatments', 'Treatment_Types', 'Undergoes']",cross-encoder
Zeigen Sie mir die Kosten der in letzter Zeit durchgeführten Behandlung.,SELECT cost_of_treatment FROM Treatments ORDER BY date_of_treatment DESC LIMIT 1,False,False,False,"['Treatments', 'Treatment_Types', 'Undergoes']",cross-encoder
Wie viele Hunde haben keine Behandlung erhalten?,SELECT count(*) FROM Dogs WHERE dog_id NOT IN ( SELECT dog_id FROM Treatments ),False,False,False,"['Dogs', 'Treatments', 'Treatment_Types', 'Undergoes']",cross-encoder
"Sagen Sie mir die Anzahl der Hunde, die keine Behandlung erhalten haben.",select count(*) from dogs where dog_id not in ( select dog_id from treatments ),False,False,False,"['Treatments', 'Treatment_Types', 'Undergoes']",cross-encoder
Wie viele Besitzer haben vorübergehend keine Hunde?,SELECT count(*) FROM Owners WHERE owner_id NOT IN ( SELECT owner_id FROM Dogs ),True,False,False,['Owners'],cross-encoder
"Finden Sie die Anzahl der Besitzer, die zur Zeit keine Hunde besitzen.",SELECT count(*) FROM Owners WHERE owner_id NOT IN ( SELECT owner_id FROM Dogs ),True,False,False,"['Owners', 'Dogs']",cross-encoder
Wie viele Fachleute haben keine Behandlung von Hunden durchgeführt?,SELECT count(*) FROM Professionals WHERE professional_id NOT IN ( SELECT professional_id FROM Treatments ),False,False,False,"['Treatments', 'Treatment_Types', 'Undergoes']",cross-encoder
"Finden Sie die Zahl der Fachleute, die keine Hunde behandelt haben.",SELECT count(*) FROM Professionals WHERE professional_id NOT IN ( SELECT professional_id FROM Treatments ),False,False,False,['Dogs'],cross-encoder
"Geben Sie die Namen, die Alter und die Gewichte der Hunde an, die ausgesetzt wurden? 1 steht für ja, und 0 steht für nein.","SELECT name ,  age ,  weight FROM Dogs WHERE abandoned_yn  =  1",True,False,False,['Dogs'],cross-encoder
Berechnen Sie das Durchschnittsalter aller Hunde.,SELECT avg(age) FROM Dogs,True,False,False,['Dogs'],cross-encoder
Wie viel kostet jede Gebührenart? Geben Sie sowohl die Art als auch den Betrag der Gebühr an.,"SELECT charge_type ,  charge_amount FROM Charges",True,False,False,['Charges'],cross-encoder
Finden Sie die verschiedenen Rassentyp- und Größentyp-Kombinationen für Hunde.,"SELECT DISTINCT breed_code ,  size_code FROM dogs",True,False,False,['Dogs'],cross-encoder
"Nennen Sie die Vornamen aller Fachleute, zusammen mit der Beschreibung der Behandlung, die sie durchgeführt haben.","SELECT DISTINCT T1.first_name ,  T3.treatment_type_description FROM professionals AS T1 JOIN Treatments AS T2 ON T1.professional_id  =  T2.professional_id JOIN Treatment_types AS T3 ON T2.treatment_type_code  =  T3.treatment_type_code",False,False,False,"['Treatments', 'Treatment_Types', 'Undergoes']",cross-encoder
"Wie lauten der Vorname und die Beschreibung der Behandlung, die jeder Fachmann durchgeführt hat?","SELECT DISTINCT T1.first_name ,  T3.treatment_type_description FROM professionals AS T1 JOIN Treatments AS T2 ON T1.professional_id  =  T2.professional_id JOIN Treatment_types AS T3 ON T2.treatment_type_code  =  T3.treatment_type_code",False,False,False,"['Treatments', 'Treatment_Types', 'Undergoes']",cross-encoder
Wie viele Sängerinnen und Sänger gibt es?,SELECT count(*) FROM singer,True,False,False,['singer'],cross-encoder
Was sind die Anzahlen der Sängerinnen und Sänger?,SELECT count(*) FROM singer,True,False,False,['singer'],cross-encoder
Führen Sie die Namen der Sängerinnen und Sänger in aufsteigender Reihenfolge ihres Nettowerts auf.,SELECT Name FROM singer ORDER BY Net_Worth_Millions ASC,True,False,False,['singer'],cross-encoder
Wie lauten die Namen der Sängerinnen und Sänger in aufsteigender Reihenfolge ihres Nettowerts?,SELECT Name FROM singer ORDER BY Net_Worth_Millions ASC,True,False,False,['singer'],cross-encoder
Welches Geburtsjahr und welche Staatsbürgerschaft haben die Sängerinnen und Sänger?,"SELECT Birth_Year ,  Citizenship FROM singer",True,False,False,['singer'],cross-encoder
Was sind das Geburtsjahr und die Staatsbürgerschaft der Sängerinnen und Sänger?,"SELECT Birth_Year ,  Citizenship FROM singer",True,False,False,['singer'],cross-encoder
"Führen Sie die Namen der Sängerinnen und Sänger auf, deren Staatsbürgerschaft nicht ""Frankreich"" lautet.","SELECT Name FROM singer WHERE Citizenship != ""France""",True,False,False,['singer'],cross-encoder
"Wie lauten die Namen der Sängerinnen und Sänger, die keine französische Staatsbürgerschaft haben?","SELECT Name FROM singer WHERE Citizenship != ""France""",True,False,False,['singer'],cross-encoder
"Zeigen Sie die Namen der Sängerinnen und Sänger an, deren Geburtsjahr 1948 oder 1949 ist?",SELECT Name FROM singer WHERE Birth_Year  =  1948 OR Birth_Year  =  1949,True,False,False,['singer'],cross-encoder
"Wie lauten die Namen der Sängerinnen und Sänger, deren Geburtsjahr entweder 1948 oder 1949 ist?",SELECT Name FROM singer WHERE Birth_Year  =  1948 OR Birth_Year  =  1949,True,False,False,['singer'],cross-encoder
Wie lautet der Name der Sängerin oder des Sängers mit dem größten Nettowert?,SELECT Name FROM singer ORDER BY Net_Worth_Millions DESC LIMIT 1,True,False,False,['singer'],cross-encoder
"Wie heißt die Sängerin oder der Sänger, die oder der am meisten wert ist?",SELECT Name FROM singer ORDER BY Net_Worth_Millions DESC LIMIT 1,True,False,False,['singer'],cross-encoder
Zeigen Sie die unterschiedliche Staatsbürgerschaften der Sänger und die Anzahl der Sänger jeder Staatsbürgerschaft an.,"SELECT Citizenship ,  COUNT(*) FROM singer GROUP BY Citizenship",True,False,False,"['singer', 'singer']",cross-encoder
Wie viele Sängerinnen und Sänger kommen für jede Staatsbürgerschaft aus diesem Land?,"SELECT Citizenship ,  COUNT(*) FROM singer GROUP BY Citizenship",False,False,False,"['singer', 'country', 'countries']",cross-encoder
Bitte geben Sie die häufigste Staatsbürgerschaft der Sängerinnen und Sänger an.,SELECT Citizenship FROM singer GROUP BY Citizenship ORDER BY COUNT(*) DESC LIMIT 1,True,False,False,['singer'],cross-encoder
Welche ist die häufigste Staatsbürgerschaft von Sängern ?,select citizenship from singer group by citizenship order by count(*) desc limit 1,True,False,False,['singer'],cross-encoder
Zeigen Sie verschiedene Staatsbürgerschaften und den maximalen Nettowert der Sänger jeder Staatsbürgerschaft an.,"SELECT Citizenship ,  max(Net_Worth_Millions) FROM singer GROUP BY Citizenship",True,False,False,['singer'],cross-encoder
Zeigen Sie die Titel der Lieder und die Namen der Sängerinnen und Sänger an.,"SELECT T2.Title ,  T1.Name FROM singer AS T1 JOIN song AS T2 ON T1.Singer_ID  =  T2.Singer_ID",False,False,False,"['song', 'Songs', 'singer']",cross-encoder
Wie lauten die Titel der Lieder und die Namen der Sängerinnen und Sänger?,"SELECT T2.Title ,  T1.Name FROM singer AS T1 JOIN song AS T2 ON T1.Singer_ID  =  T2.Singer_ID",False,False,False,"['song', 'Songs', 'singer']",cross-encoder
"Zeigen Sie unterschiedliche Namen von Sängern an, deren Lieder mehr als 300000 verkauft worden sind.",SELECT DISTINCT T1.Name FROM singer AS T1 JOIN song AS T2 ON T1.Singer_ID  =  T2.Singer_ID WHERE T2.Sales  >  300000,False,False,False,"['singer', 'song', 'Songs', 'Sales']",cross-encoder
"Wie lauten die verschiedenen Namen der Sänger, die mehr als 300000 verkaufte Lieder haben?",SELECT DISTINCT T1.Name FROM singer AS T1 JOIN song AS T2 ON T1.Singer_ID  =  T2.Singer_ID WHERE T2.Sales  >  300000,False,False,False,"['singer', 'Sales', 'song', 'Songs']",cross-encoder
"Zeigen Sie die Namen der Sängerinnen und Sänger, die mehr als ein Lied haben.",SELECT T1.Name FROM singer AS T1 JOIN song AS T2 ON T1.Singer_ID  =  T2.Singer_ID GROUP BY T1.Name HAVING COUNT(*)  >  1,False,False,False,"['singer', 'song', 'Songs']",cross-encoder
"Wie lauten die Namen der Sängerinnen und Sänger, die mehr als ein Lied haben?",SELECT T1.Name FROM singer AS T1 JOIN song AS T2 ON T1.Singer_ID  =  T2.Singer_ID GROUP BY T1.Name HAVING COUNT(*)  >  1,False,False,False,"['singer', 'song', 'Songs']",cross-encoder
Zeigen Sie die Namen der Sängerinnen und Sänger und die Gesamtverkäufe ihrer Lieder an.,"SELECT T1.Name ,  sum(T2.Sales) FROM singer AS T1 JOIN song AS T2 ON T1.Singer_ID  =  T2.Singer_ID GROUP BY T1.Name",False,False,False,"['singer', 'song', 'Songs']",cross-encoder
Wie hoch sind die Gesamtverkäufe der Lieder der einzelnen Sängerinnen und Sänger?,"SELECT T1.Name ,  sum(T2.Sales) FROM singer AS T1 JOIN song AS T2 ON T1.Singer_ID  =  T2.Singer_ID GROUP BY T1.Name",False,False,False,"['song', 'Songs', 'singer']",cross-encoder
"Geben Sie die Namen der Sängerinnen und Sänger an, die kein Lied haben.",SELECT Name FROM singer WHERE Singer_ID NOT IN (SELECT Singer_ID FROM song),False,False,False,"['singer', 'song', 'Songs']",cross-encoder
"Wie lauten die Namen aller Sängerinnen und Sänger, die kein Lied haben?",SELECT Name FROM singer WHERE Singer_ID NOT IN (SELECT Singer_ID FROM song),False,False,False,"['singer', 'song', 'Songs']",cross-encoder
Zeigen Sie die gemeinsame Staatsbürgerschaft von Sängern mit Geburtsjahr vor 1945 und nach 1955.,SELECT Citizenship FROM singer WHERE Birth_Year  <  1945 INTERSECT SELECT Citizenship FROM singer WHERE Birth_Year  >  1955,True,False,False,['singer'],cross-encoder
Welche Staatsbürgerschaft haben Sängerinnen und Sänger mit einem Geburtsjahr vor 1945 und nach 1955?,SELECT Citizenship FROM singer WHERE Birth_Year  <  1945 INTERSECT SELECT Citizenship FROM singer WHERE Birth_Year  >  1955,True,False,False,['singer'],cross-encoder
Zeigen Sie die Beschreibungen der Immobilientypen der zu diesem Code gehörenden Immobilien an.,SELECT T2.property_type_description FROM Properties AS T1 JOIN Ref_Property_Types AS T2 ON T1.property_type_code  =  T2.property_type_code GROUP BY T1.property_type_code,True,False,False,['Properties'],cross-encoder
"Wie lauten die Namen von Immolibien, bei denen es sich entweder um Häuser oder Wohnungen mit mehr als 1 Zimmer handelt?","SELECT property_name FROM Properties WHERE property_type_code  =  ""House"" UNION SELECT property_name FROM Properties WHERE property_type_code  =  ""Apartment"" AND room_count  >  1",False,False,False,"['Apartments', 'Room']",cross-encoder
